[0.164s] DEBUG:colcon:Command line arguments: ['/usr/bin/colcon', 'build']
[0.164s] DEBUG:colcon:Parsed command line arguments: Namespace(log_base=None, log_level=None, verb_name='build', build_base='build', install_base='install', merge_install=False, symlink_install=False, test_result_base=None, continue_on_error=False, executor='parallel', parallel_workers=4, event_handlers=None, ignore_user_meta=False, metas=['./colcon.meta'], base_paths=['.'], packages_ignore=None, packages_ignore_regex=None, paths=None, packages_up_to=None, packages_up_to_regex=None, packages_above=None, packages_above_and_dependencies=None, packages_above_depth=None, packages_select_by_dep=None, packages_skip_by_dep=None, packages_skip_up_to=None, packages_select_build_failed=False, packages_skip_build_finished=False, packages_select_test_failures=False, packages_skip_test_passed=False, packages_select=None, packages_skip=None, packages_select_regex=None, packages_skip_regex=None, packages_start=None, packages_end=None, cmake_args=None, cmake_target=None, cmake_target_skip_unavailable=False, cmake_clean_cache=False, cmake_clean_first=False, cmake_force_configure=False, ament_cmake_args=None, catkin_cmake_args=None, catkin_skip_building_tests=False, mixin_files=None, mixin=None, verb_parser=<colcon_mixin.mixin.mixin_argument.MixinArgumentDecorator object at 0xffffb2789e80>, verb_extension=<colcon_core.verb.build.BuildVerb object at 0xffffb2975d30>, main=<bound method BuildVerb.main of <colcon_core.verb.build.BuildVerb object at 0xffffb2975d30>>, mixin_verb=('build',))
[0.224s] Level 1:colcon.colcon_core.package_discovery:discover_packages(colcon_meta) check parameters
[0.225s] Level 1:colcon.colcon_core.package_discovery:discover_packages(recursive) check parameters
[0.225s] Level 1:colcon.colcon_core.package_discovery:discover_packages(ignore) check parameters
[0.225s] Level 1:colcon.colcon_core.package_discovery:discover_packages(path) check parameters
[0.225s] Level 1:colcon.colcon_core.package_discovery:discover_packages(colcon_meta) discover
[0.225s] Level 1:colcon.colcon_core.package_discovery:discover_packages(recursive) discover
[0.225s] INFO:colcon.colcon_core.package_discovery:Crawling recursively for packages in '/home/racecar/ros2_ws/src/Team10_GROS5'
[0.225s] Level 1:colcon.colcon_core.package_identification:_identify(.) by extensions ['ignore', 'ignore_ament_install']
[0.225s] Level 1:colcon.colcon_core.package_identification:_identify(.) by extension 'ignore'
[0.225s] Level 1:colcon.colcon_core.package_identification:_identify(.) by extension 'ignore_ament_install'
[0.225s] Level 1:colcon.colcon_core.package_identification:_identify(.) by extensions ['colcon_pkg']
[0.225s] Level 1:colcon.colcon_core.package_identification:_identify(.) by extension 'colcon_pkg'
[0.226s] Level 1:colcon.colcon_core.package_identification:_identify(.) by extensions ['colcon_meta']
[0.226s] Level 1:colcon.colcon_core.package_identification:_identify(.) by extension 'colcon_meta'
[0.226s] Level 1:colcon.colcon_core.package_identification:_identify(.) by extensions ['ros']
[0.226s] Level 1:colcon.colcon_core.package_identification:_identify(.) by extension 'ros'
[0.265s] Level 1:colcon.colcon_core.package_identification:_identify(.) by extensions ['cmake', 'python']
[0.265s] Level 1:colcon.colcon_core.package_identification:_identify(.) by extension 'cmake'
[0.265s] Level 1:colcon.colcon_core.package_identification:_identify(.) by extension 'python'
[0.265s] Level 1:colcon.colcon_core.package_identification:_identify(.) by extensions ['python_setup_py']
[0.265s] Level 1:colcon.colcon_core.package_identification:_identify(.) by extension 'python_setup_py'
[0.265s] Level 1:colcon.colcon_core.package_identification:_identify(build) by extensions ['ignore', 'ignore_ament_install']
[0.265s] Level 1:colcon.colcon_core.package_identification:_identify(build) by extension 'ignore'
[0.265s] Level 1:colcon.colcon_core.package_identification:_identify(build) ignored
[0.265s] Level 1:colcon.colcon_core.package_identification:_identify(install) by extensions ['ignore', 'ignore_ament_install']
[0.266s] Level 1:colcon.colcon_core.package_identification:_identify(install) by extension 'ignore'
[0.266s] Level 1:colcon.colcon_core.package_identification:_identify(install) ignored
[0.266s] Level 1:colcon.colcon_core.package_identification:_identify(log) by extensions ['ignore', 'ignore_ament_install']
[0.266s] Level 1:colcon.colcon_core.package_identification:_identify(log) by extension 'ignore'
[0.266s] Level 1:colcon.colcon_core.package_identification:_identify(log) ignored
[0.266s] Level 1:colcon.colcon_core.package_identification:_identify(racecar-ros2) by extensions ['ignore', 'ignore_ament_install']
[0.266s] Level 1:colcon.colcon_core.package_identification:_identify(racecar-ros2) by extension 'ignore'
[0.266s] Level 1:colcon.colcon_core.package_identification:_identify(racecar-ros2) by extension 'ignore_ament_install'
[0.266s] Level 1:colcon.colcon_core.package_identification:_identify(racecar-ros2) by extensions ['colcon_pkg']
[0.266s] Level 1:colcon.colcon_core.package_identification:_identify(racecar-ros2) by extension 'colcon_pkg'
[0.266s] Level 1:colcon.colcon_core.package_identification:_identify(racecar-ros2) by extensions ['colcon_meta']
[0.266s] Level 1:colcon.colcon_core.package_identification:_identify(racecar-ros2) by extension 'colcon_meta'
[0.266s] Level 1:colcon.colcon_core.package_identification:_identify(racecar-ros2) by extensions ['ros']
[0.266s] Level 1:colcon.colcon_core.package_identification:_identify(racecar-ros2) by extension 'ros'
[0.266s] Level 1:colcon.colcon_core.package_identification:_identify(racecar-ros2) by extensions ['cmake', 'python']
[0.266s] Level 1:colcon.colcon_core.package_identification:_identify(racecar-ros2) by extension 'cmake'
[0.266s] Level 1:colcon.colcon_core.package_identification:_identify(racecar-ros2) by extension 'python'
[0.267s] Level 1:colcon.colcon_core.package_identification:_identify(racecar-ros2) by extensions ['python_setup_py']
[0.267s] Level 1:colcon.colcon_core.package_identification:_identify(racecar-ros2) by extension 'python_setup_py'
[0.267s] Level 1:colcon.colcon_core.package_identification:_identify(racecar-ros2/doc) by extensions ['ignore', 'ignore_ament_install']
[0.267s] Level 1:colcon.colcon_core.package_identification:_identify(racecar-ros2/doc) by extension 'ignore'
[0.267s] Level 1:colcon.colcon_core.package_identification:_identify(racecar-ros2/doc) by extension 'ignore_ament_install'
[0.267s] Level 1:colcon.colcon_core.package_identification:_identify(racecar-ros2/doc) by extensions ['colcon_pkg']
[0.267s] Level 1:colcon.colcon_core.package_identification:_identify(racecar-ros2/doc) by extension 'colcon_pkg'
[0.267s] Level 1:colcon.colcon_core.package_identification:_identify(racecar-ros2/doc) by extensions ['colcon_meta']
[0.267s] Level 1:colcon.colcon_core.package_identification:_identify(racecar-ros2/doc) by extension 'colcon_meta'
[0.267s] Level 1:colcon.colcon_core.package_identification:_identify(racecar-ros2/doc) by extensions ['ros']
[0.267s] Level 1:colcon.colcon_core.package_identification:_identify(racecar-ros2/doc) by extension 'ros'
[0.267s] Level 1:colcon.colcon_core.package_identification:_identify(racecar-ros2/doc) by extensions ['cmake', 'python']
[0.267s] Level 1:colcon.colcon_core.package_identification:_identify(racecar-ros2/doc) by extension 'cmake'
[0.267s] Level 1:colcon.colcon_core.package_identification:_identify(racecar-ros2/doc) by extension 'python'
[0.267s] Level 1:colcon.colcon_core.package_identification:_identify(racecar-ros2/doc) by extensions ['python_setup_py']
[0.267s] Level 1:colcon.colcon_core.package_identification:_identify(racecar-ros2/doc) by extension 'python_setup_py'
[0.267s] Level 1:colcon.colcon_core.package_identification:_identify(racecar-ros2/images) by extensions ['ignore', 'ignore_ament_install']
[0.267s] Level 1:colcon.colcon_core.package_identification:_identify(racecar-ros2/images) by extension 'ignore'
[0.268s] Level 1:colcon.colcon_core.package_identification:_identify(racecar-ros2/images) by extension 'ignore_ament_install'
[0.268s] Level 1:colcon.colcon_core.package_identification:_identify(racecar-ros2/images) by extensions ['colcon_pkg']
[0.268s] Level 1:colcon.colcon_core.package_identification:_identify(racecar-ros2/images) by extension 'colcon_pkg'
[0.268s] Level 1:colcon.colcon_core.package_identification:_identify(racecar-ros2/images) by extensions ['colcon_meta']
[0.268s] Level 1:colcon.colcon_core.package_identification:_identify(racecar-ros2/images) by extension 'colcon_meta'
[0.268s] Level 1:colcon.colcon_core.package_identification:_identify(racecar-ros2/images) by extensions ['ros']
[0.268s] Level 1:colcon.colcon_core.package_identification:_identify(racecar-ros2/images) by extension 'ros'
[0.268s] Level 1:colcon.colcon_core.package_identification:_identify(racecar-ros2/images) by extensions ['cmake', 'python']
[0.268s] Level 1:colcon.colcon_core.package_identification:_identify(racecar-ros2/images) by extension 'cmake'
[0.268s] Level 1:colcon.colcon_core.package_identification:_identify(racecar-ros2/images) by extension 'python'
[0.268s] Level 1:colcon.colcon_core.package_identification:_identify(racecar-ros2/images) by extensions ['python_setup_py']
[0.268s] Level 1:colcon.colcon_core.package_identification:_identify(racecar-ros2/images) by extension 'python_setup_py'
[0.268s] Level 1:colcon.colcon_core.package_identification:_identify(racecar-ros2/racecar_arduino) by extensions ['ignore', 'ignore_ament_install']
[0.268s] Level 1:colcon.colcon_core.package_identification:_identify(racecar-ros2/racecar_arduino) by extension 'ignore'
[0.268s] Level 1:colcon.colcon_core.package_identification:_identify(racecar-ros2/racecar_arduino) by extension 'ignore_ament_install'
[0.268s] Level 1:colcon.colcon_core.package_identification:_identify(racecar-ros2/racecar_arduino) by extensions ['colcon_pkg']
[0.268s] Level 1:colcon.colcon_core.package_identification:_identify(racecar-ros2/racecar_arduino) by extension 'colcon_pkg'
[0.268s] Level 1:colcon.colcon_core.package_identification:_identify(racecar-ros2/racecar_arduino) by extensions ['colcon_meta']
[0.268s] Level 1:colcon.colcon_core.package_identification:_identify(racecar-ros2/racecar_arduino) by extension 'colcon_meta'
[0.268s] Level 1:colcon.colcon_core.package_identification:_identify(racecar-ros2/racecar_arduino) by extensions ['ros']
[0.268s] Level 1:colcon.colcon_core.package_identification:_identify(racecar-ros2/racecar_arduino) by extension 'ros'
[0.268s] Level 1:colcon.colcon_core.package_identification:_identify(racecar-ros2/racecar_arduino) by extensions ['cmake', 'python']
[0.269s] Level 1:colcon.colcon_core.package_identification:_identify(racecar-ros2/racecar_arduino) by extension 'cmake'
[0.269s] Level 1:colcon.colcon_core.package_identification:_identify(racecar-ros2/racecar_arduino) by extension 'python'
[0.269s] Level 1:colcon.colcon_core.package_identification:_identify(racecar-ros2/racecar_arduino) by extensions ['python_setup_py']
[0.269s] Level 1:colcon.colcon_core.package_identification:_identify(racecar-ros2/racecar_arduino) by extension 'python_setup_py'
[0.269s] Level 1:colcon.colcon_core.package_identification:_identify(racecar-ros2/racecar_arduino/Controller) by extensions ['ignore', 'ignore_ament_install']
[0.269s] Level 1:colcon.colcon_core.package_identification:_identify(racecar-ros2/racecar_arduino/Controller) by extension 'ignore'
[0.269s] Level 1:colcon.colcon_core.package_identification:_identify(racecar-ros2/racecar_arduino/Controller) by extension 'ignore_ament_install'
[0.269s] Level 1:colcon.colcon_core.package_identification:_identify(racecar-ros2/racecar_arduino/Controller) by extensions ['colcon_pkg']
[0.269s] Level 1:colcon.colcon_core.package_identification:_identify(racecar-ros2/racecar_arduino/Controller) by extension 'colcon_pkg'
[0.269s] Level 1:colcon.colcon_core.package_identification:_identify(racecar-ros2/racecar_arduino/Controller) by extensions ['colcon_meta']
[0.269s] Level 1:colcon.colcon_core.package_identification:_identify(racecar-ros2/racecar_arduino/Controller) by extension 'colcon_meta'
[0.269s] Level 1:colcon.colcon_core.package_identification:_identify(racecar-ros2/racecar_arduino/Controller) by extensions ['ros']
[0.269s] Level 1:colcon.colcon_core.package_identification:_identify(racecar-ros2/racecar_arduino/Controller) by extension 'ros'
[0.269s] Level 1:colcon.colcon_core.package_identification:_identify(racecar-ros2/racecar_arduino/Controller) by extensions ['cmake', 'python']
[0.269s] Level 1:colcon.colcon_core.package_identification:_identify(racecar-ros2/racecar_arduino/Controller) by extension 'cmake'
[0.269s] Level 1:colcon.colcon_core.package_identification:_identify(racecar-ros2/racecar_arduino/Controller) by extension 'python'
[0.269s] Level 1:colcon.colcon_core.package_identification:_identify(racecar-ros2/racecar_arduino/Controller) by extensions ['python_setup_py']
[0.269s] Level 1:colcon.colcon_core.package_identification:_identify(racecar-ros2/racecar_arduino/Controller) by extension 'python_setup_py'
[0.269s] Level 1:colcon.colcon_core.package_identification:_identify(racecar-ros2/racecar_arduino/Controller/include) by extensions ['ignore', 'ignore_ament_install']
[0.270s] Level 1:colcon.colcon_core.package_identification:_identify(racecar-ros2/racecar_arduino/Controller/include) by extension 'ignore'
[0.270s] Level 1:colcon.colcon_core.package_identification:_identify(racecar-ros2/racecar_arduino/Controller/include) by extension 'ignore_ament_install'
[0.270s] Level 1:colcon.colcon_core.package_identification:_identify(racecar-ros2/racecar_arduino/Controller/include) by extensions ['colcon_pkg']
[0.270s] Level 1:colcon.colcon_core.package_identification:_identify(racecar-ros2/racecar_arduino/Controller/include) by extension 'colcon_pkg'
[0.270s] Level 1:colcon.colcon_core.package_identification:_identify(racecar-ros2/racecar_arduino/Controller/include) by extensions ['colcon_meta']
[0.270s] Level 1:colcon.colcon_core.package_identification:_identify(racecar-ros2/racecar_arduino/Controller/include) by extension 'colcon_meta'
[0.270s] Level 1:colcon.colcon_core.package_identification:_identify(racecar-ros2/racecar_arduino/Controller/include) by extensions ['ros']
[0.270s] Level 1:colcon.colcon_core.package_identification:_identify(racecar-ros2/racecar_arduino/Controller/include) by extension 'ros'
[0.270s] Level 1:colcon.colcon_core.package_identification:_identify(racecar-ros2/racecar_arduino/Controller/include) by extensions ['cmake', 'python']
[0.270s] Level 1:colcon.colcon_core.package_identification:_identify(racecar-ros2/racecar_arduino/Controller/include) by extension 'cmake'
[0.270s] Level 1:colcon.colcon_core.package_identification:_identify(racecar-ros2/racecar_arduino/Controller/include) by extension 'python'
[0.270s] Level 1:colcon.colcon_core.package_identification:_identify(racecar-ros2/racecar_arduino/Controller/include) by extensions ['python_setup_py']
[0.270s] Level 1:colcon.colcon_core.package_identification:_identify(racecar-ros2/racecar_arduino/Controller/include) by extension 'python_setup_py'
[0.270s] Level 1:colcon.colcon_core.package_identification:_identify(racecar-ros2/racecar_arduino/Controller/src) by extensions ['ignore', 'ignore_ament_install']
[0.270s] Level 1:colcon.colcon_core.package_identification:_identify(racecar-ros2/racecar_arduino/Controller/src) by extension 'ignore'
[0.270s] Level 1:colcon.colcon_core.package_identification:_identify(racecar-ros2/racecar_arduino/Controller/src) by extension 'ignore_ament_install'
[0.271s] Level 1:colcon.colcon_core.package_identification:_identify(racecar-ros2/racecar_arduino/Controller/src) by extensions ['colcon_pkg']
[0.271s] Level 1:colcon.colcon_core.package_identification:_identify(racecar-ros2/racecar_arduino/Controller/src) by extension 'colcon_pkg'
[0.271s] Level 1:colcon.colcon_core.package_identification:_identify(racecar-ros2/racecar_arduino/Controller/src) by extensions ['colcon_meta']
[0.271s] Level 1:colcon.colcon_core.package_identification:_identify(racecar-ros2/racecar_arduino/Controller/src) by extension 'colcon_meta'
[0.271s] Level 1:colcon.colcon_core.package_identification:_identify(racecar-ros2/racecar_arduino/Controller/src) by extensions ['ros']
[0.271s] Level 1:colcon.colcon_core.package_identification:_identify(racecar-ros2/racecar_arduino/Controller/src) by extension 'ros'
[0.271s] Level 1:colcon.colcon_core.package_identification:_identify(racecar-ros2/racecar_arduino/Controller/src) by extensions ['cmake', 'python']
[0.271s] Level 1:colcon.colcon_core.package_identification:_identify(racecar-ros2/racecar_arduino/Controller/src) by extension 'cmake'
[0.271s] Level 1:colcon.colcon_core.package_identification:_identify(racecar-ros2/racecar_arduino/Controller/src) by extension 'python'
[0.271s] Level 1:colcon.colcon_core.package_identification:_identify(racecar-ros2/racecar_arduino/Controller/src) by extensions ['python_setup_py']
[0.271s] Level 1:colcon.colcon_core.package_identification:_identify(racecar-ros2/racecar_arduino/Controller/src) by extension 'python_setup_py'
[0.271s] Level 1:colcon.colcon_core.package_identification:_identify(racecar-ros2/racecar_autopilot) by extensions ['ignore', 'ignore_ament_install']
[0.271s] Level 1:colcon.colcon_core.package_identification:_identify(racecar-ros2/racecar_autopilot) by extension 'ignore'
[0.271s] Level 1:colcon.colcon_core.package_identification:_identify(racecar-ros2/racecar_autopilot) by extension 'ignore_ament_install'
[0.271s] Level 1:colcon.colcon_core.package_identification:_identify(racecar-ros2/racecar_autopilot) by extensions ['colcon_pkg']
[0.271s] Level 1:colcon.colcon_core.package_identification:_identify(racecar-ros2/racecar_autopilot) by extension 'colcon_pkg'
[0.271s] Level 1:colcon.colcon_core.package_identification:_identify(racecar-ros2/racecar_autopilot) by extensions ['colcon_meta']
[0.271s] Level 1:colcon.colcon_core.package_identification:_identify(racecar-ros2/racecar_autopilot) by extension 'colcon_meta'
[0.271s] Level 1:colcon.colcon_core.package_identification:_identify(racecar-ros2/racecar_autopilot) by extensions ['ros']
[0.271s] Level 1:colcon.colcon_core.package_identification:_identify(racecar-ros2/racecar_autopilot) by extension 'ros'
[0.275s] DEBUG:colcon.colcon_core.package_identification:Package 'racecar-ros2/racecar_autopilot' with type 'ros.ament_python' and name 'racecar_autopilot'
[0.275s] Level 1:colcon.colcon_core.package_identification:_identify(racecar-ros2/racecar_beacon) by extensions ['ignore', 'ignore_ament_install']
[0.275s] Level 1:colcon.colcon_core.package_identification:_identify(racecar-ros2/racecar_beacon) by extension 'ignore'
[0.275s] Level 1:colcon.colcon_core.package_identification:_identify(racecar-ros2/racecar_beacon) by extension 'ignore_ament_install'
[0.275s] Level 1:colcon.colcon_core.package_identification:_identify(racecar-ros2/racecar_beacon) by extensions ['colcon_pkg']
[0.275s] Level 1:colcon.colcon_core.package_identification:_identify(racecar-ros2/racecar_beacon) by extension 'colcon_pkg'
[0.275s] Level 1:colcon.colcon_core.package_identification:_identify(racecar-ros2/racecar_beacon) by extensions ['colcon_meta']
[0.275s] Level 1:colcon.colcon_core.package_identification:_identify(racecar-ros2/racecar_beacon) by extension 'colcon_meta'
[0.275s] Level 1:colcon.colcon_core.package_identification:_identify(racecar-ros2/racecar_beacon) by extensions ['ros']
[0.275s] Level 1:colcon.colcon_core.package_identification:_identify(racecar-ros2/racecar_beacon) by extension 'ros'
[0.276s] DEBUG:colcon.colcon_core.package_identification:Package 'racecar-ros2/racecar_beacon' with type 'ros.ament_python' and name 'racecar_beacon'
[0.276s] Level 1:colcon.colcon_core.package_identification:_identify(racecar-ros2/racecar_behaviors) by extensions ['ignore', 'ignore_ament_install']
[0.276s] Level 1:colcon.colcon_core.package_identification:_identify(racecar-ros2/racecar_behaviors) by extension 'ignore'
[0.276s] Level 1:colcon.colcon_core.package_identification:_identify(racecar-ros2/racecar_behaviors) by extension 'ignore_ament_install'
[0.276s] Level 1:colcon.colcon_core.package_identification:_identify(racecar-ros2/racecar_behaviors) by extensions ['colcon_pkg']
[0.276s] Level 1:colcon.colcon_core.package_identification:_identify(racecar-ros2/racecar_behaviors) by extension 'colcon_pkg'
[0.276s] Level 1:colcon.colcon_core.package_identification:_identify(racecar-ros2/racecar_behaviors) by extensions ['colcon_meta']
[0.276s] Level 1:colcon.colcon_core.package_identification:_identify(racecar-ros2/racecar_behaviors) by extension 'colcon_meta'
[0.276s] Level 1:colcon.colcon_core.package_identification:_identify(racecar-ros2/racecar_behaviors) by extensions ['ros']
[0.276s] Level 1:colcon.colcon_core.package_identification:_identify(racecar-ros2/racecar_behaviors) by extension 'ros'
[0.278s] DEBUG:colcon.colcon_core.package_identification:Package 'racecar-ros2/racecar_behaviors' with type 'ros.ament_python' and name 'racecar_behaviors'
[0.278s] Level 1:colcon.colcon_core.package_identification:_identify(racecar-ros2/racecar_bringup) by extensions ['ignore', 'ignore_ament_install']
[0.278s] Level 1:colcon.colcon_core.package_identification:_identify(racecar-ros2/racecar_bringup) by extension 'ignore'
[0.278s] Level 1:colcon.colcon_core.package_identification:_identify(racecar-ros2/racecar_bringup) by extension 'ignore_ament_install'
[0.278s] Level 1:colcon.colcon_core.package_identification:_identify(racecar-ros2/racecar_bringup) by extensions ['colcon_pkg']
[0.278s] Level 1:colcon.colcon_core.package_identification:_identify(racecar-ros2/racecar_bringup) by extension 'colcon_pkg'
[0.278s] Level 1:colcon.colcon_core.package_identification:_identify(racecar-ros2/racecar_bringup) by extensions ['colcon_meta']
[0.278s] Level 1:colcon.colcon_core.package_identification:_identify(racecar-ros2/racecar_bringup) by extension 'colcon_meta'
[0.278s] Level 1:colcon.colcon_core.package_identification:_identify(racecar-ros2/racecar_bringup) by extensions ['ros']
[0.278s] Level 1:colcon.colcon_core.package_identification:_identify(racecar-ros2/racecar_bringup) by extension 'ros'
[0.279s] DEBUG:colcon.colcon_core.package_identification:Package 'racecar-ros2/racecar_bringup' with type 'ros.ament_python' and name 'racecar_bringup'
[0.279s] Level 1:colcon.colcon_core.package_identification:_identify(racecar-ros2/racecar_description) by extensions ['ignore', 'ignore_ament_install']
[0.279s] Level 1:colcon.colcon_core.package_identification:_identify(racecar-ros2/racecar_description) by extension 'ignore'
[0.279s] Level 1:colcon.colcon_core.package_identification:_identify(racecar-ros2/racecar_description) by extension 'ignore_ament_install'
[0.279s] Level 1:colcon.colcon_core.package_identification:_identify(racecar-ros2/racecar_description) by extensions ['colcon_pkg']
[0.279s] Level 1:colcon.colcon_core.package_identification:_identify(racecar-ros2/racecar_description) by extension 'colcon_pkg'
[0.279s] Level 1:colcon.colcon_core.package_identification:_identify(racecar-ros2/racecar_description) by extensions ['colcon_meta']
[0.279s] Level 1:colcon.colcon_core.package_identification:_identify(racecar-ros2/racecar_description) by extension 'colcon_meta'
[0.279s] Level 1:colcon.colcon_core.package_identification:_identify(racecar-ros2/racecar_description) by extensions ['ros']
[0.279s] Level 1:colcon.colcon_core.package_identification:_identify(racecar-ros2/racecar_description) by extension 'ros'
[0.280s] DEBUG:colcon.colcon_core.package_identification:Package 'racecar-ros2/racecar_description' with type 'ros.ament_python' and name 'racecar_description'
[0.280s] Level 1:colcon.colcon_core.package_identification:_identify(racecar-ros2/racecar_gazebo) by extensions ['ignore', 'ignore_ament_install']
[0.280s] Level 1:colcon.colcon_core.package_identification:_identify(racecar-ros2/racecar_gazebo) by extension 'ignore'
[0.280s] Level 1:colcon.colcon_core.package_identification:_identify(racecar-ros2/racecar_gazebo) by extension 'ignore_ament_install'
[0.280s] Level 1:colcon.colcon_core.package_identification:_identify(racecar-ros2/racecar_gazebo) by extensions ['colcon_pkg']
[0.280s] Level 1:colcon.colcon_core.package_identification:_identify(racecar-ros2/racecar_gazebo) by extension 'colcon_pkg'
[0.280s] Level 1:colcon.colcon_core.package_identification:_identify(racecar-ros2/racecar_gazebo) by extensions ['colcon_meta']
[0.280s] Level 1:colcon.colcon_core.package_identification:_identify(racecar-ros2/racecar_gazebo) by extension 'colcon_meta'
[0.280s] Level 1:colcon.colcon_core.package_identification:_identify(racecar-ros2/racecar_gazebo) by extensions ['ros']
[0.280s] Level 1:colcon.colcon_core.package_identification:_identify(racecar-ros2/racecar_gazebo) by extension 'ros'
[0.281s] DEBUG:colcon.colcon_core.package_identification:Package 'racecar-ros2/racecar_gazebo' with type 'ros.ament_python' and name 'racecar_gazebo'
[0.281s] Level 1:colcon.colcon_core.package_identification:_identify(racecar-ros2/racecar_navigation) by extensions ['ignore', 'ignore_ament_install']
[0.281s] Level 1:colcon.colcon_core.package_identification:_identify(racecar-ros2/racecar_navigation) by extension 'ignore'
[0.281s] Level 1:colcon.colcon_core.package_identification:_identify(racecar-ros2/racecar_navigation) by extension 'ignore_ament_install'
[0.281s] Level 1:colcon.colcon_core.package_identification:_identify(racecar-ros2/racecar_navigation) by extensions ['colcon_pkg']
[0.282s] Level 1:colcon.colcon_core.package_identification:_identify(racecar-ros2/racecar_navigation) by extension 'colcon_pkg'
[0.282s] Level 1:colcon.colcon_core.package_identification:_identify(racecar-ros2/racecar_navigation) by extensions ['colcon_meta']
[0.282s] Level 1:colcon.colcon_core.package_identification:_identify(racecar-ros2/racecar_navigation) by extension 'colcon_meta'
[0.282s] Level 1:colcon.colcon_core.package_identification:_identify(racecar-ros2/racecar_navigation) by extensions ['ros']
[0.282s] Level 1:colcon.colcon_core.package_identification:_identify(racecar-ros2/racecar_navigation) by extension 'ros'
[0.283s] DEBUG:colcon.colcon_core.package_identification:Package 'racecar-ros2/racecar_navigation' with type 'ros.ament_python' and name 'racecar_navigation'
[0.283s] Level 1:colcon.colcon_core.package_identification:_identify(racecar-ros2/racecar_serial) by extensions ['ignore', 'ignore_ament_install']
[0.283s] Level 1:colcon.colcon_core.package_identification:_identify(racecar-ros2/racecar_serial) by extension 'ignore'
[0.283s] Level 1:colcon.colcon_core.package_identification:_identify(racecar-ros2/racecar_serial) by extension 'ignore_ament_install'
[0.283s] Level 1:colcon.colcon_core.package_identification:_identify(racecar-ros2/racecar_serial) by extensions ['colcon_pkg']
[0.283s] Level 1:colcon.colcon_core.package_identification:_identify(racecar-ros2/racecar_serial) by extension 'colcon_pkg'
[0.283s] Level 1:colcon.colcon_core.package_identification:_identify(racecar-ros2/racecar_serial) by extensions ['colcon_meta']
[0.283s] Level 1:colcon.colcon_core.package_identification:_identify(racecar-ros2/racecar_serial) by extension 'colcon_meta'
[0.283s] Level 1:colcon.colcon_core.package_identification:_identify(racecar-ros2/racecar_serial) by extensions ['ros']
[0.283s] Level 1:colcon.colcon_core.package_identification:_identify(racecar-ros2/racecar_serial) by extension 'ros'
[0.283s] Level 1:colcon.colcon_core.package_identification:_identify(racecar-ros2/racecar_serial) by extensions ['cmake', 'python']
[0.283s] Level 1:colcon.colcon_core.package_identification:_identify(racecar-ros2/racecar_serial) by extension 'cmake'
[0.283s] Level 1:colcon.colcon_core.package_identification:_identify(racecar-ros2/racecar_serial) by extension 'python'
[0.283s] Level 1:colcon.colcon_core.package_identification:_identify(racecar-ros2/racecar_serial) by extensions ['python_setup_py']
[0.283s] Level 1:colcon.colcon_core.package_identification:_identify(racecar-ros2/racecar_serial) by extension 'python_setup_py'
[0.283s] Level 1:colcon.colcon_core.package_identification:_identify(racecar-ros2/racecar_serial/libserial) by extensions ['ignore', 'ignore_ament_install']
[0.283s] Level 1:colcon.colcon_core.package_identification:_identify(racecar-ros2/racecar_serial/libserial) by extension 'ignore'
[0.283s] Level 1:colcon.colcon_core.package_identification:_identify(racecar-ros2/racecar_serial/libserial) by extension 'ignore_ament_install'
[0.284s] Level 1:colcon.colcon_core.package_identification:_identify(racecar-ros2/racecar_serial/libserial) by extensions ['colcon_pkg']
[0.284s] Level 1:colcon.colcon_core.package_identification:_identify(racecar-ros2/racecar_serial/libserial) by extension 'colcon_pkg'
[0.284s] Level 1:colcon.colcon_core.package_identification:_identify(racecar-ros2/racecar_serial/libserial) by extensions ['colcon_meta']
[0.284s] Level 1:colcon.colcon_core.package_identification:_identify(racecar-ros2/racecar_serial/libserial) by extension 'colcon_meta'
[0.284s] Level 1:colcon.colcon_core.package_identification:_identify(racecar-ros2/racecar_serial/libserial) by extensions ['ros']
[0.284s] Level 1:colcon.colcon_core.package_identification:_identify(racecar-ros2/racecar_serial/libserial) by extension 'ros'
[0.284s] DEBUG:colcon.colcon_core.package_identification:Package 'racecar-ros2/racecar_serial/libserial' with type 'ros.ament_cmake' and name 'serial'
[0.284s] Level 1:colcon.colcon_core.package_identification:_identify(racecar-ros2/racecar_serial/pb2roscpp) by extensions ['ignore', 'ignore_ament_install']
[0.285s] Level 1:colcon.colcon_core.package_identification:_identify(racecar-ros2/racecar_serial/pb2roscpp) by extension 'ignore'
[0.285s] Level 1:colcon.colcon_core.package_identification:_identify(racecar-ros2/racecar_serial/pb2roscpp) by extension 'ignore_ament_install'
[0.285s] Level 1:colcon.colcon_core.package_identification:_identify(racecar-ros2/racecar_serial/pb2roscpp) by extensions ['colcon_pkg']
[0.285s] Level 1:colcon.colcon_core.package_identification:_identify(racecar-ros2/racecar_serial/pb2roscpp) by extension 'colcon_pkg'
[0.285s] Level 1:colcon.colcon_core.package_identification:_identify(racecar-ros2/racecar_serial/pb2roscpp) by extensions ['colcon_meta']
[0.285s] Level 1:colcon.colcon_core.package_identification:_identify(racecar-ros2/racecar_serial/pb2roscpp) by extension 'colcon_meta'
[0.285s] Level 1:colcon.colcon_core.package_identification:_identify(racecar-ros2/racecar_serial/pb2roscpp) by extensions ['ros']
[0.285s] Level 1:colcon.colcon_core.package_identification:_identify(racecar-ros2/racecar_serial/pb2roscpp) by extension 'ros'
[0.285s] DEBUG:colcon.colcon_core.package_identification:Package 'racecar-ros2/racecar_serial/pb2roscpp' with type 'ros.ament_cmake' and name 'pb2roscpp'
[0.286s] Level 1:colcon.colcon_core.package_identification:_identify(racecar-ros2/racecar_teleop) by extensions ['ignore', 'ignore_ament_install']
[0.286s] Level 1:colcon.colcon_core.package_identification:_identify(racecar-ros2/racecar_teleop) by extension 'ignore'
[0.286s] Level 1:colcon.colcon_core.package_identification:_identify(racecar-ros2/racecar_teleop) by extension 'ignore_ament_install'
[0.286s] Level 1:colcon.colcon_core.package_identification:_identify(racecar-ros2/racecar_teleop) by extensions ['colcon_pkg']
[0.286s] Level 1:colcon.colcon_core.package_identification:_identify(racecar-ros2/racecar_teleop) by extension 'colcon_pkg'
[0.286s] Level 1:colcon.colcon_core.package_identification:_identify(racecar-ros2/racecar_teleop) by extensions ['colcon_meta']
[0.286s] Level 1:colcon.colcon_core.package_identification:_identify(racecar-ros2/racecar_teleop) by extension 'colcon_meta'
[0.286s] Level 1:colcon.colcon_core.package_identification:_identify(racecar-ros2/racecar_teleop) by extensions ['ros']
[0.286s] Level 1:colcon.colcon_core.package_identification:_identify(racecar-ros2/racecar_teleop) by extension 'ros'
[0.287s] DEBUG:colcon.colcon_core.package_identification:Package 'racecar-ros2/racecar_teleop' with type 'ros.ament_python' and name 'racecar_teleop'
[0.287s] Level 1:colcon.colcon_core.package_identification:_identify(racecar-ros2/racecar_web_interface) by extensions ['ignore', 'ignore_ament_install']
[0.287s] Level 1:colcon.colcon_core.package_identification:_identify(racecar-ros2/racecar_web_interface) by extension 'ignore'
[0.287s] Level 1:colcon.colcon_core.package_identification:_identify(racecar-ros2/racecar_web_interface) by extension 'ignore_ament_install'
[0.287s] Level 1:colcon.colcon_core.package_identification:_identify(racecar-ros2/racecar_web_interface) by extensions ['colcon_pkg']
[0.287s] Level 1:colcon.colcon_core.package_identification:_identify(racecar-ros2/racecar_web_interface) by extension 'colcon_pkg'
[0.287s] Level 1:colcon.colcon_core.package_identification:_identify(racecar-ros2/racecar_web_interface) by extensions ['colcon_meta']
[0.287s] Level 1:colcon.colcon_core.package_identification:_identify(racecar-ros2/racecar_web_interface) by extension 'colcon_meta'
[0.287s] Level 1:colcon.colcon_core.package_identification:_identify(racecar-ros2/racecar_web_interface) by extensions ['ros']
[0.287s] Level 1:colcon.colcon_core.package_identification:_identify(racecar-ros2/racecar_web_interface) by extension 'ros'
[0.287s] Level 1:colcon.colcon_core.package_identification:_identify(racecar-ros2/racecar_web_interface) by extensions ['cmake', 'python']
[0.287s] Level 1:colcon.colcon_core.package_identification:_identify(racecar-ros2/racecar_web_interface) by extension 'cmake'
[0.287s] Level 1:colcon.colcon_core.package_identification:_identify(racecar-ros2/racecar_web_interface) by extension 'python'
[0.287s] Level 1:colcon.colcon_core.package_identification:_identify(racecar-ros2/racecar_web_interface) by extensions ['python_setup_py']
[0.287s] Level 1:colcon.colcon_core.package_identification:_identify(racecar-ros2/racecar_web_interface) by extension 'python_setup_py'
[0.288s] Level 1:colcon.colcon_core.package_identification:_identify(racecar-ros2/racecar_web_interface/css) by extensions ['ignore', 'ignore_ament_install']
[0.288s] Level 1:colcon.colcon_core.package_identification:_identify(racecar-ros2/racecar_web_interface/css) by extension 'ignore'
[0.288s] Level 1:colcon.colcon_core.package_identification:_identify(racecar-ros2/racecar_web_interface/css) by extension 'ignore_ament_install'
[0.288s] Level 1:colcon.colcon_core.package_identification:_identify(racecar-ros2/racecar_web_interface/css) by extensions ['colcon_pkg']
[0.288s] Level 1:colcon.colcon_core.package_identification:_identify(racecar-ros2/racecar_web_interface/css) by extension 'colcon_pkg'
[0.288s] Level 1:colcon.colcon_core.package_identification:_identify(racecar-ros2/racecar_web_interface/css) by extensions ['colcon_meta']
[0.288s] Level 1:colcon.colcon_core.package_identification:_identify(racecar-ros2/racecar_web_interface/css) by extension 'colcon_meta'
[0.288s] Level 1:colcon.colcon_core.package_identification:_identify(racecar-ros2/racecar_web_interface/css) by extensions ['ros']
[0.288s] Level 1:colcon.colcon_core.package_identification:_identify(racecar-ros2/racecar_web_interface/css) by extension 'ros'
[0.288s] Level 1:colcon.colcon_core.package_identification:_identify(racecar-ros2/racecar_web_interface/css) by extensions ['cmake', 'python']
[0.288s] Level 1:colcon.colcon_core.package_identification:_identify(racecar-ros2/racecar_web_interface/css) by extension 'cmake'
[0.288s] Level 1:colcon.colcon_core.package_identification:_identify(racecar-ros2/racecar_web_interface/css) by extension 'python'
[0.288s] Level 1:colcon.colcon_core.package_identification:_identify(racecar-ros2/racecar_web_interface/css) by extensions ['python_setup_py']
[0.288s] Level 1:colcon.colcon_core.package_identification:_identify(racecar-ros2/racecar_web_interface/css) by extension 'python_setup_py'
[0.288s] Level 1:colcon.colcon_core.package_identification:_identify(racecar-ros2/racecar_web_interface/js) by extensions ['ignore', 'ignore_ament_install']
[0.288s] Level 1:colcon.colcon_core.package_identification:_identify(racecar-ros2/racecar_web_interface/js) by extension 'ignore'
[0.289s] Level 1:colcon.colcon_core.package_identification:_identify(racecar-ros2/racecar_web_interface/js) by extension 'ignore_ament_install'
[0.289s] Level 1:colcon.colcon_core.package_identification:_identify(racecar-ros2/racecar_web_interface/js) by extensions ['colcon_pkg']
[0.289s] Level 1:colcon.colcon_core.package_identification:_identify(racecar-ros2/racecar_web_interface/js) by extension 'colcon_pkg'
[0.289s] Level 1:colcon.colcon_core.package_identification:_identify(racecar-ros2/racecar_web_interface/js) by extensions ['colcon_meta']
[0.289s] Level 1:colcon.colcon_core.package_identification:_identify(racecar-ros2/racecar_web_interface/js) by extension 'colcon_meta'
[0.289s] Level 1:colcon.colcon_core.package_identification:_identify(racecar-ros2/racecar_web_interface/js) by extensions ['ros']
[0.289s] Level 1:colcon.colcon_core.package_identification:_identify(racecar-ros2/racecar_web_interface/js) by extension 'ros'
[0.289s] Level 1:colcon.colcon_core.package_identification:_identify(racecar-ros2/racecar_web_interface/js) by extensions ['cmake', 'python']
[0.289s] Level 1:colcon.colcon_core.package_identification:_identify(racecar-ros2/racecar_web_interface/js) by extension 'cmake'
[0.289s] Level 1:colcon.colcon_core.package_identification:_identify(racecar-ros2/racecar_web_interface/js) by extension 'python'
[0.289s] Level 1:colcon.colcon_core.package_identification:_identify(racecar-ros2/racecar_web_interface/js) by extensions ['python_setup_py']
[0.289s] Level 1:colcon.colcon_core.package_identification:_identify(racecar-ros2/racecar_web_interface/js) by extension 'python_setup_py'
[0.289s] Level 1:colcon.colcon_core.package_discovery:discover_packages(recursive) using defaults
[0.289s] Level 1:colcon.colcon_core.package_discovery:discover_packages(ignore) discover
[0.290s] Level 1:colcon.colcon_core.package_discovery:discover_packages(ignore) using defaults
[0.290s] Level 1:colcon.colcon_core.package_discovery:discover_packages(path) discover
[0.290s] Level 1:colcon.colcon_core.package_discovery:discover_packages(path) using defaults
[0.341s] Level 5:colcon.colcon_core.verb:set package 'racecar_autopilot' build argument 'cmake_args' from command line to 'None'
[0.341s] Level 5:colcon.colcon_core.verb:set package 'racecar_autopilot' build argument 'cmake_target' from command line to 'None'
[0.341s] Level 5:colcon.colcon_core.verb:set package 'racecar_autopilot' build argument 'cmake_target_skip_unavailable' from command line to 'False'
[0.341s] Level 5:colcon.colcon_core.verb:set package 'racecar_autopilot' build argument 'cmake_clean_cache' from command line to 'False'
[0.341s] Level 5:colcon.colcon_core.verb:set package 'racecar_autopilot' build argument 'cmake_clean_first' from command line to 'False'
[0.341s] Level 5:colcon.colcon_core.verb:set package 'racecar_autopilot' build argument 'cmake_force_configure' from command line to 'False'
[0.341s] Level 5:colcon.colcon_core.verb:set package 'racecar_autopilot' build argument 'ament_cmake_args' from command line to 'None'
[0.341s] Level 5:colcon.colcon_core.verb:set package 'racecar_autopilot' build argument 'catkin_cmake_args' from command line to 'None'
[0.341s] Level 5:colcon.colcon_core.verb:set package 'racecar_autopilot' build argument 'catkin_skip_building_tests' from command line to 'False'
[0.341s] DEBUG:colcon.colcon_core.verb:Building package 'racecar_autopilot' with the following arguments: {'ament_cmake_args': None, 'build_base': '/home/racecar/ros2_ws/src/Team10_GROS5/build/racecar_autopilot', 'catkin_cmake_args': None, 'catkin_skip_building_tests': False, 'cmake_args': None, 'cmake_clean_cache': False, 'cmake_clean_first': False, 'cmake_force_configure': False, 'cmake_target': None, 'cmake_target_skip_unavailable': False, 'install_base': '/home/racecar/ros2_ws/src/Team10_GROS5/install/racecar_autopilot', 'merge_install': False, 'path': '/home/racecar/ros2_ws/src/Team10_GROS5/racecar-ros2/racecar_autopilot', 'symlink_install': False, 'test_result_base': None}
[0.342s] Level 5:colcon.colcon_core.verb:set package 'racecar_beacon' build argument 'cmake_args' from command line to 'None'
[0.342s] Level 5:colcon.colcon_core.verb:set package 'racecar_beacon' build argument 'cmake_target' from command line to 'None'
[0.342s] Level 5:colcon.colcon_core.verb:set package 'racecar_beacon' build argument 'cmake_target_skip_unavailable' from command line to 'False'
[0.342s] Level 5:colcon.colcon_core.verb:set package 'racecar_beacon' build argument 'cmake_clean_cache' from command line to 'False'
[0.342s] Level 5:colcon.colcon_core.verb:set package 'racecar_beacon' build argument 'cmake_clean_first' from command line to 'False'
[0.343s] Level 5:colcon.colcon_core.verb:set package 'racecar_beacon' build argument 'cmake_force_configure' from command line to 'False'
[0.343s] Level 5:colcon.colcon_core.verb:set package 'racecar_beacon' build argument 'ament_cmake_args' from command line to 'None'
[0.343s] Level 5:colcon.colcon_core.verb:set package 'racecar_beacon' build argument 'catkin_cmake_args' from command line to 'None'
[0.343s] Level 5:colcon.colcon_core.verb:set package 'racecar_beacon' build argument 'catkin_skip_building_tests' from command line to 'False'
[0.343s] DEBUG:colcon.colcon_core.verb:Building package 'racecar_beacon' with the following arguments: {'ament_cmake_args': None, 'build_base': '/home/racecar/ros2_ws/src/Team10_GROS5/build/racecar_beacon', 'catkin_cmake_args': None, 'catkin_skip_building_tests': False, 'cmake_args': None, 'cmake_clean_cache': False, 'cmake_clean_first': False, 'cmake_force_configure': False, 'cmake_target': None, 'cmake_target_skip_unavailable': False, 'install_base': '/home/racecar/ros2_ws/src/Team10_GROS5/install/racecar_beacon', 'merge_install': False, 'path': '/home/racecar/ros2_ws/src/Team10_GROS5/racecar-ros2/racecar_beacon', 'symlink_install': False, 'test_result_base': None}
[0.344s] Level 5:colcon.colcon_core.verb:set package 'racecar_behaviors' build argument 'cmake_args' from command line to 'None'
[0.344s] Level 5:colcon.colcon_core.verb:set package 'racecar_behaviors' build argument 'cmake_target' from command line to 'None'
[0.344s] Level 5:colcon.colcon_core.verb:set package 'racecar_behaviors' build argument 'cmake_target_skip_unavailable' from command line to 'False'
[0.344s] Level 5:colcon.colcon_core.verb:set package 'racecar_behaviors' build argument 'cmake_clean_cache' from command line to 'False'
[0.344s] Level 5:colcon.colcon_core.verb:set package 'racecar_behaviors' build argument 'cmake_clean_first' from command line to 'False'
[0.344s] Level 5:colcon.colcon_core.verb:set package 'racecar_behaviors' build argument 'cmake_force_configure' from command line to 'False'
[0.344s] Level 5:colcon.colcon_core.verb:set package 'racecar_behaviors' build argument 'ament_cmake_args' from command line to 'None'
[0.344s] Level 5:colcon.colcon_core.verb:set package 'racecar_behaviors' build argument 'catkin_cmake_args' from command line to 'None'
[0.344s] Level 5:colcon.colcon_core.verb:set package 'racecar_behaviors' build argument 'catkin_skip_building_tests' from command line to 'False'
[0.344s] DEBUG:colcon.colcon_core.verb:Building package 'racecar_behaviors' with the following arguments: {'ament_cmake_args': None, 'build_base': '/home/racecar/ros2_ws/src/Team10_GROS5/build/racecar_behaviors', 'catkin_cmake_args': None, 'catkin_skip_building_tests': False, 'cmake_args': None, 'cmake_clean_cache': False, 'cmake_clean_first': False, 'cmake_force_configure': False, 'cmake_target': None, 'cmake_target_skip_unavailable': False, 'install_base': '/home/racecar/ros2_ws/src/Team10_GROS5/install/racecar_behaviors', 'merge_install': False, 'path': '/home/racecar/ros2_ws/src/Team10_GROS5/racecar-ros2/racecar_behaviors', 'symlink_install': False, 'test_result_base': None}
[0.345s] Level 5:colcon.colcon_core.verb:set package 'racecar_bringup' build argument 'cmake_args' from command line to 'None'
[0.345s] Level 5:colcon.colcon_core.verb:set package 'racecar_bringup' build argument 'cmake_target' from command line to 'None'
[0.345s] Level 5:colcon.colcon_core.verb:set package 'racecar_bringup' build argument 'cmake_target_skip_unavailable' from command line to 'False'
[0.345s] Level 5:colcon.colcon_core.verb:set package 'racecar_bringup' build argument 'cmake_clean_cache' from command line to 'False'
[0.345s] Level 5:colcon.colcon_core.verb:set package 'racecar_bringup' build argument 'cmake_clean_first' from command line to 'False'
[0.345s] Level 5:colcon.colcon_core.verb:set package 'racecar_bringup' build argument 'cmake_force_configure' from command line to 'False'
[0.345s] Level 5:colcon.colcon_core.verb:set package 'racecar_bringup' build argument 'ament_cmake_args' from command line to 'None'
[0.345s] Level 5:colcon.colcon_core.verb:set package 'racecar_bringup' build argument 'catkin_cmake_args' from command line to 'None'
[0.345s] Level 5:colcon.colcon_core.verb:set package 'racecar_bringup' build argument 'catkin_skip_building_tests' from command line to 'False'
[0.345s] DEBUG:colcon.colcon_core.verb:Building package 'racecar_bringup' with the following arguments: {'ament_cmake_args': None, 'build_base': '/home/racecar/ros2_ws/src/Team10_GROS5/build/racecar_bringup', 'catkin_cmake_args': None, 'catkin_skip_building_tests': False, 'cmake_args': None, 'cmake_clean_cache': False, 'cmake_clean_first': False, 'cmake_force_configure': False, 'cmake_target': None, 'cmake_target_skip_unavailable': False, 'install_base': '/home/racecar/ros2_ws/src/Team10_GROS5/install/racecar_bringup', 'merge_install': False, 'path': '/home/racecar/ros2_ws/src/Team10_GROS5/racecar-ros2/racecar_bringup', 'symlink_install': False, 'test_result_base': None}
[0.346s] Level 5:colcon.colcon_core.verb:set package 'racecar_description' build argument 'cmake_args' from command line to 'None'
[0.346s] Level 5:colcon.colcon_core.verb:set package 'racecar_description' build argument 'cmake_target' from command line to 'None'
[0.346s] Level 5:colcon.colcon_core.verb:set package 'racecar_description' build argument 'cmake_target_skip_unavailable' from command line to 'False'
[0.346s] Level 5:colcon.colcon_core.verb:set package 'racecar_description' build argument 'cmake_clean_cache' from command line to 'False'
[0.346s] Level 5:colcon.colcon_core.verb:set package 'racecar_description' build argument 'cmake_clean_first' from command line to 'False'
[0.346s] Level 5:colcon.colcon_core.verb:set package 'racecar_description' build argument 'cmake_force_configure' from command line to 'False'
[0.346s] Level 5:colcon.colcon_core.verb:set package 'racecar_description' build argument 'ament_cmake_args' from command line to 'None'
[0.346s] Level 5:colcon.colcon_core.verb:set package 'racecar_description' build argument 'catkin_cmake_args' from command line to 'None'
[0.347s] Level 5:colcon.colcon_core.verb:set package 'racecar_description' build argument 'catkin_skip_building_tests' from command line to 'False'
[0.347s] DEBUG:colcon.colcon_core.verb:Building package 'racecar_description' with the following arguments: {'ament_cmake_args': None, 'build_base': '/home/racecar/ros2_ws/src/Team10_GROS5/build/racecar_description', 'catkin_cmake_args': None, 'catkin_skip_building_tests': False, 'cmake_args': None, 'cmake_clean_cache': False, 'cmake_clean_first': False, 'cmake_force_configure': False, 'cmake_target': None, 'cmake_target_skip_unavailable': False, 'install_base': '/home/racecar/ros2_ws/src/Team10_GROS5/install/racecar_description', 'merge_install': False, 'path': '/home/racecar/ros2_ws/src/Team10_GROS5/racecar-ros2/racecar_description', 'symlink_install': False, 'test_result_base': None}
[0.347s] Level 5:colcon.colcon_core.verb:set package 'racecar_gazebo' build argument 'cmake_args' from command line to 'None'
[0.347s] Level 5:colcon.colcon_core.verb:set package 'racecar_gazebo' build argument 'cmake_target' from command line to 'None'
[0.347s] Level 5:colcon.colcon_core.verb:set package 'racecar_gazebo' build argument 'cmake_target_skip_unavailable' from command line to 'False'
[0.347s] Level 5:colcon.colcon_core.verb:set package 'racecar_gazebo' build argument 'cmake_clean_cache' from command line to 'False'
[0.348s] Level 5:colcon.colcon_core.verb:set package 'racecar_gazebo' build argument 'cmake_clean_first' from command line to 'False'
[0.348s] Level 5:colcon.colcon_core.verb:set package 'racecar_gazebo' build argument 'cmake_force_configure' from command line to 'False'
[0.348s] Level 5:colcon.colcon_core.verb:set package 'racecar_gazebo' build argument 'ament_cmake_args' from command line to 'None'
[0.348s] Level 5:colcon.colcon_core.verb:set package 'racecar_gazebo' build argument 'catkin_cmake_args' from command line to 'None'
[0.348s] Level 5:colcon.colcon_core.verb:set package 'racecar_gazebo' build argument 'catkin_skip_building_tests' from command line to 'False'
[0.348s] DEBUG:colcon.colcon_core.verb:Building package 'racecar_gazebo' with the following arguments: {'ament_cmake_args': None, 'build_base': '/home/racecar/ros2_ws/src/Team10_GROS5/build/racecar_gazebo', 'catkin_cmake_args': None, 'catkin_skip_building_tests': False, 'cmake_args': None, 'cmake_clean_cache': False, 'cmake_clean_first': False, 'cmake_force_configure': False, 'cmake_target': None, 'cmake_target_skip_unavailable': False, 'install_base': '/home/racecar/ros2_ws/src/Team10_GROS5/install/racecar_gazebo', 'merge_install': False, 'path': '/home/racecar/ros2_ws/src/Team10_GROS5/racecar-ros2/racecar_gazebo', 'symlink_install': False, 'test_result_base': None}
[0.349s] Level 5:colcon.colcon_core.verb:set package 'racecar_teleop' build argument 'cmake_args' from command line to 'None'
[0.349s] Level 5:colcon.colcon_core.verb:set package 'racecar_teleop' build argument 'cmake_target' from command line to 'None'
[0.349s] Level 5:colcon.colcon_core.verb:set package 'racecar_teleop' build argument 'cmake_target_skip_unavailable' from command line to 'False'
[0.349s] Level 5:colcon.colcon_core.verb:set package 'racecar_teleop' build argument 'cmake_clean_cache' from command line to 'False'
[0.349s] Level 5:colcon.colcon_core.verb:set package 'racecar_teleop' build argument 'cmake_clean_first' from command line to 'False'
[0.349s] Level 5:colcon.colcon_core.verb:set package 'racecar_teleop' build argument 'cmake_force_configure' from command line to 'False'
[0.349s] Level 5:colcon.colcon_core.verb:set package 'racecar_teleop' build argument 'ament_cmake_args' from command line to 'None'
[0.349s] Level 5:colcon.colcon_core.verb:set package 'racecar_teleop' build argument 'catkin_cmake_args' from command line to 'None'
[0.349s] Level 5:colcon.colcon_core.verb:set package 'racecar_teleop' build argument 'catkin_skip_building_tests' from command line to 'False'
[0.349s] DEBUG:colcon.colcon_core.verb:Building package 'racecar_teleop' with the following arguments: {'ament_cmake_args': None, 'build_base': '/home/racecar/ros2_ws/src/Team10_GROS5/build/racecar_teleop', 'catkin_cmake_args': None, 'catkin_skip_building_tests': False, 'cmake_args': None, 'cmake_clean_cache': False, 'cmake_clean_first': False, 'cmake_force_configure': False, 'cmake_target': None, 'cmake_target_skip_unavailable': False, 'install_base': '/home/racecar/ros2_ws/src/Team10_GROS5/install/racecar_teleop', 'merge_install': False, 'path': '/home/racecar/ros2_ws/src/Team10_GROS5/racecar-ros2/racecar_teleop', 'symlink_install': False, 'test_result_base': None}
[0.350s] Level 5:colcon.colcon_core.verb:set package 'serial' build argument 'cmake_args' from command line to 'None'
[0.350s] Level 5:colcon.colcon_core.verb:set package 'serial' build argument 'cmake_target' from command line to 'None'
[0.350s] Level 5:colcon.colcon_core.verb:set package 'serial' build argument 'cmake_target_skip_unavailable' from command line to 'False'
[0.350s] Level 5:colcon.colcon_core.verb:set package 'serial' build argument 'cmake_clean_cache' from command line to 'False'
[0.350s] Level 5:colcon.colcon_core.verb:set package 'serial' build argument 'cmake_clean_first' from command line to 'False'
[0.350s] Level 5:colcon.colcon_core.verb:set package 'serial' build argument 'cmake_force_configure' from command line to 'False'
[0.350s] Level 5:colcon.colcon_core.verb:set package 'serial' build argument 'ament_cmake_args' from command line to 'None'
[0.350s] Level 5:colcon.colcon_core.verb:set package 'serial' build argument 'catkin_cmake_args' from command line to 'None'
[0.350s] Level 5:colcon.colcon_core.verb:set package 'serial' build argument 'catkin_skip_building_tests' from command line to 'False'
[0.350s] DEBUG:colcon.colcon_core.verb:Building package 'serial' with the following arguments: {'ament_cmake_args': None, 'build_base': '/home/racecar/ros2_ws/src/Team10_GROS5/build/serial', 'catkin_cmake_args': None, 'catkin_skip_building_tests': False, 'cmake_args': None, 'cmake_clean_cache': False, 'cmake_clean_first': False, 'cmake_force_configure': False, 'cmake_target': None, 'cmake_target_skip_unavailable': False, 'install_base': '/home/racecar/ros2_ws/src/Team10_GROS5/install/serial', 'merge_install': False, 'path': '/home/racecar/ros2_ws/src/Team10_GROS5/racecar-ros2/racecar_serial/libserial', 'symlink_install': False, 'test_result_base': None}
[0.351s] Level 5:colcon.colcon_core.verb:set package 'pb2roscpp' build argument 'cmake_args' from command line to 'None'
[0.351s] Level 5:colcon.colcon_core.verb:set package 'pb2roscpp' build argument 'cmake_target' from command line to 'None'
[0.351s] Level 5:colcon.colcon_core.verb:set package 'pb2roscpp' build argument 'cmake_target_skip_unavailable' from command line to 'False'
[0.351s] Level 5:colcon.colcon_core.verb:set package 'pb2roscpp' build argument 'cmake_clean_cache' from command line to 'False'
[0.351s] Level 5:colcon.colcon_core.verb:set package 'pb2roscpp' build argument 'cmake_clean_first' from command line to 'False'
[0.351s] Level 5:colcon.colcon_core.verb:set package 'pb2roscpp' build argument 'cmake_force_configure' from command line to 'False'
[0.351s] Level 5:colcon.colcon_core.verb:set package 'pb2roscpp' build argument 'ament_cmake_args' from command line to 'None'
[0.351s] Level 5:colcon.colcon_core.verb:set package 'pb2roscpp' build argument 'catkin_cmake_args' from command line to 'None'
[0.351s] Level 5:colcon.colcon_core.verb:set package 'pb2roscpp' build argument 'catkin_skip_building_tests' from command line to 'False'
[0.351s] DEBUG:colcon.colcon_core.verb:Building package 'pb2roscpp' with the following arguments: {'ament_cmake_args': None, 'build_base': '/home/racecar/ros2_ws/src/Team10_GROS5/build/pb2roscpp', 'catkin_cmake_args': None, 'catkin_skip_building_tests': False, 'cmake_args': None, 'cmake_clean_cache': False, 'cmake_clean_first': False, 'cmake_force_configure': False, 'cmake_target': None, 'cmake_target_skip_unavailable': False, 'install_base': '/home/racecar/ros2_ws/src/Team10_GROS5/install/pb2roscpp', 'merge_install': False, 'path': '/home/racecar/ros2_ws/src/Team10_GROS5/racecar-ros2/racecar_serial/pb2roscpp', 'symlink_install': False, 'test_result_base': None}
[0.352s] Level 5:colcon.colcon_core.verb:set package 'racecar_navigation' build argument 'cmake_args' from command line to 'None'
[0.352s] Level 5:colcon.colcon_core.verb:set package 'racecar_navigation' build argument 'cmake_target' from command line to 'None'
[0.352s] Level 5:colcon.colcon_core.verb:set package 'racecar_navigation' build argument 'cmake_target_skip_unavailable' from command line to 'False'
[0.352s] Level 5:colcon.colcon_core.verb:set package 'racecar_navigation' build argument 'cmake_clean_cache' from command line to 'False'
[0.352s] Level 5:colcon.colcon_core.verb:set package 'racecar_navigation' build argument 'cmake_clean_first' from command line to 'False'
[0.352s] Level 5:colcon.colcon_core.verb:set package 'racecar_navigation' build argument 'cmake_force_configure' from command line to 'False'
[0.353s] Level 5:colcon.colcon_core.verb:set package 'racecar_navigation' build argument 'ament_cmake_args' from command line to 'None'
[0.353s] Level 5:colcon.colcon_core.verb:set package 'racecar_navigation' build argument 'catkin_cmake_args' from command line to 'None'
[0.353s] Level 5:colcon.colcon_core.verb:set package 'racecar_navigation' build argument 'catkin_skip_building_tests' from command line to 'False'
[0.353s] DEBUG:colcon.colcon_core.verb:Building package 'racecar_navigation' with the following arguments: {'ament_cmake_args': None, 'build_base': '/home/racecar/ros2_ws/src/Team10_GROS5/build/racecar_navigation', 'catkin_cmake_args': None, 'catkin_skip_building_tests': False, 'cmake_args': None, 'cmake_clean_cache': False, 'cmake_clean_first': False, 'cmake_force_configure': False, 'cmake_target': None, 'cmake_target_skip_unavailable': False, 'install_base': '/home/racecar/ros2_ws/src/Team10_GROS5/install/racecar_navigation', 'merge_install': False, 'path': '/home/racecar/ros2_ws/src/Team10_GROS5/racecar-ros2/racecar_navigation', 'symlink_install': False, 'test_result_base': None}
[0.353s] INFO:colcon.colcon_core.executor:Executing jobs using 'parallel' executor
[0.356s] DEBUG:colcon.colcon_parallel_executor.executor.parallel:run_until_complete
[0.357s] INFO:colcon.colcon_ros.task.ament_python.build:Building ROS package in '/home/racecar/ros2_ws/src/Team10_GROS5/racecar-ros2/racecar_behaviors' with build type 'ament_python'
[0.358s] Level 1:colcon.colcon_core.shell:create_environment_hook('racecar_behaviors', 'ament_prefix_path')
[0.366s] INFO:colcon.colcon_core.plugin_system:Skipping extension 'colcon_core.shell.bat': Not used on non-Windows systems
[0.367s] INFO:colcon.colcon_core.shell:Creating environment hook '/home/racecar/ros2_ws/src/Team10_GROS5/install/racecar_behaviors/share/racecar_behaviors/hook/ament_prefix_path.ps1'
[0.369s] INFO:colcon.colcon_core.shell:Creating environment descriptor '/home/racecar/ros2_ws/src/Team10_GROS5/install/racecar_behaviors/share/racecar_behaviors/hook/ament_prefix_path.dsv'
[0.371s] INFO:colcon.colcon_core.shell:Creating environment hook '/home/racecar/ros2_ws/src/Team10_GROS5/install/racecar_behaviors/share/racecar_behaviors/hook/ament_prefix_path.sh'
[0.373s] INFO:colcon.colcon_core.shell:Skip shell extension 'powershell' for command environment: Not usable outside of PowerShell
[0.373s] DEBUG:colcon.colcon_core.shell:Skip shell extension 'dsv' for command environment
[0.395s] INFO:colcon.colcon_ros.task.ament_python.build:Building ROS package in '/home/racecar/ros2_ws/src/Team10_GROS5/racecar-ros2/racecar_bringup' with build type 'ament_python'
[0.396s] Level 1:colcon.colcon_core.shell:create_environment_hook('racecar_bringup', 'ament_prefix_path')
[0.397s] INFO:colcon.colcon_core.shell:Creating environment hook '/home/racecar/ros2_ws/src/Team10_GROS5/install/racecar_bringup/share/racecar_bringup/hook/ament_prefix_path.ps1'
[0.399s] INFO:colcon.colcon_core.shell:Creating environment descriptor '/home/racecar/ros2_ws/src/Team10_GROS5/install/racecar_bringup/share/racecar_bringup/hook/ament_prefix_path.dsv'
[0.400s] INFO:colcon.colcon_core.shell:Creating environment hook '/home/racecar/ros2_ws/src/Team10_GROS5/install/racecar_bringup/share/racecar_bringup/hook/ament_prefix_path.sh'
[0.402s] INFO:colcon.colcon_core.shell:Skip shell extension 'powershell' for command environment: Not usable outside of PowerShell
[0.402s] DEBUG:colcon.colcon_core.shell:Skip shell extension 'dsv' for command environment
[0.413s] INFO:colcon.colcon_ros.task.ament_cmake.build:Building ROS package in '/home/racecar/ros2_ws/src/Team10_GROS5/racecar-ros2/racecar_serial/libserial' with build type 'ament_cmake'
[0.413s] INFO:colcon.colcon_cmake.task.cmake.build:Building CMake package in '/home/racecar/ros2_ws/src/Team10_GROS5/racecar-ros2/racecar_serial/libserial'
[0.414s] INFO:colcon.colcon_core.shell:Skip shell extension 'powershell' for command environment: Not usable outside of PowerShell
[0.414s] DEBUG:colcon.colcon_core.shell:Skip shell extension 'dsv' for command environment
[0.425s] INFO:colcon.colcon_ros.task.ament_python.build:Building ROS package in '/home/racecar/ros2_ws/src/Team10_GROS5/racecar-ros2/racecar_autopilot' with build type 'ament_python'
[0.426s] Level 1:colcon.colcon_core.shell:create_environment_hook('racecar_autopilot', 'ament_prefix_path')
[0.427s] INFO:colcon.colcon_core.shell:Creating environment hook '/home/racecar/ros2_ws/src/Team10_GROS5/install/racecar_autopilot/share/racecar_autopilot/hook/ament_prefix_path.ps1'
[0.430s] INFO:colcon.colcon_core.shell:Creating environment descriptor '/home/racecar/ros2_ws/src/Team10_GROS5/install/racecar_autopilot/share/racecar_autopilot/hook/ament_prefix_path.dsv'
[0.432s] INFO:colcon.colcon_core.shell:Creating environment hook '/home/racecar/ros2_ws/src/Team10_GROS5/install/racecar_autopilot/share/racecar_autopilot/hook/ament_prefix_path.sh'
[0.433s] INFO:colcon.colcon_core.shell:Skip shell extension 'powershell' for command environment: Not usable outside of PowerShell
[0.433s] DEBUG:colcon.colcon_core.shell:Skip shell extension 'dsv' for command environment
[0.985s] INFO:colcon.colcon_core.task.python.build:Building Python package in '/home/racecar/ros2_ws/src/Team10_GROS5/racecar-ros2/racecar_behaviors'
[0.986s] INFO:colcon.colcon_core.shell:Skip shell extension 'powershell' for command environment: Not usable outside of PowerShell
[0.986s] DEBUG:colcon.colcon_core.shell:Skip shell extension 'dsv' for command environment
[1.497s] INFO:colcon.colcon_core.task.python.build:Building Python package in '/home/racecar/ros2_ws/src/Team10_GROS5/racecar-ros2/racecar_bringup'
[1.497s] INFO:colcon.colcon_core.shell:Skip shell extension 'powershell' for command environment: Not usable outside of PowerShell
[1.497s] DEBUG:colcon.colcon_core.shell:Skip shell extension 'dsv' for command environment
[1.521s] DEBUG:colcon.colcon_core.event_handler.log_command:Invoking command in '/home/racecar/ros2_ws/src/Team10_GROS5/build/serial': CMAKE_PREFIX_PATH=${CMAKE_PREFIX_PATH}:/home/racecar/ros2_ws/install/racecar_teleop:/home/racecar/ros2_ws/install/racecar_navigation:/home/racecar/ros2_ws/install/racecar_gazebo:/home/racecar/ros2_ws/install/racecar_description:/home/racecar/ros2_ws/install/racecar_bringup:/home/racecar/ros2_ws/install/racecar_behaviors:/home/racecar/ros2_ws/install/racecar_beacon:/home/racecar/ros2_ws/install/racecar_autopilot:/opt/ros/jazzy DEBUGINFOD_URLS=https://debuginfod.ubuntu.com /usr/bin/cmake /home/racecar/ros2_ws/src/Team10_GROS5/racecar-ros2/racecar_serial/libserial -DCMAKE_INSTALL_PREFIX=/home/racecar/ros2_ws/src/Team10_GROS5/install/serial
[2.137s] INFO:colcon.colcon_core.task.python.build:Building Python package in '/home/racecar/ros2_ws/src/Team10_GROS5/racecar-ros2/racecar_autopilot'
[2.137s] INFO:colcon.colcon_core.shell:Skip shell extension 'powershell' for command environment: Not usable outside of PowerShell
[2.137s] DEBUG:colcon.colcon_core.shell:Skip shell extension 'dsv' for command environment
[4.157s] DEBUG:colcon.colcon_core.event_handler.log_command:Invoking command in '/home/racecar/ros2_ws/src/Team10_GROS5/racecar-ros2/racecar_behaviors': DEBUGINFOD_URLS=https://debuginfod.ubuntu.com PYTHONPATH=/home/racecar/ros2_ws/src/Team10_GROS5/build/racecar_behaviors/prefix_override:/usr/lib/python3/dist-packages/colcon_core/task/python/colcon_distutils_commands:/home/racecar/ros2_ws/src/Team10_GROS5/install/racecar_behaviors/lib/python3.12/site-packages:${PYTHONPATH} /usr/bin/python3 -W ignore:setup.py install is deprecated -W ignore:easy_install command is deprecated setup.py egg_info --egg-base ../../build/racecar_behaviors build --build-base /home/racecar/ros2_ws/src/Team10_GROS5/build/racecar_behaviors/build install --record /home/racecar/ros2_ws/src/Team10_GROS5/build/racecar_behaviors/install.log --single-version-externally-managed install_data
[4.190s] DEBUG:colcon.colcon_core.event_handler.log_command:Invoking command in '/home/racecar/ros2_ws/src/Team10_GROS5/racecar-ros2/racecar_bringup': DEBUGINFOD_URLS=https://debuginfod.ubuntu.com PYTHONPATH=/home/racecar/ros2_ws/src/Team10_GROS5/build/racecar_bringup/prefix_override:/usr/lib/python3/dist-packages/colcon_core/task/python/colcon_distutils_commands:/home/racecar/ros2_ws/src/Team10_GROS5/install/racecar_bringup/lib/python3.12/site-packages:${PYTHONPATH} /usr/bin/python3 -W ignore:setup.py install is deprecated -W ignore:easy_install command is deprecated setup.py egg_info --egg-base ../../build/racecar_bringup build --build-base /home/racecar/ros2_ws/src/Team10_GROS5/build/racecar_bringup/build install --record /home/racecar/ros2_ws/src/Team10_GROS5/build/racecar_bringup/install.log --single-version-externally-managed install_data
[4.478s] DEBUG:colcon.colcon_core.event_handler.log_command:Invoking command in '/home/racecar/ros2_ws/src/Team10_GROS5/racecar-ros2/racecar_autopilot': DEBUGINFOD_URLS=https://debuginfod.ubuntu.com PYTHONPATH=/home/racecar/ros2_ws/src/Team10_GROS5/build/racecar_autopilot/prefix_override:/usr/lib/python3/dist-packages/colcon_core/task/python/colcon_distutils_commands:/home/racecar/ros2_ws/src/Team10_GROS5/install/racecar_autopilot/lib/python3.12/site-packages:${PYTHONPATH} /usr/bin/python3 -W ignore:setup.py install is deprecated -W ignore:easy_install command is deprecated setup.py egg_info --egg-base ../../build/racecar_autopilot build --build-base /home/racecar/ros2_ws/src/Team10_GROS5/build/racecar_autopilot/build install --record /home/racecar/ros2_ws/src/Team10_GROS5/build/racecar_autopilot/install.log --single-version-externally-managed install_data
[4.558s] DEBUG:colcon.colcon_core.event_handler.log_command:Invoked command in '/home/racecar/ros2_ws/src/Team10_GROS5/build/serial' returned '0': CMAKE_PREFIX_PATH=${CMAKE_PREFIX_PATH}:/home/racecar/ros2_ws/install/racecar_teleop:/home/racecar/ros2_ws/install/racecar_navigation:/home/racecar/ros2_ws/install/racecar_gazebo:/home/racecar/ros2_ws/install/racecar_description:/home/racecar/ros2_ws/install/racecar_bringup:/home/racecar/ros2_ws/install/racecar_behaviors:/home/racecar/ros2_ws/install/racecar_beacon:/home/racecar/ros2_ws/install/racecar_autopilot:/opt/ros/jazzy DEBUGINFOD_URLS=https://debuginfod.ubuntu.com /usr/bin/cmake /home/racecar/ros2_ws/src/Team10_GROS5/racecar-ros2/racecar_serial/libserial -DCMAKE_INSTALL_PREFIX=/home/racecar/ros2_ws/src/Team10_GROS5/install/serial
[4.560s] DEBUG:colcon.colcon_core.event_handler.log_command:Invoking command in '/home/racecar/ros2_ws/src/Team10_GROS5/build/serial': CMAKE_PREFIX_PATH=${CMAKE_PREFIX_PATH}:/home/racecar/ros2_ws/install/racecar_teleop:/home/racecar/ros2_ws/install/racecar_navigation:/home/racecar/ros2_ws/install/racecar_gazebo:/home/racecar/ros2_ws/install/racecar_description:/home/racecar/ros2_ws/install/racecar_bringup:/home/racecar/ros2_ws/install/racecar_behaviors:/home/racecar/ros2_ws/install/racecar_beacon:/home/racecar/ros2_ws/install/racecar_autopilot:/opt/ros/jazzy DEBUGINFOD_URLS=https://debuginfod.ubuntu.com /usr/bin/cmake --build /home/racecar/ros2_ws/src/Team10_GROS5/build/serial -- -j4 -l4
[6.368s] DEBUG:colcon.colcon_core.event_handler.log_command:Invoked command in '/home/racecar/ros2_ws/src/Team10_GROS5/racecar-ros2/racecar_behaviors' returned '0': DEBUGINFOD_URLS=https://debuginfod.ubuntu.com PYTHONPATH=/home/racecar/ros2_ws/src/Team10_GROS5/build/racecar_behaviors/prefix_override:/usr/lib/python3/dist-packages/colcon_core/task/python/colcon_distutils_commands:/home/racecar/ros2_ws/src/Team10_GROS5/install/racecar_behaviors/lib/python3.12/site-packages:${PYTHONPATH} /usr/bin/python3 -W ignore:setup.py install is deprecated -W ignore:easy_install command is deprecated setup.py egg_info --egg-base ../../build/racecar_behaviors build --build-base /home/racecar/ros2_ws/src/Team10_GROS5/build/racecar_behaviors/build install --record /home/racecar/ros2_ws/src/Team10_GROS5/build/racecar_behaviors/install.log --single-version-externally-managed install_data
[6.377s] Level 1:colcon.colcon_core.environment:checking '/home/racecar/ros2_ws/src/Team10_GROS5/install/racecar_behaviors' for CMake module files
[6.379s] Level 1:colcon.colcon_core.environment:checking '/home/racecar/ros2_ws/src/Team10_GROS5/install/racecar_behaviors' for CMake config files
[6.381s] Level 1:colcon.colcon_core.environment:checking '/home/racecar/ros2_ws/src/Team10_GROS5/install/racecar_behaviors/lib'
[6.382s] Level 1:colcon.colcon_core.environment:checking '/home/racecar/ros2_ws/src/Team10_GROS5/install/racecar_behaviors/bin'
[6.383s] Level 1:colcon.colcon_core.environment:checking '/home/racecar/ros2_ws/src/Team10_GROS5/install/racecar_behaviors/lib/pkgconfig/racecar_behaviors.pc'
[6.384s] Level 1:colcon.colcon_core.environment:checking '/home/racecar/ros2_ws/src/Team10_GROS5/install/racecar_behaviors/lib/python3.12/site-packages'
[6.384s] Level 1:colcon.colcon_core.shell:create_environment_hook('racecar_behaviors', 'pythonpath')
[6.385s] INFO:colcon.colcon_core.shell:Creating environment hook '/home/racecar/ros2_ws/src/Team10_GROS5/install/racecar_behaviors/share/racecar_behaviors/hook/pythonpath.ps1'
[6.387s] INFO:colcon.colcon_core.shell:Creating environment descriptor '/home/racecar/ros2_ws/src/Team10_GROS5/install/racecar_behaviors/share/racecar_behaviors/hook/pythonpath.dsv'
[6.388s] INFO:colcon.colcon_core.shell:Creating environment hook '/home/racecar/ros2_ws/src/Team10_GROS5/install/racecar_behaviors/share/racecar_behaviors/hook/pythonpath.sh'
[6.390s] Level 1:colcon.colcon_core.environment:checking '/home/racecar/ros2_ws/src/Team10_GROS5/install/racecar_behaviors/bin'
[6.390s] Level 1:colcon.colcon_core.environment:create_environment_scripts_only(racecar_behaviors)
[6.390s] INFO:colcon.colcon_core.shell:Creating package script '/home/racecar/ros2_ws/src/Team10_GROS5/install/racecar_behaviors/share/racecar_behaviors/package.ps1'
[6.392s] INFO:colcon.colcon_core.shell:Creating package descriptor '/home/racecar/ros2_ws/src/Team10_GROS5/install/racecar_behaviors/share/racecar_behaviors/package.dsv'
[6.393s] INFO:colcon.colcon_core.shell:Creating package script '/home/racecar/ros2_ws/src/Team10_GROS5/install/racecar_behaviors/share/racecar_behaviors/package.sh'
[6.394s] INFO:colcon.colcon_core.shell:Creating package script '/home/racecar/ros2_ws/src/Team10_GROS5/install/racecar_behaviors/share/racecar_behaviors/package.bash'
[6.395s] INFO:colcon.colcon_core.shell:Creating package script '/home/racecar/ros2_ws/src/Team10_GROS5/install/racecar_behaviors/share/racecar_behaviors/package.zsh'
[6.396s] Level 1:colcon.colcon_core.environment:create_file_with_runtime_dependencies(/home/racecar/ros2_ws/src/Team10_GROS5/install/racecar_behaviors/share/colcon-core/packages/racecar_behaviors)
[6.397s] INFO:colcon.colcon_ros.task.ament_python.build:Building ROS package in '/home/racecar/ros2_ws/src/Team10_GROS5/racecar-ros2/racecar_beacon' with build type 'ament_python'
[6.397s] Level 1:colcon.colcon_core.shell:create_environment_hook('racecar_beacon', 'ament_prefix_path')
[6.398s] INFO:colcon.colcon_core.shell:Creating environment hook '/home/racecar/ros2_ws/src/Team10_GROS5/install/racecar_beacon/share/racecar_beacon/hook/ament_prefix_path.ps1'
[6.400s] INFO:colcon.colcon_core.shell:Creating environment descriptor '/home/racecar/ros2_ws/src/Team10_GROS5/install/racecar_beacon/share/racecar_beacon/hook/ament_prefix_path.dsv'
[6.402s] INFO:colcon.colcon_core.shell:Creating environment hook '/home/racecar/ros2_ws/src/Team10_GROS5/install/racecar_beacon/share/racecar_beacon/hook/ament_prefix_path.sh'
[6.404s] INFO:colcon.colcon_core.shell:Skip shell extension 'powershell' for command environment: Not usable outside of PowerShell
[6.405s] DEBUG:colcon.colcon_core.shell:Skip shell extension 'dsv' for command environment
[6.424s] Level 1:colcon.colcon_core.environment:checking '/home/racecar/ros2_ws/src/Team10_GROS5/install/racecar_bringup' for CMake module files
[6.425s] Level 1:colcon.colcon_core.environment:checking '/home/racecar/ros2_ws/src/Team10_GROS5/install/racecar_bringup' for CMake config files
[6.426s] DEBUG:colcon.colcon_core.event_handler.log_command:Invoked command in '/home/racecar/ros2_ws/src/Team10_GROS5/racecar-ros2/racecar_bringup' returned '0': DEBUGINFOD_URLS=https://debuginfod.ubuntu.com PYTHONPATH=/home/racecar/ros2_ws/src/Team10_GROS5/build/racecar_bringup/prefix_override:/usr/lib/python3/dist-packages/colcon_core/task/python/colcon_distutils_commands:/home/racecar/ros2_ws/src/Team10_GROS5/install/racecar_bringup/lib/python3.12/site-packages:${PYTHONPATH} /usr/bin/python3 -W ignore:setup.py install is deprecated -W ignore:easy_install command is deprecated setup.py egg_info --egg-base ../../build/racecar_bringup build --build-base /home/racecar/ros2_ws/src/Team10_GROS5/build/racecar_bringup/build install --record /home/racecar/ros2_ws/src/Team10_GROS5/build/racecar_bringup/install.log --single-version-externally-managed install_data
[6.427s] Level 1:colcon.colcon_core.environment:checking '/home/racecar/ros2_ws/src/Team10_GROS5/install/racecar_bringup/lib'
[6.427s] Level 1:colcon.colcon_core.environment:checking '/home/racecar/ros2_ws/src/Team10_GROS5/install/racecar_bringup/bin'
[6.427s] Level 1:colcon.colcon_core.environment:checking '/home/racecar/ros2_ws/src/Team10_GROS5/install/racecar_bringup/lib/pkgconfig/racecar_bringup.pc'
[6.427s] Level 1:colcon.colcon_core.environment:checking '/home/racecar/ros2_ws/src/Team10_GROS5/install/racecar_bringup/lib/python3.12/site-packages'
[6.428s] Level 1:colcon.colcon_core.shell:create_environment_hook('racecar_bringup', 'pythonpath')
[6.428s] INFO:colcon.colcon_core.shell:Creating environment hook '/home/racecar/ros2_ws/src/Team10_GROS5/install/racecar_bringup/share/racecar_bringup/hook/pythonpath.ps1'
[6.429s] INFO:colcon.colcon_core.shell:Creating environment descriptor '/home/racecar/ros2_ws/src/Team10_GROS5/install/racecar_bringup/share/racecar_bringup/hook/pythonpath.dsv'
[6.429s] INFO:colcon.colcon_core.shell:Creating environment hook '/home/racecar/ros2_ws/src/Team10_GROS5/install/racecar_bringup/share/racecar_bringup/hook/pythonpath.sh'
[6.430s] Level 1:colcon.colcon_core.environment:checking '/home/racecar/ros2_ws/src/Team10_GROS5/install/racecar_bringup/bin'
[6.430s] Level 1:colcon.colcon_core.environment:create_environment_scripts_only(racecar_bringup)
[6.431s] INFO:colcon.colcon_core.shell:Creating package script '/home/racecar/ros2_ws/src/Team10_GROS5/install/racecar_bringup/share/racecar_bringup/package.ps1'
[6.431s] INFO:colcon.colcon_core.shell:Creating package descriptor '/home/racecar/ros2_ws/src/Team10_GROS5/install/racecar_bringup/share/racecar_bringup/package.dsv'
[6.432s] INFO:colcon.colcon_core.shell:Creating package script '/home/racecar/ros2_ws/src/Team10_GROS5/install/racecar_bringup/share/racecar_bringup/package.sh'
[6.437s] INFO:colcon.colcon_core.shell:Creating package script '/home/racecar/ros2_ws/src/Team10_GROS5/install/racecar_bringup/share/racecar_bringup/package.bash'
[6.441s] INFO:colcon.colcon_core.shell:Creating package script '/home/racecar/ros2_ws/src/Team10_GROS5/install/racecar_bringup/share/racecar_bringup/package.zsh'
[6.442s] Level 1:colcon.colcon_core.environment:create_file_with_runtime_dependencies(/home/racecar/ros2_ws/src/Team10_GROS5/install/racecar_bringup/share/colcon-core/packages/racecar_bringup)
[6.444s] INFO:colcon.colcon_ros.task.ament_python.build:Building ROS package in '/home/racecar/ros2_ws/src/Team10_GROS5/racecar-ros2/racecar_description' with build type 'ament_python'
[6.444s] Level 1:colcon.colcon_core.shell:create_environment_hook('racecar_description', 'ament_prefix_path')
[6.444s] INFO:colcon.colcon_core.shell:Creating environment hook '/home/racecar/ros2_ws/src/Team10_GROS5/install/racecar_description/share/racecar_description/hook/ament_prefix_path.ps1'
[6.446s] INFO:colcon.colcon_core.shell:Creating environment descriptor '/home/racecar/ros2_ws/src/Team10_GROS5/install/racecar_description/share/racecar_description/hook/ament_prefix_path.dsv'
[6.450s] INFO:colcon.colcon_core.shell:Creating environment hook '/home/racecar/ros2_ws/src/Team10_GROS5/install/racecar_description/share/racecar_description/hook/ament_prefix_path.sh'
[6.453s] INFO:colcon.colcon_core.shell:Skip shell extension 'powershell' for command environment: Not usable outside of PowerShell
[6.454s] DEBUG:colcon.colcon_core.shell:Skip shell extension 'dsv' for command environment
[7.165s] INFO:colcon.colcon_core.task.python.build:Building Python package in '/home/racecar/ros2_ws/src/Team10_GROS5/racecar-ros2/racecar_beacon'
[7.166s] INFO:colcon.colcon_core.shell:Skip shell extension 'powershell' for command environment: Not usable outside of PowerShell
[7.166s] DEBUG:colcon.colcon_core.shell:Skip shell extension 'dsv' for command environment
[7.189s] Level 1:colcon.colcon_core.environment:checking '/home/racecar/ros2_ws/src/Team10_GROS5/install/racecar_autopilot' for CMake module files
[7.191s] DEBUG:colcon.colcon_core.event_handler.log_command:Invoked command in '/home/racecar/ros2_ws/src/Team10_GROS5/racecar-ros2/racecar_autopilot' returned '0': DEBUGINFOD_URLS=https://debuginfod.ubuntu.com PYTHONPATH=/home/racecar/ros2_ws/src/Team10_GROS5/build/racecar_autopilot/prefix_override:/usr/lib/python3/dist-packages/colcon_core/task/python/colcon_distutils_commands:/home/racecar/ros2_ws/src/Team10_GROS5/install/racecar_autopilot/lib/python3.12/site-packages:${PYTHONPATH} /usr/bin/python3 -W ignore:setup.py install is deprecated -W ignore:easy_install command is deprecated setup.py egg_info --egg-base ../../build/racecar_autopilot build --build-base /home/racecar/ros2_ws/src/Team10_GROS5/build/racecar_autopilot/build install --record /home/racecar/ros2_ws/src/Team10_GROS5/build/racecar_autopilot/install.log --single-version-externally-managed install_data
[7.192s] Level 1:colcon.colcon_core.environment:checking '/home/racecar/ros2_ws/src/Team10_GROS5/install/racecar_autopilot' for CMake config files
[7.194s] Level 1:colcon.colcon_core.environment:checking '/home/racecar/ros2_ws/src/Team10_GROS5/install/racecar_autopilot/lib'
[7.194s] Level 1:colcon.colcon_core.environment:checking '/home/racecar/ros2_ws/src/Team10_GROS5/install/racecar_autopilot/bin'
[7.194s] Level 1:colcon.colcon_core.environment:checking '/home/racecar/ros2_ws/src/Team10_GROS5/install/racecar_autopilot/lib/pkgconfig/racecar_autopilot.pc'
[7.195s] Level 1:colcon.colcon_core.environment:checking '/home/racecar/ros2_ws/src/Team10_GROS5/install/racecar_autopilot/lib/python3.12/site-packages'
[7.196s] Level 1:colcon.colcon_core.shell:create_environment_hook('racecar_autopilot', 'pythonpath')
[7.196s] INFO:colcon.colcon_core.shell:Creating environment hook '/home/racecar/ros2_ws/src/Team10_GROS5/install/racecar_autopilot/share/racecar_autopilot/hook/pythonpath.ps1'
[7.198s] INFO:colcon.colcon_core.shell:Creating environment descriptor '/home/racecar/ros2_ws/src/Team10_GROS5/install/racecar_autopilot/share/racecar_autopilot/hook/pythonpath.dsv'
[7.199s] INFO:colcon.colcon_core.shell:Creating environment hook '/home/racecar/ros2_ws/src/Team10_GROS5/install/racecar_autopilot/share/racecar_autopilot/hook/pythonpath.sh'
[7.200s] Level 1:colcon.colcon_core.environment:checking '/home/racecar/ros2_ws/src/Team10_GROS5/install/racecar_autopilot/bin'
[7.201s] Level 1:colcon.colcon_core.environment:create_environment_scripts_only(racecar_autopilot)
[7.201s] INFO:colcon.colcon_core.shell:Creating package script '/home/racecar/ros2_ws/src/Team10_GROS5/install/racecar_autopilot/share/racecar_autopilot/package.ps1'
[7.203s] INFO:colcon.colcon_core.shell:Creating package descriptor '/home/racecar/ros2_ws/src/Team10_GROS5/install/racecar_autopilot/share/racecar_autopilot/package.dsv'
[7.204s] INFO:colcon.colcon_core.shell:Creating package script '/home/racecar/ros2_ws/src/Team10_GROS5/install/racecar_autopilot/share/racecar_autopilot/package.sh'
[7.206s] INFO:colcon.colcon_core.shell:Creating package script '/home/racecar/ros2_ws/src/Team10_GROS5/install/racecar_autopilot/share/racecar_autopilot/package.bash'
[7.207s] INFO:colcon.colcon_core.shell:Creating package script '/home/racecar/ros2_ws/src/Team10_GROS5/install/racecar_autopilot/share/racecar_autopilot/package.zsh'
[7.208s] Level 1:colcon.colcon_core.environment:create_file_with_runtime_dependencies(/home/racecar/ros2_ws/src/Team10_GROS5/install/racecar_autopilot/share/colcon-core/packages/racecar_autopilot)
[7.801s] INFO:colcon.colcon_core.task.python.build:Building Python package in '/home/racecar/ros2_ws/src/Team10_GROS5/racecar-ros2/racecar_description'
[7.802s] INFO:colcon.colcon_core.shell:Skip shell extension 'powershell' for command environment: Not usable outside of PowerShell
[7.802s] DEBUG:colcon.colcon_core.shell:Skip shell extension 'dsv' for command environment
[7.822s] INFO:colcon.colcon_ros.task.ament_python.build:Building ROS package in '/home/racecar/ros2_ws/src/Team10_GROS5/racecar-ros2/racecar_gazebo' with build type 'ament_python'
[7.822s] Level 1:colcon.colcon_core.shell:create_environment_hook('racecar_gazebo', 'ament_prefix_path')
[7.823s] INFO:colcon.colcon_core.shell:Creating environment hook '/home/racecar/ros2_ws/src/Team10_GROS5/install/racecar_gazebo/share/racecar_gazebo/hook/ament_prefix_path.ps1'
[7.824s] INFO:colcon.colcon_core.shell:Creating environment descriptor '/home/racecar/ros2_ws/src/Team10_GROS5/install/racecar_gazebo/share/racecar_gazebo/hook/ament_prefix_path.dsv'
[7.825s] INFO:colcon.colcon_core.shell:Creating environment hook '/home/racecar/ros2_ws/src/Team10_GROS5/install/racecar_gazebo/share/racecar_gazebo/hook/ament_prefix_path.sh'
[7.827s] INFO:colcon.colcon_core.shell:Skip shell extension 'powershell' for command environment: Not usable outside of PowerShell
[7.827s] DEBUG:colcon.colcon_core.shell:Skip shell extension 'dsv' for command environment
[8.632s] INFO:colcon.colcon_core.task.python.build:Building Python package in '/home/racecar/ros2_ws/src/Team10_GROS5/racecar-ros2/racecar_gazebo'
[8.633s] INFO:colcon.colcon_core.shell:Skip shell extension 'powershell' for command environment: Not usable outside of PowerShell
[8.633s] DEBUG:colcon.colcon_core.shell:Skip shell extension 'dsv' for command environment
[9.899s] DEBUG:colcon.colcon_core.event_handler.log_command:Invoked command in '/home/racecar/ros2_ws/src/Team10_GROS5/build/serial' returned '0': CMAKE_PREFIX_PATH=${CMAKE_PREFIX_PATH}:/home/racecar/ros2_ws/install/racecar_teleop:/home/racecar/ros2_ws/install/racecar_navigation:/home/racecar/ros2_ws/install/racecar_gazebo:/home/racecar/ros2_ws/install/racecar_description:/home/racecar/ros2_ws/install/racecar_bringup:/home/racecar/ros2_ws/install/racecar_behaviors:/home/racecar/ros2_ws/install/racecar_beacon:/home/racecar/ros2_ws/install/racecar_autopilot:/opt/ros/jazzy DEBUGINFOD_URLS=https://debuginfod.ubuntu.com /usr/bin/cmake --build /home/racecar/ros2_ws/src/Team10_GROS5/build/serial -- -j4 -l4
[9.942s] DEBUG:colcon.colcon_core.event_handler.log_command:Invoking command in '/home/racecar/ros2_ws/src/Team10_GROS5/build/serial': CMAKE_PREFIX_PATH=${CMAKE_PREFIX_PATH}:/home/racecar/ros2_ws/install/racecar_teleop:/home/racecar/ros2_ws/install/racecar_navigation:/home/racecar/ros2_ws/install/racecar_gazebo:/home/racecar/ros2_ws/install/racecar_description:/home/racecar/ros2_ws/install/racecar_bringup:/home/racecar/ros2_ws/install/racecar_behaviors:/home/racecar/ros2_ws/install/racecar_beacon:/home/racecar/ros2_ws/install/racecar_autopilot:/opt/ros/jazzy DEBUGINFOD_URLS=https://debuginfod.ubuntu.com /usr/bin/cmake --install /home/racecar/ros2_ws/src/Team10_GROS5/build/serial
[9.953s] DEBUG:colcon.colcon_core.event_handler.log_command:Invoking command in '/home/racecar/ros2_ws/src/Team10_GROS5/racecar-ros2/racecar_beacon': DEBUGINFOD_URLS=https://debuginfod.ubuntu.com PYTHONPATH=/home/racecar/ros2_ws/src/Team10_GROS5/build/racecar_beacon/prefix_override:/usr/lib/python3/dist-packages/colcon_core/task/python/colcon_distutils_commands:/home/racecar/ros2_ws/src/Team10_GROS5/install/racecar_beacon/lib/python3.12/site-packages:${PYTHONPATH} /usr/bin/python3 -W ignore:setup.py install is deprecated -W ignore:easy_install command is deprecated setup.py egg_info --egg-base ../../build/racecar_beacon build --build-base /home/racecar/ros2_ws/src/Team10_GROS5/build/racecar_beacon/build install --record /home/racecar/ros2_ws/src/Team10_GROS5/build/racecar_beacon/install.log --single-version-externally-managed install_data
[10.037s] Level 1:colcon.colcon_core.environment:create_environment_scripts_only(serial)
[10.038s] Level 1:colcon.colcon_core.environment:checking '/home/racecar/ros2_ws/src/Team10_GROS5/install/serial' for CMake module files
[10.039s] DEBUG:colcon.colcon_core.event_handler.log_command:Invoked command in '/home/racecar/ros2_ws/src/Team10_GROS5/build/serial' returned '0': CMAKE_PREFIX_PATH=${CMAKE_PREFIX_PATH}:/home/racecar/ros2_ws/install/racecar_teleop:/home/racecar/ros2_ws/install/racecar_navigation:/home/racecar/ros2_ws/install/racecar_gazebo:/home/racecar/ros2_ws/install/racecar_description:/home/racecar/ros2_ws/install/racecar_bringup:/home/racecar/ros2_ws/install/racecar_behaviors:/home/racecar/ros2_ws/install/racecar_beacon:/home/racecar/ros2_ws/install/racecar_autopilot:/opt/ros/jazzy DEBUGINFOD_URLS=https://debuginfod.ubuntu.com /usr/bin/cmake --install /home/racecar/ros2_ws/src/Team10_GROS5/build/serial
[10.040s] Level 1:colcon.colcon_core.environment:checking '/home/racecar/ros2_ws/src/Team10_GROS5/install/serial' for CMake config files
[10.040s] Level 1:colcon.colcon_core.shell:create_environment_hook('serial', 'cmake_prefix_path')
[10.041s] INFO:colcon.colcon_core.shell:Creating environment hook '/home/racecar/ros2_ws/src/Team10_GROS5/install/serial/share/serial/hook/cmake_prefix_path.ps1'
[10.042s] INFO:colcon.colcon_core.shell:Creating environment descriptor '/home/racecar/ros2_ws/src/Team10_GROS5/install/serial/share/serial/hook/cmake_prefix_path.dsv'
[10.043s] INFO:colcon.colcon_core.shell:Creating environment hook '/home/racecar/ros2_ws/src/Team10_GROS5/install/serial/share/serial/hook/cmake_prefix_path.sh'
[10.045s] Level 1:colcon.colcon_core.environment:checking '/home/racecar/ros2_ws/src/Team10_GROS5/install/serial/lib'
[10.045s] Level 1:colcon.colcon_core.environment:checking '/home/racecar/ros2_ws/src/Team10_GROS5/install/serial/bin'
[10.046s] Level 1:colcon.colcon_core.environment:checking '/home/racecar/ros2_ws/src/Team10_GROS5/install/serial/lib/pkgconfig/serial.pc'
[10.046s] Level 1:colcon.colcon_core.environment:checking '/home/racecar/ros2_ws/src/Team10_GROS5/install/serial/lib/python3.12/site-packages'
[10.046s] Level 1:colcon.colcon_core.environment:checking '/home/racecar/ros2_ws/src/Team10_GROS5/install/serial/bin'
[10.047s] INFO:colcon.colcon_core.shell:Creating package script '/home/racecar/ros2_ws/src/Team10_GROS5/install/serial/share/serial/package.ps1'
[10.048s] INFO:colcon.colcon_core.shell:Creating package descriptor '/home/racecar/ros2_ws/src/Team10_GROS5/install/serial/share/serial/package.dsv'
[10.050s] INFO:colcon.colcon_core.shell:Creating package script '/home/racecar/ros2_ws/src/Team10_GROS5/install/serial/share/serial/package.sh'
[10.051s] INFO:colcon.colcon_core.shell:Creating package script '/home/racecar/ros2_ws/src/Team10_GROS5/install/serial/share/serial/package.bash'
[10.051s] INFO:colcon.colcon_core.shell:Creating package script '/home/racecar/ros2_ws/src/Team10_GROS5/install/serial/share/serial/package.zsh'
[10.052s] Level 1:colcon.colcon_core.environment:create_file_with_runtime_dependencies(/home/racecar/ros2_ws/src/Team10_GROS5/install/serial/share/colcon-core/packages/serial)
[10.053s] Level 1:colcon.colcon_core.environment:create_environment_scripts_only(serial)
[10.053s] Level 1:colcon.colcon_core.environment:checking '/home/racecar/ros2_ws/src/Team10_GROS5/install/serial' for CMake module files
[10.054s] Level 1:colcon.colcon_core.environment:checking '/home/racecar/ros2_ws/src/Team10_GROS5/install/serial' for CMake config files
[10.054s] Level 1:colcon.colcon_core.shell:create_environment_hook('serial', 'cmake_prefix_path')
[10.054s] INFO:colcon.colcon_core.shell:Creating environment hook '/home/racecar/ros2_ws/src/Team10_GROS5/install/serial/share/serial/hook/cmake_prefix_path.ps1'
[10.055s] INFO:colcon.colcon_core.shell:Creating environment descriptor '/home/racecar/ros2_ws/src/Team10_GROS5/install/serial/share/serial/hook/cmake_prefix_path.dsv'
[10.055s] INFO:colcon.colcon_core.shell:Creating environment hook '/home/racecar/ros2_ws/src/Team10_GROS5/install/serial/share/serial/hook/cmake_prefix_path.sh'
[10.056s] Level 1:colcon.colcon_core.environment:checking '/home/racecar/ros2_ws/src/Team10_GROS5/install/serial/lib'
[10.056s] Level 1:colcon.colcon_core.environment:checking '/home/racecar/ros2_ws/src/Team10_GROS5/install/serial/bin'
[10.056s] Level 1:colcon.colcon_core.environment:checking '/home/racecar/ros2_ws/src/Team10_GROS5/install/serial/lib/pkgconfig/serial.pc'
[10.057s] Level 1:colcon.colcon_core.environment:checking '/home/racecar/ros2_ws/src/Team10_GROS5/install/serial/lib/python3.12/site-packages'
[10.057s] Level 1:colcon.colcon_core.environment:checking '/home/racecar/ros2_ws/src/Team10_GROS5/install/serial/bin'
[10.057s] INFO:colcon.colcon_core.shell:Creating package script '/home/racecar/ros2_ws/src/Team10_GROS5/install/serial/share/serial/package.ps1'
[10.058s] INFO:colcon.colcon_core.shell:Creating package descriptor '/home/racecar/ros2_ws/src/Team10_GROS5/install/serial/share/serial/package.dsv'
[10.113s] INFO:colcon.colcon_core.shell:Creating package script '/home/racecar/ros2_ws/src/Team10_GROS5/install/serial/share/serial/package.sh'
[10.114s] INFO:colcon.colcon_core.shell:Creating package script '/home/racecar/ros2_ws/src/Team10_GROS5/install/serial/share/serial/package.bash'
[10.115s] INFO:colcon.colcon_core.shell:Creating package script '/home/racecar/ros2_ws/src/Team10_GROS5/install/serial/share/serial/package.zsh'
[10.115s] Level 1:colcon.colcon_core.environment:create_file_with_runtime_dependencies(/home/racecar/ros2_ws/src/Team10_GROS5/install/serial/share/colcon-core/packages/serial)
[10.116s] INFO:colcon.colcon_ros.task.ament_python.build:Building ROS package in '/home/racecar/ros2_ws/src/Team10_GROS5/racecar-ros2/racecar_teleop' with build type 'ament_python'
[10.117s] Level 1:colcon.colcon_core.shell:create_environment_hook('racecar_teleop', 'ament_prefix_path')
[10.117s] INFO:colcon.colcon_core.shell:Creating environment hook '/home/racecar/ros2_ws/src/Team10_GROS5/install/racecar_teleop/share/racecar_teleop/hook/ament_prefix_path.ps1'
[10.119s] INFO:colcon.colcon_core.shell:Creating environment descriptor '/home/racecar/ros2_ws/src/Team10_GROS5/install/racecar_teleop/share/racecar_teleop/hook/ament_prefix_path.dsv'
[10.122s] INFO:colcon.colcon_core.shell:Creating environment hook '/home/racecar/ros2_ws/src/Team10_GROS5/install/racecar_teleop/share/racecar_teleop/hook/ament_prefix_path.sh'
[10.123s] INFO:colcon.colcon_core.shell:Skip shell extension 'powershell' for command environment: Not usable outside of PowerShell
[10.123s] DEBUG:colcon.colcon_core.shell:Skip shell extension 'dsv' for command environment
[10.149s] DEBUG:colcon.colcon_core.event_handler.log_command:Invoking command in '/home/racecar/ros2_ws/src/Team10_GROS5/racecar-ros2/racecar_description': DEBUGINFOD_URLS=https://debuginfod.ubuntu.com PYTHONPATH=/home/racecar/ros2_ws/src/Team10_GROS5/build/racecar_description/prefix_override:/usr/lib/python3/dist-packages/colcon_core/task/python/colcon_distutils_commands:/home/racecar/ros2_ws/src/Team10_GROS5/install/racecar_description/lib/python3.12/site-packages:${PYTHONPATH} /usr/bin/python3 -W ignore:setup.py install is deprecated -W ignore:easy_install command is deprecated setup.py egg_info --egg-base ../../build/racecar_description build --build-base /home/racecar/ros2_ws/src/Team10_GROS5/build/racecar_description/build install --record /home/racecar/ros2_ws/src/Team10_GROS5/build/racecar_description/install.log --single-version-externally-managed install_data
[11.037s] INFO:colcon.colcon_core.task.python.build:Building Python package in '/home/racecar/ros2_ws/src/Team10_GROS5/racecar-ros2/racecar_teleop'
[11.037s] INFO:colcon.colcon_core.shell:Skip shell extension 'powershell' for command environment: Not usable outside of PowerShell
[11.037s] DEBUG:colcon.colcon_core.shell:Skip shell extension 'dsv' for command environment
[11.063s] DEBUG:colcon.colcon_core.event_handler.log_command:Invoking command in '/home/racecar/ros2_ws/src/Team10_GROS5/racecar-ros2/racecar_gazebo': DEBUGINFOD_URLS=https://debuginfod.ubuntu.com PYTHONPATH=/home/racecar/ros2_ws/src/Team10_GROS5/build/racecar_gazebo/prefix_override:/usr/lib/python3/dist-packages/colcon_core/task/python/colcon_distutils_commands:/home/racecar/ros2_ws/src/Team10_GROS5/install/racecar_gazebo/lib/python3.12/site-packages:${PYTHONPATH} /usr/bin/python3 -W ignore:setup.py install is deprecated -W ignore:easy_install command is deprecated setup.py egg_info --egg-base ../../build/racecar_gazebo build --build-base /home/racecar/ros2_ws/src/Team10_GROS5/build/racecar_gazebo/build install --record /home/racecar/ros2_ws/src/Team10_GROS5/build/racecar_gazebo/install.log --single-version-externally-managed install_data
[11.873s] Level 1:colcon.colcon_core.environment:checking '/home/racecar/ros2_ws/src/Team10_GROS5/install/racecar_beacon' for CMake module files
[11.874s] DEBUG:colcon.colcon_core.event_handler.log_command:Invoked command in '/home/racecar/ros2_ws/src/Team10_GROS5/racecar-ros2/racecar_beacon' returned '0': DEBUGINFOD_URLS=https://debuginfod.ubuntu.com PYTHONPATH=/home/racecar/ros2_ws/src/Team10_GROS5/build/racecar_beacon/prefix_override:/usr/lib/python3/dist-packages/colcon_core/task/python/colcon_distutils_commands:/home/racecar/ros2_ws/src/Team10_GROS5/install/racecar_beacon/lib/python3.12/site-packages:${PYTHONPATH} /usr/bin/python3 -W ignore:setup.py install is deprecated -W ignore:easy_install command is deprecated setup.py egg_info --egg-base ../../build/racecar_beacon build --build-base /home/racecar/ros2_ws/src/Team10_GROS5/build/racecar_beacon/build install --record /home/racecar/ros2_ws/src/Team10_GROS5/build/racecar_beacon/install.log --single-version-externally-managed install_data
[11.875s] Level 1:colcon.colcon_core.environment:checking '/home/racecar/ros2_ws/src/Team10_GROS5/install/racecar_beacon' for CMake config files
[11.877s] Level 1:colcon.colcon_core.environment:checking '/home/racecar/ros2_ws/src/Team10_GROS5/install/racecar_beacon/lib'
[11.878s] Level 1:colcon.colcon_core.environment:checking '/home/racecar/ros2_ws/src/Team10_GROS5/install/racecar_beacon/bin'
[11.878s] Level 1:colcon.colcon_core.environment:checking '/home/racecar/ros2_ws/src/Team10_GROS5/install/racecar_beacon/lib/pkgconfig/racecar_beacon.pc'
[11.879s] Level 1:colcon.colcon_core.environment:checking '/home/racecar/ros2_ws/src/Team10_GROS5/install/racecar_beacon/lib/python3.12/site-packages'
[11.879s] Level 1:colcon.colcon_core.shell:create_environment_hook('racecar_beacon', 'pythonpath')
[11.880s] INFO:colcon.colcon_core.shell:Creating environment hook '/home/racecar/ros2_ws/src/Team10_GROS5/install/racecar_beacon/share/racecar_beacon/hook/pythonpath.ps1'
[11.881s] INFO:colcon.colcon_core.shell:Creating environment descriptor '/home/racecar/ros2_ws/src/Team10_GROS5/install/racecar_beacon/share/racecar_beacon/hook/pythonpath.dsv'
[11.882s] INFO:colcon.colcon_core.shell:Creating environment hook '/home/racecar/ros2_ws/src/Team10_GROS5/install/racecar_beacon/share/racecar_beacon/hook/pythonpath.sh'
[11.883s] Level 1:colcon.colcon_core.environment:checking '/home/racecar/ros2_ws/src/Team10_GROS5/install/racecar_beacon/bin'
[11.883s] Level 1:colcon.colcon_core.environment:create_environment_scripts_only(racecar_beacon)
[11.884s] INFO:colcon.colcon_core.shell:Creating package script '/home/racecar/ros2_ws/src/Team10_GROS5/install/racecar_beacon/share/racecar_beacon/package.ps1'
[11.884s] INFO:colcon.colcon_core.shell:Creating package descriptor '/home/racecar/ros2_ws/src/Team10_GROS5/install/racecar_beacon/share/racecar_beacon/package.dsv'
[11.885s] INFO:colcon.colcon_core.shell:Creating package script '/home/racecar/ros2_ws/src/Team10_GROS5/install/racecar_beacon/share/racecar_beacon/package.sh'
[11.885s] INFO:colcon.colcon_core.shell:Creating package script '/home/racecar/ros2_ws/src/Team10_GROS5/install/racecar_beacon/share/racecar_beacon/package.bash'
[11.886s] INFO:colcon.colcon_core.shell:Creating package script '/home/racecar/ros2_ws/src/Team10_GROS5/install/racecar_beacon/share/racecar_beacon/package.zsh'
[11.886s] Level 1:colcon.colcon_core.environment:create_file_with_runtime_dependencies(/home/racecar/ros2_ws/src/Team10_GROS5/install/racecar_beacon/share/colcon-core/packages/racecar_beacon)
[11.887s] INFO:colcon.colcon_ros.task.ament_cmake.build:Building ROS package in '/home/racecar/ros2_ws/src/Team10_GROS5/racecar-ros2/racecar_serial/pb2roscpp' with build type 'ament_cmake'
[11.887s] INFO:colcon.colcon_cmake.task.cmake.build:Building CMake package in '/home/racecar/ros2_ws/src/Team10_GROS5/racecar-ros2/racecar_serial/pb2roscpp'
[11.887s] INFO:colcon.colcon_core.shell:Skip shell extension 'powershell' for command environment: Not usable outside of PowerShell
[11.887s] DEBUG:colcon.colcon_core.shell:Skip shell extension 'dsv' for command environment
[11.921s] DEBUG:colcon.colcon_core.event_handler.log_command:Invoking command in '/home/racecar/ros2_ws/src/Team10_GROS5/build/pb2roscpp': AMENT_PREFIX_PATH=/home/racecar/ros2_ws/src/Team10_GROS5/install/serial:${AMENT_PREFIX_PATH} CMAKE_PREFIX_PATH=/home/racecar/ros2_ws/src/Team10_GROS5/install/serial:/home/racecar/rplidar_ws/install/rplidar_ros:/home/racecar/ros2_ws/install/pb2roscpp:/home/racecar/ros2_ws/install/serial:/opt/ros/jazzy/opt/gz_sim_vendor:/opt/ros/jazzy/opt/gz_sensors_vendor:/opt/ros/jazzy/opt/gz_physics_vendor:/opt/ros/jazzy/opt/sdformat_vendor:/opt/ros/jazzy/opt/gz_gui_vendor:/opt/ros/jazzy/opt/gz_transport_vendor:/opt/ros/jazzy/opt/gz_rendering_vendor:/opt/ros/jazzy/opt/gz_plugin_vendor:/opt/ros/jazzy/opt/gz_fuel_tools_vendor:/opt/ros/jazzy/opt/gz_msgs_vendor:/opt/ros/jazzy/opt/gz_common_vendor:/opt/ros/jazzy/opt/gz_math_vendor:/opt/ros/jazzy/opt/gz_utils_vendor:/opt/ros/jazzy/opt/gz_tools_vendor:/opt/ros/jazzy/opt/gz_ogre_next_vendor:/opt/ros/jazzy/opt/gz_dartsim_vendor:/opt/ros/jazzy/opt/gz_cmake_vendor:/home/racecar/ros2_ws/install/racecar_teleop:/home/racecar/ros2_ws/install/racecar_navigation:/home/racecar/ros2_ws/install/racecar_gazebo:/home/racecar/ros2_ws/install/racecar_description:/home/racecar/ros2_ws/install/racecar_bringup:/home/racecar/ros2_ws/install/racecar_behaviors:/home/racecar/ros2_ws/install/racecar_beacon:/home/racecar/ros2_ws/install/racecar_autopilot:/opt/ros/jazzy DEBUGINFOD_URLS=https://debuginfod.ubuntu.com LD_LIBRARY_PATH=/home/racecar/ros2_ws/src/Team10_GROS5/install/serial/lib:${LD_LIBRARY_PATH} /usr/bin/cmake /home/racecar/ros2_ws/src/Team10_GROS5/racecar-ros2/racecar_serial/pb2roscpp -DCMAKE_INSTALL_PREFIX=/home/racecar/ros2_ws/src/Team10_GROS5/install/pb2roscpp
[12.135s] Level 1:colcon.colcon_core.environment:checking '/home/racecar/ros2_ws/src/Team10_GROS5/install/racecar_description' for CMake module files
[12.140s] Level 1:colcon.colcon_core.environment:checking '/home/racecar/ros2_ws/src/Team10_GROS5/install/racecar_description' for CMake config files
[12.136s] DEBUG:colcon.colcon_core.event_handler.log_command:Invoked command in '/home/racecar/ros2_ws/src/Team10_GROS5/racecar-ros2/racecar_description' returned '0': DEBUGINFOD_URLS=https://debuginfod.ubuntu.com PYTHONPATH=/home/racecar/ros2_ws/src/Team10_GROS5/build/racecar_description/prefix_override:/usr/lib/python3/dist-packages/colcon_core/task/python/colcon_distutils_commands:/home/racecar/ros2_ws/src/Team10_GROS5/install/racecar_description/lib/python3.12/site-packages:${PYTHONPATH} /usr/bin/python3 -W ignore:setup.py install is deprecated -W ignore:easy_install command is deprecated setup.py egg_info --egg-base ../../build/racecar_description build --build-base /home/racecar/ros2_ws/src/Team10_GROS5/build/racecar_description/build install --record /home/racecar/ros2_ws/src/Team10_GROS5/build/racecar_description/install.log --single-version-externally-managed install_data
[12.145s] Level 1:colcon.colcon_core.environment:checking '/home/racecar/ros2_ws/src/Team10_GROS5/install/racecar_description/lib'
[12.145s] Level 1:colcon.colcon_core.environment:checking '/home/racecar/ros2_ws/src/Team10_GROS5/install/racecar_description/bin'
[12.145s] Level 1:colcon.colcon_core.environment:checking '/home/racecar/ros2_ws/src/Team10_GROS5/install/racecar_description/lib/pkgconfig/racecar_description.pc'
[12.146s] Level 1:colcon.colcon_core.environment:checking '/home/racecar/ros2_ws/src/Team10_GROS5/install/racecar_description/lib/python3.12/site-packages'
[12.146s] Level 1:colcon.colcon_core.shell:create_environment_hook('racecar_description', 'pythonpath')
[12.147s] INFO:colcon.colcon_core.shell:Creating environment hook '/home/racecar/ros2_ws/src/Team10_GROS5/install/racecar_description/share/racecar_description/hook/pythonpath.ps1'
[12.148s] INFO:colcon.colcon_core.shell:Creating environment descriptor '/home/racecar/ros2_ws/src/Team10_GROS5/install/racecar_description/share/racecar_description/hook/pythonpath.dsv'
[12.148s] INFO:colcon.colcon_core.shell:Creating environment hook '/home/racecar/ros2_ws/src/Team10_GROS5/install/racecar_description/share/racecar_description/hook/pythonpath.sh'
[12.150s] Level 1:colcon.colcon_core.environment:checking '/home/racecar/ros2_ws/src/Team10_GROS5/install/racecar_description/bin'
[12.150s] Level 1:colcon.colcon_core.environment:create_environment_scripts_only(racecar_description)
[12.150s] INFO:colcon.colcon_core.shell:Creating package script '/home/racecar/ros2_ws/src/Team10_GROS5/install/racecar_description/share/racecar_description/package.ps1'
[12.152s] INFO:colcon.colcon_core.shell:Creating package descriptor '/home/racecar/ros2_ws/src/Team10_GROS5/install/racecar_description/share/racecar_description/package.dsv'
[12.153s] INFO:colcon.colcon_core.shell:Creating package script '/home/racecar/ros2_ws/src/Team10_GROS5/install/racecar_description/share/racecar_description/package.sh'
[12.154s] INFO:colcon.colcon_core.shell:Creating package script '/home/racecar/ros2_ws/src/Team10_GROS5/install/racecar_description/share/racecar_description/package.bash'
[12.155s] INFO:colcon.colcon_core.shell:Creating package script '/home/racecar/ros2_ws/src/Team10_GROS5/install/racecar_description/share/racecar_description/package.zsh'
[12.156s] Level 1:colcon.colcon_core.environment:create_file_with_runtime_dependencies(/home/racecar/ros2_ws/src/Team10_GROS5/install/racecar_description/share/colcon-core/packages/racecar_description)
[12.158s] INFO:colcon.colcon_ros.task.ament_python.build:Building ROS package in '/home/racecar/ros2_ws/src/Team10_GROS5/racecar-ros2/racecar_navigation' with build type 'ament_python'
[12.159s] Level 1:colcon.colcon_core.shell:create_environment_hook('racecar_navigation', 'ament_prefix_path')
[12.159s] INFO:colcon.colcon_core.shell:Creating environment hook '/home/racecar/ros2_ws/src/Team10_GROS5/install/racecar_navigation/share/racecar_navigation/hook/ament_prefix_path.ps1'
[12.160s] INFO:colcon.colcon_core.shell:Creating environment descriptor '/home/racecar/ros2_ws/src/Team10_GROS5/install/racecar_navigation/share/racecar_navigation/hook/ament_prefix_path.dsv'
[12.161s] INFO:colcon.colcon_core.shell:Creating environment hook '/home/racecar/ros2_ws/src/Team10_GROS5/install/racecar_navigation/share/racecar_navigation/hook/ament_prefix_path.sh'
[12.162s] INFO:colcon.colcon_core.shell:Skip shell extension 'powershell' for command environment: Not usable outside of PowerShell
[12.162s] DEBUG:colcon.colcon_core.shell:Skip shell extension 'dsv' for command environment
[13.128s] INFO:colcon.colcon_core.task.python.build:Building Python package in '/home/racecar/ros2_ws/src/Team10_GROS5/racecar-ros2/racecar_navigation'
[13.132s] INFO:colcon.colcon_core.shell:Skip shell extension 'powershell' for command environment: Not usable outside of PowerShell
[13.133s] DEBUG:colcon.colcon_core.shell:Skip shell extension 'dsv' for command environment
[13.165s] Level 1:colcon.colcon_core.environment:checking '/home/racecar/ros2_ws/src/Team10_GROS5/install/racecar_gazebo' for CMake module files
[13.166s] DEBUG:colcon.colcon_core.event_handler.log_command:Invoked command in '/home/racecar/ros2_ws/src/Team10_GROS5/racecar-ros2/racecar_gazebo' returned '0': DEBUGINFOD_URLS=https://debuginfod.ubuntu.com PYTHONPATH=/home/racecar/ros2_ws/src/Team10_GROS5/build/racecar_gazebo/prefix_override:/usr/lib/python3/dist-packages/colcon_core/task/python/colcon_distutils_commands:/home/racecar/ros2_ws/src/Team10_GROS5/install/racecar_gazebo/lib/python3.12/site-packages:${PYTHONPATH} /usr/bin/python3 -W ignore:setup.py install is deprecated -W ignore:easy_install command is deprecated setup.py egg_info --egg-base ../../build/racecar_gazebo build --build-base /home/racecar/ros2_ws/src/Team10_GROS5/build/racecar_gazebo/build install --record /home/racecar/ros2_ws/src/Team10_GROS5/build/racecar_gazebo/install.log --single-version-externally-managed install_data
[13.167s] Level 1:colcon.colcon_core.environment:checking '/home/racecar/ros2_ws/src/Team10_GROS5/install/racecar_gazebo' for CMake config files
[13.169s] Level 1:colcon.colcon_core.environment:checking '/home/racecar/ros2_ws/src/Team10_GROS5/install/racecar_gazebo/lib'
[13.169s] Level 1:colcon.colcon_core.environment:checking '/home/racecar/ros2_ws/src/Team10_GROS5/install/racecar_gazebo/bin'
[13.169s] Level 1:colcon.colcon_core.environment:checking '/home/racecar/ros2_ws/src/Team10_GROS5/install/racecar_gazebo/lib/pkgconfig/racecar_gazebo.pc'
[13.170s] Level 1:colcon.colcon_core.environment:checking '/home/racecar/ros2_ws/src/Team10_GROS5/install/racecar_gazebo/lib/python3.12/site-packages'
[13.171s] Level 1:colcon.colcon_core.shell:create_environment_hook('racecar_gazebo', 'pythonpath')
[13.171s] INFO:colcon.colcon_core.shell:Creating environment hook '/home/racecar/ros2_ws/src/Team10_GROS5/install/racecar_gazebo/share/racecar_gazebo/hook/pythonpath.ps1'
[13.173s] INFO:colcon.colcon_core.shell:Creating environment descriptor '/home/racecar/ros2_ws/src/Team10_GROS5/install/racecar_gazebo/share/racecar_gazebo/hook/pythonpath.dsv'
[13.173s] INFO:colcon.colcon_core.shell:Creating environment hook '/home/racecar/ros2_ws/src/Team10_GROS5/install/racecar_gazebo/share/racecar_gazebo/hook/pythonpath.sh'
[13.175s] Level 1:colcon.colcon_core.environment:checking '/home/racecar/ros2_ws/src/Team10_GROS5/install/racecar_gazebo/bin'
[13.175s] Level 1:colcon.colcon_core.environment:create_environment_scripts_only(racecar_gazebo)
[13.176s] INFO:colcon.colcon_core.shell:Creating package script '/home/racecar/ros2_ws/src/Team10_GROS5/install/racecar_gazebo/share/racecar_gazebo/package.ps1'
[13.177s] INFO:colcon.colcon_core.shell:Creating package descriptor '/home/racecar/ros2_ws/src/Team10_GROS5/install/racecar_gazebo/share/racecar_gazebo/package.dsv'
[13.178s] INFO:colcon.colcon_core.shell:Creating package script '/home/racecar/ros2_ws/src/Team10_GROS5/install/racecar_gazebo/share/racecar_gazebo/package.sh'
[13.179s] INFO:colcon.colcon_core.shell:Creating package script '/home/racecar/ros2_ws/src/Team10_GROS5/install/racecar_gazebo/share/racecar_gazebo/package.bash'
[13.180s] INFO:colcon.colcon_core.shell:Creating package script '/home/racecar/ros2_ws/src/Team10_GROS5/install/racecar_gazebo/share/racecar_gazebo/package.zsh'
[13.181s] Level 1:colcon.colcon_core.environment:create_file_with_runtime_dependencies(/home/racecar/ros2_ws/src/Team10_GROS5/install/racecar_gazebo/share/colcon-core/packages/racecar_gazebo)
[13.284s] DEBUG:colcon.colcon_core.event_handler.log_command:Invoking command in '/home/racecar/ros2_ws/src/Team10_GROS5/racecar-ros2/racecar_teleop': DEBUGINFOD_URLS=https://debuginfod.ubuntu.com PYTHONPATH=/home/racecar/ros2_ws/src/Team10_GROS5/build/racecar_teleop/prefix_override:/usr/lib/python3/dist-packages/colcon_core/task/python/colcon_distutils_commands:/home/racecar/ros2_ws/src/Team10_GROS5/install/racecar_teleop/lib/python3.12/site-packages:${PYTHONPATH} /usr/bin/python3 -W ignore:setup.py install is deprecated -W ignore:easy_install command is deprecated setup.py egg_info --egg-base ../../build/racecar_teleop build --build-base /home/racecar/ros2_ws/src/Team10_GROS5/build/racecar_teleop/build install --record /home/racecar/ros2_ws/src/Team10_GROS5/build/racecar_teleop/install.log --single-version-externally-managed install_data
[14.994s] DEBUG:colcon.colcon_core.event_handler.log_command:Invoking command in '/home/racecar/ros2_ws/src/Team10_GROS5/racecar-ros2/racecar_navigation': AMENT_PREFIX_PATH=/home/racecar/ros2_ws/src/Team10_GROS5/install/racecar_bringup:/home/racecar/ros2_ws/src/Team10_GROS5/install/racecar_behaviors:${AMENT_PREFIX_PATH} DEBUGINFOD_URLS=https://debuginfod.ubuntu.com PYTHONPATH=/home/racecar/ros2_ws/src/Team10_GROS5/build/racecar_navigation/prefix_override:/usr/lib/python3/dist-packages/colcon_core/task/python/colcon_distutils_commands:/home/racecar/ros2_ws/src/Team10_GROS5/install/racecar_navigation/lib/python3.12/site-packages:/home/racecar/ros2_ws/src/Team10_GROS5/install/racecar_bringup/lib/python3.12/site-packages:/home/racecar/ros2_ws/src/Team10_GROS5/install/racecar_behaviors/lib/python3.12/site-packages:${PYTHONPATH} /usr/bin/python3 -W ignore:setup.py install is deprecated -W ignore:easy_install command is deprecated setup.py egg_info --egg-base ../../build/racecar_navigation build --build-base /home/racecar/ros2_ws/src/Team10_GROS5/build/racecar_navigation/build install --record /home/racecar/ros2_ws/src/Team10_GROS5/build/racecar_navigation/install.log --single-version-externally-managed install_data
[14.996s] Level 1:colcon.colcon_core.environment:checking '/home/racecar/ros2_ws/src/Team10_GROS5/install/racecar_teleop' for CMake module files
[14.998s] Level 1:colcon.colcon_core.environment:checking '/home/racecar/ros2_ws/src/Team10_GROS5/install/racecar_teleop' for CMake config files
[14.998s] DEBUG:colcon.colcon_core.event_handler.log_command:Invoked command in '/home/racecar/ros2_ws/src/Team10_GROS5/racecar-ros2/racecar_teleop' returned '0': DEBUGINFOD_URLS=https://debuginfod.ubuntu.com PYTHONPATH=/home/racecar/ros2_ws/src/Team10_GROS5/build/racecar_teleop/prefix_override:/usr/lib/python3/dist-packages/colcon_core/task/python/colcon_distutils_commands:/home/racecar/ros2_ws/src/Team10_GROS5/install/racecar_teleop/lib/python3.12/site-packages:${PYTHONPATH} /usr/bin/python3 -W ignore:setup.py install is deprecated -W ignore:easy_install command is deprecated setup.py egg_info --egg-base ../../build/racecar_teleop build --build-base /home/racecar/ros2_ws/src/Team10_GROS5/build/racecar_teleop/build install --record /home/racecar/ros2_ws/src/Team10_GROS5/build/racecar_teleop/install.log --single-version-externally-managed install_data
[14.999s] Level 1:colcon.colcon_core.environment:checking '/home/racecar/ros2_ws/src/Team10_GROS5/install/racecar_teleop/lib'
[14.999s] Level 1:colcon.colcon_core.environment:checking '/home/racecar/ros2_ws/src/Team10_GROS5/install/racecar_teleop/bin'
[14.999s] Level 1:colcon.colcon_core.environment:checking '/home/racecar/ros2_ws/src/Team10_GROS5/install/racecar_teleop/lib/pkgconfig/racecar_teleop.pc'
[15.000s] Level 1:colcon.colcon_core.environment:checking '/home/racecar/ros2_ws/src/Team10_GROS5/install/racecar_teleop/lib/python3.12/site-packages'
[15.000s] Level 1:colcon.colcon_core.shell:create_environment_hook('racecar_teleop', 'pythonpath')
[15.000s] INFO:colcon.colcon_core.shell:Creating environment hook '/home/racecar/ros2_ws/src/Team10_GROS5/install/racecar_teleop/share/racecar_teleop/hook/pythonpath.ps1'
[15.001s] INFO:colcon.colcon_core.shell:Creating environment descriptor '/home/racecar/ros2_ws/src/Team10_GROS5/install/racecar_teleop/share/racecar_teleop/hook/pythonpath.dsv'
[15.001s] INFO:colcon.colcon_core.shell:Creating environment hook '/home/racecar/ros2_ws/src/Team10_GROS5/install/racecar_teleop/share/racecar_teleop/hook/pythonpath.sh'
[15.002s] Level 1:colcon.colcon_core.environment:checking '/home/racecar/ros2_ws/src/Team10_GROS5/install/racecar_teleop/bin'
[15.002s] Level 1:colcon.colcon_core.environment:create_environment_scripts_only(racecar_teleop)
[15.002s] INFO:colcon.colcon_core.shell:Creating package script '/home/racecar/ros2_ws/src/Team10_GROS5/install/racecar_teleop/share/racecar_teleop/package.ps1'
[15.003s] INFO:colcon.colcon_core.shell:Creating package descriptor '/home/racecar/ros2_ws/src/Team10_GROS5/install/racecar_teleop/share/racecar_teleop/package.dsv'
[15.004s] INFO:colcon.colcon_core.shell:Creating package script '/home/racecar/ros2_ws/src/Team10_GROS5/install/racecar_teleop/share/racecar_teleop/package.sh'
[15.004s] INFO:colcon.colcon_core.shell:Creating package script '/home/racecar/ros2_ws/src/Team10_GROS5/install/racecar_teleop/share/racecar_teleop/package.bash'
[15.005s] INFO:colcon.colcon_core.shell:Creating package script '/home/racecar/ros2_ws/src/Team10_GROS5/install/racecar_teleop/share/racecar_teleop/package.zsh'
[15.005s] Level 1:colcon.colcon_core.environment:create_file_with_runtime_dependencies(/home/racecar/ros2_ws/src/Team10_GROS5/install/racecar_teleop/share/colcon-core/packages/racecar_teleop)
[16.200s] DEBUG:colcon.colcon_core.event_handler.log_command:Invoked command in '/home/racecar/ros2_ws/src/Team10_GROS5/build/pb2roscpp' returned '0': AMENT_PREFIX_PATH=/home/racecar/ros2_ws/src/Team10_GROS5/install/serial:${AMENT_PREFIX_PATH} CMAKE_PREFIX_PATH=/home/racecar/ros2_ws/src/Team10_GROS5/install/serial:/home/racecar/rplidar_ws/install/rplidar_ros:/home/racecar/ros2_ws/install/pb2roscpp:/home/racecar/ros2_ws/install/serial:/opt/ros/jazzy/opt/gz_sim_vendor:/opt/ros/jazzy/opt/gz_sensors_vendor:/opt/ros/jazzy/opt/gz_physics_vendor:/opt/ros/jazzy/opt/sdformat_vendor:/opt/ros/jazzy/opt/gz_gui_vendor:/opt/ros/jazzy/opt/gz_transport_vendor:/opt/ros/jazzy/opt/gz_rendering_vendor:/opt/ros/jazzy/opt/gz_plugin_vendor:/opt/ros/jazzy/opt/gz_fuel_tools_vendor:/opt/ros/jazzy/opt/gz_msgs_vendor:/opt/ros/jazzy/opt/gz_common_vendor:/opt/ros/jazzy/opt/gz_math_vendor:/opt/ros/jazzy/opt/gz_utils_vendor:/opt/ros/jazzy/opt/gz_tools_vendor:/opt/ros/jazzy/opt/gz_ogre_next_vendor:/opt/ros/jazzy/opt/gz_dartsim_vendor:/opt/ros/jazzy/opt/gz_cmake_vendor:/home/racecar/ros2_ws/install/racecar_teleop:/home/racecar/ros2_ws/install/racecar_navigation:/home/racecar/ros2_ws/install/racecar_gazebo:/home/racecar/ros2_ws/install/racecar_description:/home/racecar/ros2_ws/install/racecar_bringup:/home/racecar/ros2_ws/install/racecar_behaviors:/home/racecar/ros2_ws/install/racecar_beacon:/home/racecar/ros2_ws/install/racecar_autopilot:/opt/ros/jazzy DEBUGINFOD_URLS=https://debuginfod.ubuntu.com LD_LIBRARY_PATH=/home/racecar/ros2_ws/src/Team10_GROS5/install/serial/lib:${LD_LIBRARY_PATH} /usr/bin/cmake /home/racecar/ros2_ws/src/Team10_GROS5/racecar-ros2/racecar_serial/pb2roscpp -DCMAKE_INSTALL_PREFIX=/home/racecar/ros2_ws/src/Team10_GROS5/install/pb2roscpp
[16.202s] DEBUG:colcon.colcon_core.event_handler.log_command:Invoking command in '/home/racecar/ros2_ws/src/Team10_GROS5/build/pb2roscpp': AMENT_PREFIX_PATH=/home/racecar/ros2_ws/src/Team10_GROS5/install/serial:${AMENT_PREFIX_PATH} CMAKE_PREFIX_PATH=/home/racecar/ros2_ws/src/Team10_GROS5/install/serial:/home/racecar/rplidar_ws/install/rplidar_ros:/home/racecar/ros2_ws/install/pb2roscpp:/home/racecar/ros2_ws/install/serial:/opt/ros/jazzy/opt/gz_sim_vendor:/opt/ros/jazzy/opt/gz_sensors_vendor:/opt/ros/jazzy/opt/gz_physics_vendor:/opt/ros/jazzy/opt/sdformat_vendor:/opt/ros/jazzy/opt/gz_gui_vendor:/opt/ros/jazzy/opt/gz_transport_vendor:/opt/ros/jazzy/opt/gz_rendering_vendor:/opt/ros/jazzy/opt/gz_plugin_vendor:/opt/ros/jazzy/opt/gz_fuel_tools_vendor:/opt/ros/jazzy/opt/gz_msgs_vendor:/opt/ros/jazzy/opt/gz_common_vendor:/opt/ros/jazzy/opt/gz_math_vendor:/opt/ros/jazzy/opt/gz_utils_vendor:/opt/ros/jazzy/opt/gz_tools_vendor:/opt/ros/jazzy/opt/gz_ogre_next_vendor:/opt/ros/jazzy/opt/gz_dartsim_vendor:/opt/ros/jazzy/opt/gz_cmake_vendor:/home/racecar/ros2_ws/install/racecar_teleop:/home/racecar/ros2_ws/install/racecar_navigation:/home/racecar/ros2_ws/install/racecar_gazebo:/home/racecar/ros2_ws/install/racecar_description:/home/racecar/ros2_ws/install/racecar_bringup:/home/racecar/ros2_ws/install/racecar_behaviors:/home/racecar/ros2_ws/install/racecar_beacon:/home/racecar/ros2_ws/install/racecar_autopilot:/opt/ros/jazzy DEBUGINFOD_URLS=https://debuginfod.ubuntu.com LD_LIBRARY_PATH=/home/racecar/ros2_ws/src/Team10_GROS5/install/serial/lib:${LD_LIBRARY_PATH} /usr/bin/cmake --build /home/racecar/ros2_ws/src/Team10_GROS5/build/pb2roscpp -- -j4 -l4
[16.440s] Level 1:colcon.colcon_core.environment:checking '/home/racecar/ros2_ws/src/Team10_GROS5/install/racecar_navigation' for CMake module files
[16.441s] DEBUG:colcon.colcon_core.event_handler.log_command:Invoked command in '/home/racecar/ros2_ws/src/Team10_GROS5/racecar-ros2/racecar_navigation' returned '0': AMENT_PREFIX_PATH=/home/racecar/ros2_ws/src/Team10_GROS5/install/racecar_bringup:/home/racecar/ros2_ws/src/Team10_GROS5/install/racecar_behaviors:${AMENT_PREFIX_PATH} DEBUGINFOD_URLS=https://debuginfod.ubuntu.com PYTHONPATH=/home/racecar/ros2_ws/src/Team10_GROS5/build/racecar_navigation/prefix_override:/usr/lib/python3/dist-packages/colcon_core/task/python/colcon_distutils_commands:/home/racecar/ros2_ws/src/Team10_GROS5/install/racecar_navigation/lib/python3.12/site-packages:/home/racecar/ros2_ws/src/Team10_GROS5/install/racecar_bringup/lib/python3.12/site-packages:/home/racecar/ros2_ws/src/Team10_GROS5/install/racecar_behaviors/lib/python3.12/site-packages:${PYTHONPATH} /usr/bin/python3 -W ignore:setup.py install is deprecated -W ignore:easy_install command is deprecated setup.py egg_info --egg-base ../../build/racecar_navigation build --build-base /home/racecar/ros2_ws/src/Team10_GROS5/build/racecar_navigation/build install --record /home/racecar/ros2_ws/src/Team10_GROS5/build/racecar_navigation/install.log --single-version-externally-managed install_data
[16.442s] Level 1:colcon.colcon_core.environment:checking '/home/racecar/ros2_ws/src/Team10_GROS5/install/racecar_navigation' for CMake config files
[16.442s] Level 1:colcon.colcon_core.environment:checking '/home/racecar/ros2_ws/src/Team10_GROS5/install/racecar_navigation/lib'
[16.442s] Level 1:colcon.colcon_core.environment:checking '/home/racecar/ros2_ws/src/Team10_GROS5/install/racecar_navigation/bin'
[16.442s] Level 1:colcon.colcon_core.environment:checking '/home/racecar/ros2_ws/src/Team10_GROS5/install/racecar_navigation/lib/pkgconfig/racecar_navigation.pc'
[16.443s] Level 1:colcon.colcon_core.environment:checking '/home/racecar/ros2_ws/src/Team10_GROS5/install/racecar_navigation/lib/python3.12/site-packages'
[16.443s] Level 1:colcon.colcon_core.shell:create_environment_hook('racecar_navigation', 'pythonpath')
[16.443s] INFO:colcon.colcon_core.shell:Creating environment hook '/home/racecar/ros2_ws/src/Team10_GROS5/install/racecar_navigation/share/racecar_navigation/hook/pythonpath.ps1'
[16.444s] INFO:colcon.colcon_core.shell:Creating environment descriptor '/home/racecar/ros2_ws/src/Team10_GROS5/install/racecar_navigation/share/racecar_navigation/hook/pythonpath.dsv'
[16.444s] INFO:colcon.colcon_core.shell:Creating environment hook '/home/racecar/ros2_ws/src/Team10_GROS5/install/racecar_navigation/share/racecar_navigation/hook/pythonpath.sh'
[16.445s] Level 1:colcon.colcon_core.environment:checking '/home/racecar/ros2_ws/src/Team10_GROS5/install/racecar_navigation/bin'
[16.445s] Level 1:colcon.colcon_core.environment:create_environment_scripts_only(racecar_navigation)
[16.445s] INFO:colcon.colcon_core.shell:Creating package script '/home/racecar/ros2_ws/src/Team10_GROS5/install/racecar_navigation/share/racecar_navigation/package.ps1'
[16.446s] INFO:colcon.colcon_core.shell:Creating package descriptor '/home/racecar/ros2_ws/src/Team10_GROS5/install/racecar_navigation/share/racecar_navigation/package.dsv'
[16.447s] INFO:colcon.colcon_core.shell:Creating package script '/home/racecar/ros2_ws/src/Team10_GROS5/install/racecar_navigation/share/racecar_navigation/package.sh'
[16.449s] INFO:colcon.colcon_core.shell:Creating package script '/home/racecar/ros2_ws/src/Team10_GROS5/install/racecar_navigation/share/racecar_navigation/package.bash'
[16.452s] INFO:colcon.colcon_core.shell:Creating package script '/home/racecar/ros2_ws/src/Team10_GROS5/install/racecar_navigation/share/racecar_navigation/package.zsh'
[16.454s] Level 1:colcon.colcon_core.environment:create_file_with_runtime_dependencies(/home/racecar/ros2_ws/src/Team10_GROS5/install/racecar_navigation/share/colcon-core/packages/racecar_navigation)
[37.042s] DEBUG:colcon.colcon_core.event_handler.log_command:Invoked command in '/home/racecar/ros2_ws/src/Team10_GROS5/build/pb2roscpp' returned '0': AMENT_PREFIX_PATH=/home/racecar/ros2_ws/src/Team10_GROS5/install/serial:${AMENT_PREFIX_PATH} CMAKE_PREFIX_PATH=/home/racecar/ros2_ws/src/Team10_GROS5/install/serial:/home/racecar/rplidar_ws/install/rplidar_ros:/home/racecar/ros2_ws/install/pb2roscpp:/home/racecar/ros2_ws/install/serial:/opt/ros/jazzy/opt/gz_sim_vendor:/opt/ros/jazzy/opt/gz_sensors_vendor:/opt/ros/jazzy/opt/gz_physics_vendor:/opt/ros/jazzy/opt/sdformat_vendor:/opt/ros/jazzy/opt/gz_gui_vendor:/opt/ros/jazzy/opt/gz_transport_vendor:/opt/ros/jazzy/opt/gz_rendering_vendor:/opt/ros/jazzy/opt/gz_plugin_vendor:/opt/ros/jazzy/opt/gz_fuel_tools_vendor:/opt/ros/jazzy/opt/gz_msgs_vendor:/opt/ros/jazzy/opt/gz_common_vendor:/opt/ros/jazzy/opt/gz_math_vendor:/opt/ros/jazzy/opt/gz_utils_vendor:/opt/ros/jazzy/opt/gz_tools_vendor:/opt/ros/jazzy/opt/gz_ogre_next_vendor:/opt/ros/jazzy/opt/gz_dartsim_vendor:/opt/ros/jazzy/opt/gz_cmake_vendor:/home/racecar/ros2_ws/install/racecar_teleop:/home/racecar/ros2_ws/install/racecar_navigation:/home/racecar/ros2_ws/install/racecar_gazebo:/home/racecar/ros2_ws/install/racecar_description:/home/racecar/ros2_ws/install/racecar_bringup:/home/racecar/ros2_ws/install/racecar_behaviors:/home/racecar/ros2_ws/install/racecar_beacon:/home/racecar/ros2_ws/install/racecar_autopilot:/opt/ros/jazzy DEBUGINFOD_URLS=https://debuginfod.ubuntu.com LD_LIBRARY_PATH=/home/racecar/ros2_ws/src/Team10_GROS5/install/serial/lib:${LD_LIBRARY_PATH} /usr/bin/cmake --build /home/racecar/ros2_ws/src/Team10_GROS5/build/pb2roscpp -- -j4 -l4
[37.045s] DEBUG:colcon.colcon_core.event_handler.log_command:Invoking command in '/home/racecar/ros2_ws/src/Team10_GROS5/build/pb2roscpp': AMENT_PREFIX_PATH=/home/racecar/ros2_ws/src/Team10_GROS5/install/serial:${AMENT_PREFIX_PATH} CMAKE_PREFIX_PATH=/home/racecar/ros2_ws/src/Team10_GROS5/install/serial:/home/racecar/rplidar_ws/install/rplidar_ros:/home/racecar/ros2_ws/install/pb2roscpp:/home/racecar/ros2_ws/install/serial:/opt/ros/jazzy/opt/gz_sim_vendor:/opt/ros/jazzy/opt/gz_sensors_vendor:/opt/ros/jazzy/opt/gz_physics_vendor:/opt/ros/jazzy/opt/sdformat_vendor:/opt/ros/jazzy/opt/gz_gui_vendor:/opt/ros/jazzy/opt/gz_transport_vendor:/opt/ros/jazzy/opt/gz_rendering_vendor:/opt/ros/jazzy/opt/gz_plugin_vendor:/opt/ros/jazzy/opt/gz_fuel_tools_vendor:/opt/ros/jazzy/opt/gz_msgs_vendor:/opt/ros/jazzy/opt/gz_common_vendor:/opt/ros/jazzy/opt/gz_math_vendor:/opt/ros/jazzy/opt/gz_utils_vendor:/opt/ros/jazzy/opt/gz_tools_vendor:/opt/ros/jazzy/opt/gz_ogre_next_vendor:/opt/ros/jazzy/opt/gz_dartsim_vendor:/opt/ros/jazzy/opt/gz_cmake_vendor:/home/racecar/ros2_ws/install/racecar_teleop:/home/racecar/ros2_ws/install/racecar_navigation:/home/racecar/ros2_ws/install/racecar_gazebo:/home/racecar/ros2_ws/install/racecar_description:/home/racecar/ros2_ws/install/racecar_bringup:/home/racecar/ros2_ws/install/racecar_behaviors:/home/racecar/ros2_ws/install/racecar_beacon:/home/racecar/ros2_ws/install/racecar_autopilot:/opt/ros/jazzy DEBUGINFOD_URLS=https://debuginfod.ubuntu.com LD_LIBRARY_PATH=/home/racecar/ros2_ws/src/Team10_GROS5/install/serial/lib:${LD_LIBRARY_PATH} /usr/bin/cmake --install /home/racecar/ros2_ws/src/Team10_GROS5/build/pb2roscpp
[37.117s] Level 1:colcon.colcon_core.environment:create_environment_scripts_only(pb2roscpp)
[37.118s] Level 1:colcon.colcon_core.environment:checking '/home/racecar/ros2_ws/src/Team10_GROS5/install/pb2roscpp' for CMake module files
[37.119s] DEBUG:colcon.colcon_core.event_handler.log_command:Invoked command in '/home/racecar/ros2_ws/src/Team10_GROS5/build/pb2roscpp' returned '0': AMENT_PREFIX_PATH=/home/racecar/ros2_ws/src/Team10_GROS5/install/serial:${AMENT_PREFIX_PATH} CMAKE_PREFIX_PATH=/home/racecar/ros2_ws/src/Team10_GROS5/install/serial:/home/racecar/rplidar_ws/install/rplidar_ros:/home/racecar/ros2_ws/install/pb2roscpp:/home/racecar/ros2_ws/install/serial:/opt/ros/jazzy/opt/gz_sim_vendor:/opt/ros/jazzy/opt/gz_sensors_vendor:/opt/ros/jazzy/opt/gz_physics_vendor:/opt/ros/jazzy/opt/sdformat_vendor:/opt/ros/jazzy/opt/gz_gui_vendor:/opt/ros/jazzy/opt/gz_transport_vendor:/opt/ros/jazzy/opt/gz_rendering_vendor:/opt/ros/jazzy/opt/gz_plugin_vendor:/opt/ros/jazzy/opt/gz_fuel_tools_vendor:/opt/ros/jazzy/opt/gz_msgs_vendor:/opt/ros/jazzy/opt/gz_common_vendor:/opt/ros/jazzy/opt/gz_math_vendor:/opt/ros/jazzy/opt/gz_utils_vendor:/opt/ros/jazzy/opt/gz_tools_vendor:/opt/ros/jazzy/opt/gz_ogre_next_vendor:/opt/ros/jazzy/opt/gz_dartsim_vendor:/opt/ros/jazzy/opt/gz_cmake_vendor:/home/racecar/ros2_ws/install/racecar_teleop:/home/racecar/ros2_ws/install/racecar_navigation:/home/racecar/ros2_ws/install/racecar_gazebo:/home/racecar/ros2_ws/install/racecar_description:/home/racecar/ros2_ws/install/racecar_bringup:/home/racecar/ros2_ws/install/racecar_behaviors:/home/racecar/ros2_ws/install/racecar_beacon:/home/racecar/ros2_ws/install/racecar_autopilot:/opt/ros/jazzy DEBUGINFOD_URLS=https://debuginfod.ubuntu.com LD_LIBRARY_PATH=/home/racecar/ros2_ws/src/Team10_GROS5/install/serial/lib:${LD_LIBRARY_PATH} /usr/bin/cmake --install /home/racecar/ros2_ws/src/Team10_GROS5/build/pb2roscpp
[37.121s] Level 1:colcon.colcon_core.environment:checking '/home/racecar/ros2_ws/src/Team10_GROS5/install/pb2roscpp' for CMake config files
[37.121s] Level 1:colcon.colcon_core.shell:create_environment_hook('pb2roscpp', 'cmake_prefix_path')
[37.122s] INFO:colcon.colcon_core.shell:Creating environment hook '/home/racecar/ros2_ws/src/Team10_GROS5/install/pb2roscpp/share/pb2roscpp/hook/cmake_prefix_path.ps1'
[37.123s] INFO:colcon.colcon_core.shell:Creating environment descriptor '/home/racecar/ros2_ws/src/Team10_GROS5/install/pb2roscpp/share/pb2roscpp/hook/cmake_prefix_path.dsv'
[37.124s] INFO:colcon.colcon_core.shell:Creating environment hook '/home/racecar/ros2_ws/src/Team10_GROS5/install/pb2roscpp/share/pb2roscpp/hook/cmake_prefix_path.sh'
[37.125s] Level 1:colcon.colcon_core.environment:checking '/home/racecar/ros2_ws/src/Team10_GROS5/install/pb2roscpp/lib'
[37.125s] Level 1:colcon.colcon_core.environment:checking '/home/racecar/ros2_ws/src/Team10_GROS5/install/pb2roscpp/bin'
[37.125s] Level 1:colcon.colcon_core.environment:checking '/home/racecar/ros2_ws/src/Team10_GROS5/install/pb2roscpp/lib/pkgconfig/pb2roscpp.pc'
[37.125s] Level 1:colcon.colcon_core.environment:checking '/home/racecar/ros2_ws/src/Team10_GROS5/install/pb2roscpp/lib/python3.12/site-packages'
[37.126s] Level 1:colcon.colcon_core.environment:checking '/home/racecar/ros2_ws/src/Team10_GROS5/install/pb2roscpp/bin'
[37.126s] INFO:colcon.colcon_core.shell:Creating package script '/home/racecar/ros2_ws/src/Team10_GROS5/install/pb2roscpp/share/pb2roscpp/package.ps1'
[37.127s] INFO:colcon.colcon_core.shell:Creating package descriptor '/home/racecar/ros2_ws/src/Team10_GROS5/install/pb2roscpp/share/pb2roscpp/package.dsv'
[37.128s] INFO:colcon.colcon_core.shell:Creating package script '/home/racecar/ros2_ws/src/Team10_GROS5/install/pb2roscpp/share/pb2roscpp/package.sh'
[37.129s] INFO:colcon.colcon_core.shell:Creating package script '/home/racecar/ros2_ws/src/Team10_GROS5/install/pb2roscpp/share/pb2roscpp/package.bash'
[37.129s] INFO:colcon.colcon_core.shell:Creating package script '/home/racecar/ros2_ws/src/Team10_GROS5/install/pb2roscpp/share/pb2roscpp/package.zsh'
[37.130s] Level 1:colcon.colcon_core.environment:create_file_with_runtime_dependencies(/home/racecar/ros2_ws/src/Team10_GROS5/install/pb2roscpp/share/colcon-core/packages/pb2roscpp)
[37.131s] Level 1:colcon.colcon_core.environment:create_environment_scripts_only(pb2roscpp)
[37.131s] Level 1:colcon.colcon_core.environment:checking '/home/racecar/ros2_ws/src/Team10_GROS5/install/pb2roscpp' for CMake module files
[37.132s] Level 1:colcon.colcon_core.environment:checking '/home/racecar/ros2_ws/src/Team10_GROS5/install/pb2roscpp' for CMake config files
[37.132s] Level 1:colcon.colcon_core.shell:create_environment_hook('pb2roscpp', 'cmake_prefix_path')
[37.133s] INFO:colcon.colcon_core.shell:Creating environment hook '/home/racecar/ros2_ws/src/Team10_GROS5/install/pb2roscpp/share/pb2roscpp/hook/cmake_prefix_path.ps1'
[37.136s] INFO:colcon.colcon_core.shell:Creating environment descriptor '/home/racecar/ros2_ws/src/Team10_GROS5/install/pb2roscpp/share/pb2roscpp/hook/cmake_prefix_path.dsv'
[37.139s] INFO:colcon.colcon_core.shell:Creating environment hook '/home/racecar/ros2_ws/src/Team10_GROS5/install/pb2roscpp/share/pb2roscpp/hook/cmake_prefix_path.sh'
[37.140s] Level 1:colcon.colcon_core.environment:checking '/home/racecar/ros2_ws/src/Team10_GROS5/install/pb2roscpp/lib'
[37.140s] Level 1:colcon.colcon_core.environment:checking '/home/racecar/ros2_ws/src/Team10_GROS5/install/pb2roscpp/bin'
[37.140s] Level 1:colcon.colcon_core.environment:checking '/home/racecar/ros2_ws/src/Team10_GROS5/install/pb2roscpp/lib/pkgconfig/pb2roscpp.pc'
[37.140s] Level 1:colcon.colcon_core.environment:checking '/home/racecar/ros2_ws/src/Team10_GROS5/install/pb2roscpp/lib/python3.12/site-packages'
[37.140s] Level 1:colcon.colcon_core.environment:checking '/home/racecar/ros2_ws/src/Team10_GROS5/install/pb2roscpp/bin'
[37.141s] INFO:colcon.colcon_core.shell:Creating package script '/home/racecar/ros2_ws/src/Team10_GROS5/install/pb2roscpp/share/pb2roscpp/package.ps1'
[37.141s] INFO:colcon.colcon_core.shell:Creating package descriptor '/home/racecar/ros2_ws/src/Team10_GROS5/install/pb2roscpp/share/pb2roscpp/package.dsv'
[37.172s] INFO:colcon.colcon_core.shell:Creating package script '/home/racecar/ros2_ws/src/Team10_GROS5/install/pb2roscpp/share/pb2roscpp/package.sh'
[37.173s] INFO:colcon.colcon_core.shell:Creating package script '/home/racecar/ros2_ws/src/Team10_GROS5/install/pb2roscpp/share/pb2roscpp/package.bash'
[37.173s] INFO:colcon.colcon_core.shell:Creating package script '/home/racecar/ros2_ws/src/Team10_GROS5/install/pb2roscpp/share/pb2roscpp/package.zsh'
[37.174s] Level 1:colcon.colcon_core.environment:create_file_with_runtime_dependencies(/home/racecar/ros2_ws/src/Team10_GROS5/install/pb2roscpp/share/colcon-core/packages/pb2roscpp)
[37.174s] DEBUG:colcon.colcon_parallel_executor.executor.parallel:closing loop
[37.175s] DEBUG:colcon.colcon_parallel_executor.executor.parallel:loop closed
[37.175s] DEBUG:colcon.colcon_parallel_executor.executor.parallel:run_until_complete finished with '0'
[37.175s] DEBUG:colcon.colcon_core.event_reactor:joining thread
[37.188s] INFO:colcon.colcon_core.plugin_system:Skipping extension 'colcon_notification.desktop_notification.terminal_notifier': Not used on non-Darwin systems
[37.188s] INFO:colcon.colcon_core.plugin_system:Skipping extension 'colcon_notification.desktop_notification.win32': Not used on non-Windows systems
[37.188s] INFO:colcon.colcon_notification.desktop_notification:Sending desktop notification using 'notify2'
[37.238s] DEBUG:colcon.colcon_core.event_reactor:joined thread
[37.239s] INFO:colcon.colcon_core.shell:Creating prefix script '/home/racecar/ros2_ws/src/Team10_GROS5/install/local_setup.ps1'
[37.240s] INFO:colcon.colcon_core.shell:Creating prefix util module '/home/racecar/ros2_ws/src/Team10_GROS5/install/_local_setup_util_ps1.py'
[37.242s] INFO:colcon.colcon_core.shell:Creating prefix chain script '/home/racecar/ros2_ws/src/Team10_GROS5/install/setup.ps1'
[37.245s] INFO:colcon.colcon_core.shell:Creating prefix script '/home/racecar/ros2_ws/src/Team10_GROS5/install/local_setup.sh'
[37.246s] INFO:colcon.colcon_core.shell:Creating prefix util module '/home/racecar/ros2_ws/src/Team10_GROS5/install/_local_setup_util_sh.py'
[37.248s] INFO:colcon.colcon_core.shell:Creating prefix chain script '/home/racecar/ros2_ws/src/Team10_GROS5/install/setup.sh'
[37.251s] INFO:colcon.colcon_core.shell:Creating prefix script '/home/racecar/ros2_ws/src/Team10_GROS5/install/local_setup.bash'
[37.252s] INFO:colcon.colcon_core.shell:Creating prefix chain script '/home/racecar/ros2_ws/src/Team10_GROS5/install/setup.bash'
[37.254s] INFO:colcon.colcon_core.shell:Creating prefix script '/home/racecar/ros2_ws/src/Team10_GROS5/install/local_setup.zsh'
[37.255s] INFO:colcon.colcon_core.shell:Creating prefix chain script '/home/racecar/ros2_ws/src/Team10_GROS5/install/setup.zsh'
