time,layout.data_offset,data[0],data[1],data[2],data[3],data[4],data[5],data[6],data[7],data[8],data[9],data[10],data[11],data[12],data[13],data[14],data[15],data[16],data[17],data[18]
0,0,281.7604064941406,0.0,0.0,0.0,0.0,102383872.0,-0.0,0.0,26.0,0.0,0.44175273180007935,9.92806339263916,-0.8314288854598999,0.0070921070873737335,-0.0007496848702430725,-0.021902166306972504,-3.056763172149658,10.968385696411133,-42.12815856933594
7894903,0,281.7604064941406,0.0,0.0,0.0,0.0,102383872.0,-0.0,0.0,26.0,0.0,0.4052392840385437,9.952006340026855,-0.7985069751739502,0.0118858702480793,-0.0011491626501083374,-0.022035326808691025,-4.675049781799316,13.305910110473633,-40.914588928222656
35185982,0,281.7604064941406,0.0,0.0,0.0,0.0,102383872.0,-0.0,0.0,26.0,0.0,0.39985206723213196,9.939435958862305,-0.880512535572052,0.016413312405347824,-0.009538248181343079,-0.017907364293932915,-4.315430641174316,12.227052688598633,-42.648258209228516
59950618,0,281.7604064941406,0.0,0.0,0.0,0.0,102383872.0,-0.0,0.0,26.0,0.0,0.4423513114452362,9.940034866333008,-0.8631536960601807,0.015747513622045517,-0.009005608037114143,-0.014844682067632675,-3.236572742462158,13.665529251098633,-43.34172439575195
84244939,0,281.7604064941406,0.0,0.0,0.0,0.0,102383872.0,-0.0,0.0,26.0,0.0,0.33460673689842224,9.932252883911133,-0.8643508553504944,0.016280151903629303,-0.006342407315969467,-0.010849880054593086,-4.315430641174316,12.946290969848633,-42.648258209228516
110231538,0,281.7604064941406,0.0,0.0,0.0,0.0,102383872.0,-0.0,0.0,26.0,0.0,0.3783031404018402,9.942429542541504,-0.8876954913139343,0.02134023606777191,-0.013266731053590775,-0.005390317179262638,-4.675049781799316,12.586671829223633,-42.994991302490234
138120672,0,281.7604064941406,0.0,0.0,0.0,0.0,102383872.0,-0.0,0.0,26.0,0.0,0.4130208492279053,9.97594928741455,-0.8853011727333069,0.022405516356229782,-0.01286725141108036,-0.00019707402680069208,-4.315430641174316,12.946290969848633,-42.994991302490234
161432235,0,281.7604064941406,0.0,0.0,0.0,0.0,102383872.0,-0.0,0.0,26.0,0.0,0.38967618346214294,9.913098335266113,-0.9230117797851562,0.01694595441222191,-0.007940327748656273,0.002066647168248892,-3.596191883087158,15.10400676727295,-42.648258209228516
191895590,0,281.7604064941406,0.0,0.0,1.0,0.0,102383872.0,-0.0,0.0,26.0,0.0,0.3771059811115265,9.931654930114746,-0.870336651802063,0.018677033483982086,-0.013533050194382668,0.0036645682994276285,-4.675049781799316,12.227052688598633,-41.95479202270508
218182651,0,281.7604064941406,0.0,0.0,0.0,0.0,102383872.0,-0.0,0.0,26.0,0.0,0.4333725869655609,9.9166898727417,-0.9116387367248535,0.02120707556605339,-0.018326813355088234,0.009257291443645954,-3.9558112621307373,12.586671829223633,-41.608055114746094
243840601,0,281.7604064941406,0.0,0.0,0.0,0.0,102383872.0,-0.0,0.0,26.0,0.0,0.4064364433288574,9.935844421386719,-0.8715338110923767,0.01707911118865013,-0.01486465148627758,0.010455732233822346,-5.394288063049316,14.025148391723633,-42.994991302490234
269053367,0,281.7604064941406,0.0,0.0,0.0,0.0,102383872.0,-0.0,0.0,26.0,0.0,0.4435484707355499,9.912500381469727,-0.9367791414260864,0.019742313772439957,-0.018593134358525276,0.012852613814175129,-5.214478492736816,12.406862258911133,-42.12815856933594
294019113,0,281.7604064941406,0.0,0.0,0.0,0.0,102383872.0,-0.0,0.0,26.0,0.0,0.47467467188835144,9.935246467590332,-0.9086458683013916,0.019875474274158478,-0.016595732420682907,0.01671425625681877,-4.135620594024658,13.126100540161133,-41.434688568115234
322875655,0,281.7604064941406,0.0,0.0,0.0,0.0,102383872.0,-0.0,0.0,27.0,0.0,0.4351683259010315,9.918485641479492,-0.9379763007164001,0.020408116281032562,-0.016329413279891014,0.017246896401047707,-5.034668922424316,12.946290969848633,-42.648258209228516
346064625,0,281.7604064941406,0.0,0.0,0.0,0.0,102383872.0,-0.0,0.0,26.0,0.0,0.4674917161464691,9.902922630310059,-0.9942429065704346,0.017212271690368652,-0.02205529622733593,0.01658109575510025,-4.315430641174316,12.586671829223633,-43.34172439575195
370021372,0,281.7604064941406,0.0,0.0,0.0,0.0,102383872.0,-0.0,0.0,26.0,0.0,0.47587183117866516,9.922676086425781,-0.9720954298973083,0.015214871615171432,-0.013666210696101189,0.017779536545276642,-4.315430641174316,13.305910110473633,-41.95479202270508
399616135,0,281.7604064941406,0.0,0.0,0.0,0.0,102383872.0,-0.0,0.0,26.0,0.0,0.4381612241268158,9.931056022644043,-0.9870599508285522,0.013217471539974213,-0.01579677313566208,0.01764637604355812,-5.034668922424316,12.227052688598633,-42.3015251159668
423653364,0,281.7604064941406,0.0,0.0,0.0,0.0,102383872.0,-0.0,0.0,26.0,0.0,0.466294527053833,9.904120445251465,-1.0954030752182007,0.010021628811955452,-0.018726294860243797,0.01658109575510025,-5.394288063049316,12.946290969848633,-42.3015251159668
448071056,0,281.7604064941406,0.0,0.0,0.0,0.0,102383872.0,-0.0,0.0,26.0,0.0,0.49382925033569336,9.893345832824707,-1.0265662670135498,0.0024315044283866882,-0.015397291630506516,0.018045857548713684,-4.315430641174316,12.586671829223633,-42.994991302490234
481467910,0,281.7604064941406,0.0,0.0,0.0,0.0,102383872.0,-0.0,0.0,26.0,0.0,0.4902377724647522,9.907711029052734,-0.8960756659507751,0.002165183424949646,-0.014332011342048645,0.017246896401047707,-5.214478492736816,13.845338821411133,-43.168357849121094
501076011,0,281.7604064941406,0.0,0.0,0.0,0.0,102383872.0,-0.0,0.0,26.0,0.0,0.5177724957466125,9.913098335266113,-0.9313918948173523,0.006426306441426277,-0.017661012709140778,0.01644793525338173,-5.753907203674316,12.227052688598633,-43.34172439575195
526172147,0,281.7604064941406,0.0,0.0,0.0,0.0,102383872.0,-0.0,0.0,26.0,0.0,0.5225611329078674,9.913697242736816,-0.934384822845459,0.00869002752006054,-0.01806049421429634,0.0156489759683609,-6.652955055236816,12.766481399536133,-42.12815856933594
555341003,0,281.7604064941406,0.0,0.0,0.0,0.0,102383872.0,-0.0,0.0,26.0,0.0,0.49682217836380005,9.893943786621094,-0.9708982706069946,0.007225267589092255,-0.016329413279891014,0.013518414460122585,-5.933716773986816,12.406862258911133,-42.821624755859375
580942417,0,281.7604064941406,0.0,0.0,0.0,0.0,102383872.0,-0.0,0.0,26.0,0.0,0.550694465637207,9.87718391418457,-0.911040186882019,0.006825786083936691,-0.014997811987996101,0.00992309208959341,-5.933716773986816,12.406862258911133,-42.821624755859375
604183257,0,281.7604064941406,0.0,0.0,0.0,0.0,102383872.0,-0.0,0.0,26.0,0.0,0.540518581867218,9.9166898727417,-0.8990685343742371,0.013750109821557999,-0.015530452132225037,0.00832517072558403,-7.012574195861816,11.687623977661133,-43.168357849121094
632061614,0,281.7604064941406,0.0,0.0,0.0,0.0,102383872.0,-0.0,0.0,26.0,0.0,0.4932306706905365,9.954998970031738,-0.8930827379226685,0.018543872982263565,-0.016196252778172493,0.0039308881387114525,-6.473145484924316,12.586671829223633,-42.994991302490234
660678340,0,281.7604064941406,0.0,0.0,0.0,0.0,102383872.0,-0.0,0.0,26.0,0.0,0.5399199724197388,9.884366989135742,-1.0499109029769897,0.020674433559179306,-0.020590536296367645,0.0039308881387114525,-4.854859352111816,11.687623977661133,-43.168357849121094
685008495,0,281.7604064941406,0.0,0.0,0.0,0.0,102383872.0,-0.0,0.0,26.0,0.0,0.5644618272781372,9.883768081665039,-1.1349093914031982,0.015348032116889954,-0.01473149098455906,0.00020240619778633118,-5.214478492736816,12.766481399536133,-43.51509475708008
710076946,0,281.7604064941406,0.0,0.0,0.0,0.0,102383872.0,-0.0,0.0,26.0,0.0,0.5644618272781372,9.88137435913086,-1.1163533926010132,0.009622149169445038,-0.009405087679624557,-0.003259755903854966,-4.854859352111816,12.766481399536133,-42.821624755859375
735292600,0,281.7604064941406,0.0,0.0,0.0,0.0,102383872.0,-0.0,0.0,26.0,0.0,0.5650603771209717,9.91549301147461,-1.084030032157898,0.0016325432807207108,-0.009138768538832664,-0.00871931854635477,-5.574097633361816,10.968385696411133,-43.168357849121094
759436422,0,281.7604064941406,0.0,0.0,0.0,0.0,102383872.0,-0.0,0.0,26.0,0.0,0.5764334201812744,9.866409301757812,-1.0762485265731812,-0.005957581102848053,-0.00660872645676136,-0.013646242208778858,-5.753907203674316,12.227052688598633,-44.035194396972656
792403554,0,281.7604064941406,0.0,0.0,0.0,0.0,102383872.0,-0.0,0.0,26.0,0.0,0.532138466835022,9.886162757873535,-1.1049803495407104,-0.008887102827429771,-0.0015486441552639008,-0.01937212608754635,-6.293335914611816,13.126100540161133,-42.821624755859375
815017357,0,281.7604064941406,0.0,0.0,0.0,0.0,102383872.0,-0.0,0.0,26.0,0.0,0.48066049814224243,9.898134231567383,-1.0630797147750854,-0.015678266063332558,-0.0004833638668060303,-0.020037924870848656,-5.574097633361816,13.126100540161133,-42.474891662597656
841969807,0,281.7604064941406,0.0,0.0,0.0,0.0,102383872.0,-0.0,0.0,26.0,0.0,0.5165753364562988,9.914894104003906,-1.0499109029769897,-0.01900726929306984,-0.0034128837287425995,-0.02136952616274357,-4.675049781799316,12.946290969848633,-42.994991302490234
866033314,0,281.7604064941406,0.0,0.0,0.0,0.0,102383872.0,-0.0,0.0,26.0,0.0,0.5417157411575317,9.901126861572266,-1.0648754835128784,-0.02619791403412819,0.001380879431962967,-0.022967446595430374,-5.753907203674316,12.946290969848633,-42.3015251159668
890355450,0,281.7604064941406,0.0,0.0,0.0,0.0,102383872.0,-0.0,0.0,26.0,0.0,0.4704846143722534,9.876585006713867,-0.9822713136672974,-0.02912743389606476,0.002179838716983795,-0.021769005805253983,-5.034668922424316,11.507814407348633,-41.608055114746094
919135658,0,281.7604064941406,0.0,0.0,0.0,0.0,102383872.0,-0.0,0.0,26.0,0.0,0.48066049814224243,9.888556480407715,-0.8475905656814575,-0.025665272027254105,-0.002347603440284729,-0.02150268666446209,-6.832764625549316,11.867433547973633,-42.648258209228516
948034255,0,281.7604064941406,0.0,0.0,0.0,0.0,102383872.0,-0.0,0.0,26.0,0.0,0.49562501907348633,9.937042236328125,-0.9283990263938904,-0.02313523180782795,-0.0004833638668060303,-0.026163289323449135,-5.214478492736816,13.126100540161133,-43.8618278503418
969034893,0,281.7604064941406,0.0,0.0,0.0,0.0,102383872.0,-0.0,0.0,26.0,0.0,0.4513300061225891,9.921479225158691,-0.9224132299423218,-0.022602591663599014,0.002179838716983795,-0.026030128821730614,-4.135620594024658,13.126100540161133,-43.8618278503418
1001082933,0,281.7604064941406,0.0,0.0,0.0,0.0,102383872.0,-0.0,0.0,26.0,0.0,0.4190066456794739,9.911901473999023,-0.9044557809829712,-0.020472029224038124,-0.0030134059488773346,-0.02376640774309635,-6.473145484924316,12.227052688598633,-43.34172439575195
1021584589,0,281.7604064941406,0.0,0.0,0.0,0.0,102383872.0,-0.0,0.0,26.0,0.0,0.43157684803009033,9.983132362365723,-0.9134345054626465,-0.015012466348707676,-0.0026139244437217712,-0.01937212608754635,-6.473145484924316,13.665529251098633,-44.035194396972656
1046051633,0,281.7604064941406,0.0,0.0,0.0,0.0,102383872.0,-0.0,0.0,26.0,0.0,0.4094293415546417,9.91549301147461,-0.8966742157936096,-0.01700986735522747,-0.0012823231518268585,-0.019238965585827827,-5.574097633361816,10.968385696411133,-42.12815856933594
1075316507,0,281.7604064941406,0.0,0.0,0.0,0.0,102383872.0,-0.0,0.0,26.0,0.0,0.36752867698669434,9.929859161376953,-0.9278004169464111,-0.013015065342187881,-0.006076086312532425,-0.012580960988998413,-5.574097633361816,11.328004837036133,-43.51509475708008
1101456994,0,281.7604064941406,0.0,0.0,0.0,0.0,102383872.0,-0.0,0.0,26.0,0.0,0.4004506468772888,9.9663724899292,-0.9439620971679688,-0.012748745270073414,-0.008339807391166687,-0.0072545576840639114,-4.854859352111816,13.485719680786133,-43.51509475708008
1124169465,0,281.7604064941406,0.0,0.0,0.0,0.0,102383872.0,-0.0,0.0,26.0,0.0,0.37650740146636963,9.923274993896484,-0.9906514286994934,-0.015278786420822144,-0.007141366600990295,-0.0025939554907381535,-5.394288063049316,12.586671829223633,-41.608055114746094
1152138173,0,281.7604064941406,0.0,0.0,0.0,0.0,102383872.0,-0.0,0.0,26.0,0.0,0.4321754276752472,9.726940155029297,-0.9834684729576111,-0.013814025558531284,-0.006342407315969467,-0.0009960344759747386,-6.113526344299316,13.665529251098633,-44.728660583496094
1177425846,0,281.7604064941406,0.0,0.0,0.0,0.0,102383872.0,-0.0,0.0,26.0,0.0,0.4381612241268158,10.074116706848145,-0.710515558719635,-0.005558100529015064,-0.006475565955042839,0.0008682066109031439,-6.293335914611816,12.047243118286133,-43.51509475708008
1202284723,0,281.7604064941406,0.0,0.0,0.0,0.0,102383872.0,-0.0,0.0,26.0,0.0,0.45372435450553894,9.820318222045898,-0.8775196075439453,-0.009153422899544239,-0.013666210696101189,0.0014008469879627228,-6.113526344299316,12.946290969848633,-42.648258209228516
1230922801,0,281.7604064941406,0.0,0.0,0.0,0.0,102383872.0,-0.0,0.0,26.0,0.0,0.4543229341506958,9.901725769042969,-0.8158658146858215,0.004562065005302429,-0.010204048827290535,0.0004687263863161206,-6.293335914611816,12.406862258911133,-42.821624755859375
1259290695,0,281.7604064941406,0.009173333644866943,0.0,0.0,0.0,102383872.0,-0.0,0.0,26.0,-2.7520000003278255e-06,0.4339711666107178,10.232142448425293,1.3426170349121094,0.00030094385147094727,-0.01592993177473545,0.002066647168248892,-5.034668922424316,12.586671829223633,-46.115596771240234
1281189888,0,281.7604064941406,-0.00011466666910564527,0.0,0.0,0.0,102383872.0,-0.0,0.0,26.0,-2.7520000003278255e-06,-0.046689312905073166,10.369815826416016,0.08858997374773026,0.03345780447125435,0.005508840084075928,0.0003355662920512259,-4.135620594024658,13.485719680786133,-43.8618278503418
1308193930,0,281.7604064941406,-0.00010584615665720776,0.0,0.0,0.0,102383872.0,-0.0,0.0,26.0,-2.7520000003278255e-06,0.27774155139923096,9.922077178955078,-1.1893802881240845,0.01907651498913765,-0.02924594096839428,0.005262489430606365,-5.933716773986816,12.766481399536133,-43.51509475708008
1334009584,0,281.7604064941406,0.0,0.0,0.0,0.0,102383872.0,-0.0,0.0,26.0,0.0,0.48664629459381104,9.899331092834473,-1.3611730337142944,-0.003960179165005684,-0.01379937119781971,0.008192011155188084,-5.394288063049316,12.946290969848633,-43.68846130371094
1357614739,0,281.7604064941406,0.0,0.0,0.0,0.0,102383872.0,-0.0,0.0,26.0,0.0,0.37291592359542847,9.861021995544434,-1.2624071836471558,0.006958946585655212,-0.0031465664505958557,0.008458331227302551,-5.574097633361816,11.687623977661133,-43.168357849121094
1386290281,0,281.7604064941406,0.0,0.0,0.0,0.0,102383872.0,-0.0,0.0,27.0,0.0,0.4992164969444275,9.919683456420898,-0.988257110118866,-0.004093339666724205,-0.018459973856806755,0.012453134171664715,-4.675049781799316,12.586671829223633,-43.34172439575195
1411439250,0,281.7604064941406,0.0,0.0,0.0,0.0,102383872.0,-0.0,0.0,26.0,0.0,0.4920335114002228,9.946619033813477,-0.9403706192970276,-0.01700986735522747,-0.011136168614029884,0.010855212807655334,-5.933716773986816,12.766481399536133,-43.168357849121094
1442147531,0,281.7604064941406,0.0,0.0,0.0,0.0,102383872.0,-0.0,0.0,26.0,0.0,0.4202038049697876,9.865212440490723,-0.9697011113166809,-0.014612985774874687,-0.006076086312532425,0.006993570365011692,-5.394288063049316,13.665529251098633,-41.608055114746094
1464168076,0,281.7604064941406,0.0,0.0,0.0,0.0,102383872.0,-0.0,0.0,26.0,0.0,0.4962235987186432,9.94841480255127,-0.9774826765060425,-0.016077745705842972,-0.014997811987996101,0.008458331227302551,-5.034668922424316,12.227052688598633,-42.994991302490234
1488167101,0,281.7604064941406,0.0003440000000409782,0.0,0.0,0.0,102383872.0,-0.0,0.0,26.0,8.256000000983477e-06,1.042129397392273,9.956196784973145,-1.595816731452942,-0.0240673515945673,0.06689563393592834,0.013784734532237053,-3.9558112621307373,12.946290969848633,-44.035194396972656
1517541346,0,281.76214599609375,0.04036266729235649,0.0,0.0,0.0,102384496.0,-0.0,0.0,26.0,0.0017227520002052188,0.20351751148700714,9.763453483581543,-0.7242829203605652,-0.0312579944729805,0.11403430998325348,-0.007121398113667965,-6.113526344299316,13.305910110473633,-44.035194396972656
1542140853,0,281.7641296386719,0.011925333179533482,0.0,0.0,0.0,102385224.0,-0.0,0.0,26.0,0.002003456000238657,-0.17179273068904877,9.993309020996094,-0.046689312905073166,-0.010085543617606163,0.002046678215265274,-0.006721917539834976,-4.675049781799316,12.586671829223633,-43.34172439575195
1566155637,0,281.76416015625,0.00022016000002622604,0.0,0.0,0.0,102385232.0,-0.0,0.0,26.0,5.504000000655651e-06,0.5584760308265686,9.956196784973145,-1.525184154510498,0.01481539011001587,-0.1347087174654007,0.015915295109152794,-5.034668922424316,12.586671829223633,-42.3015251159668
1598433751,0,281.76416015625,0.0,0.0,0.0,0.0,102385232.0,-0.0,0.0,26.0,0.0,0.6123482584953308,9.929859161376953,-0.9852641820907593,-0.03458699584007263,0.010702084749937057,-0.008186678402125835,-4.675049781799316,12.946290969848633,-44.035194396972656
1619703444,0,281.76416015625,0.0,0.0,0.0,0.0,102385232.0,-0.0,0.0,26.0,0.0,0.3489726781845093,9.889754295349121,-0.7422403693199158,-0.03898128122091293,0.03693461790680885,-0.011116200126707554,-4.315430641174316,13.305910110473633,-44.728660583496094
1644170988,0,281.76416015625,0.0,0.0,0.0,0.0,102385232.0,-0.0,0.0,26.0,0.0,0.4339711666107178,9.983731269836426,-0.7877324819564819,-0.02220311015844345,-0.034971822053194046,-0.0025939554907381535,-5.214478492736816,12.766481399536133,-41.434688568115234
1674303825,0,281.76416015625,0.0,0.0,0.0,0.0,102385232.0,-0.0,0.0,26.0,0.0,0.6321014761924744,9.94602108001709,-1.0050173997879028,-0.020472029224038124,-0.005809767171740532,-0.004990836605429649,-5.574097633361816,12.406862258911133,-43.51509475708008
1700945386,0,281.76416015625,0.0,0.0,0.0,0.0,102385232.0,-0.0,0.0,26.0,0.0,0.43456974625587463,9.773031234741211,-0.7697750926017761,-0.028062153607606888,0.014164246618747711,-0.010317239910364151,-6.113526344299316,13.305910110473633,-44.035194396972656
1726091800,0,281.76416015625,0.0,0.0,0.0,0.0,102385232.0,-0.0,0.0,26.0,0.0,0.4351683259010315,10.039399147033691,-0.9415677785873413,-0.013547705486416817,-0.017128372564911842,-0.004990836605429649,-4.135620594024658,12.766481399536133,-43.168357849121094
1750553640,0,281.76416015625,0.0,0.0,0.0,0.0,102385232.0,-0.0,0.0,26.0,0.0,0.5973837375640869,9.940633773803711,-1.0409321784973145,-0.01900726929306984,-0.017261533066630363,-0.004458196461200714,-5.214478492736816,13.845338821411133,-44.555294036865234
1775485591,0,281.76416015625,0.0,0.0,0.0,0.0,102385232.0,-0.0,0.0,26.0,0.0,0.4794633090496063,9.872395515441895,-0.8763224482536316,-0.030592195689678192,0.007373083382844925,-0.01337992213666439,-5.394288063049316,13.665529251098633,-43.68846130371094
1804073447,0,281.76416015625,0.0,0.0,0.0,0.0,102385232.0,-0.0,0.0,26.0,0.0,0.4405555725097656,9.969365119934082,-0.7500218749046326,-0.026064753532409668,-0.009005608037114143,-0.013113601133227348,-4.135620594024658,11.687623977661133,-42.474891662597656
1828033991,0,281.76416015625,0.0,0.0,0.0,0.0,102385232.0,-0.0,0.0,26.0,0.0,0.48485055565834045,9.924471855163574,-0.9391734600067139,-0.025532111525535583,-0.011269329115748405,-0.011915160343050957,-5.394288063049316,13.305910110473633,-41.608055114746094
1853277997,0,281.76416015625,0.0,0.0,0.0,0.0,102385232.0,-0.0,0.0,27.0,0.0,0.4740760922431946,9.895739555358887,-0.8308303356170654,-0.030858516693115234,-0.0006165243685245514,-0.014711522497236729,-5.214478492736816,12.047243118286133,-43.8618278503418
1882106002,0,281.76416015625,0.0,0.0,0.0,0.0,102385232.0,-0.0,0.0,26.0,0.0,0.45073142647743225,9.953802108764648,-0.7613949179649353,-0.02420051209628582,-0.006076086312532425,-0.012181481346487999,-4.495240211486816,11.687623977661133,-44.90202713012695
1906084805,0,281.76416015625,0.0,0.0,0.0,0.0,102385232.0,-0.0,0.0,26.0,0.0,0.45671725273132324,9.904718399047852,-0.8050913214683533,-0.01900726929306984,-0.009005608037114143,-0.010583559982478619,-4.854859352111816,12.766481399536133,-42.474891662597656
1935455013,0,281.76416015625,0.0,0.0,0.0,0.0,102385232.0,-0.0,0.0,26.0,0.0,0.45252716541290283,9.920880317687988,-0.7811481356620789,-0.015012466348707676,-0.005676606670022011,-0.012580960988998413,-5.214478492736816,12.406862258911133,-43.168357849121094
1959070224,0,281.76416015625,0.0,0.0,0.0,0.0,102385232.0,-0.0,0.0,26.0,0.0,0.41182368993759155,9.965773582458496,-0.8038941621780396,-0.011150823906064034,-0.0072745271027088165,-0.008452998474240303,-6.113526344299316,12.227052688598633,-44.381927490234375
1984148674,0,281.76416015625,0.0,0.0,0.0,0.0,102385232.0,-0.0,0.0,26.0,0.0,0.41960522532463074,9.941231727600098,-0.880512535572052,-0.011683464050292969,-0.007540848106145859,-0.010583559982478619,-5.574097633361816,12.766481399536133,-42.821624755859375
2013966160,0,281.76416015625,0.0,0.0,0.0,0.0,102385232.0,-0.0,0.0,26.0,0.0,0.39386624097824097,9.917288780212402,-0.8457948565483093,-0.012615584768354893,-0.00554344616830349,-0.006322437897324562,-5.574097633361816,12.047243118286133,-43.8618278503418
2038432907,0,281.76416015625,0.0,0.0,0.0,0.0,102385232.0,-0.0,0.0,26.0,0.0,0.3884790241718292,9.9418306350708,-0.8577664494514465,-0.011150823906064034,-0.007674006745219231,-0.0072545576840639114,-5.214478492736816,10.968385696411133,-42.821624755859375
2062181395,0,281.76416015625,0.0,0.0,0.0,0.0,102385232.0,-0.0,0.0,26.0,0.0,0.41361942887306213,9.954998970031738,-0.8936813473701477,-0.015411946922540665,-0.011136168614029884,-0.002993435598909855,-3.236572742462158,12.586671829223633,-43.34172439575195
2086285458,0,281.76416015625,0.0,0.0,0.0,0.0,102385232.0,-0.0,0.0,26.0,0.0,0.408232182264328,9.928661346435547,-0.8571678996086121,-0.018607787787914276,-0.00660872645676136,-0.0011291946284472942,-4.315430641174316,12.227052688598633,-42.994991302490234
2115370573,0,281.76416015625,0.0,0.0,0.0,0.0,102385232.0,-0.0,0.0,26.0,0.0,0.3783031404018402,9.957992553710938,-0.8936813473701477,-0.02113782986998558,-0.00980456918478012,0.005395649001002312,-4.495240211486816,12.766481399536133,-43.51509475708008
2140163283,0,281.76416015625,0.0,0.0,0.0,0.0,102385232.0,-0.0,0.0,26.0,0.0,0.4561186730861664,9.924471855163574,-0.8463934063911438,-0.023801032453775406,-0.012068290263414383,0.009789932519197464,-6.652955055236816,13.485719680786133,-43.51509475708008
2164186920,0,281.76416015625,0.0,0.0,0.0,0.0,102385232.0,-0.0,0.0,26.0,0.0,0.4154151678085327,9.950210571289062,-0.7637892365455627,-0.024866312742233276,-0.008073488250374794,0.010455732233822346,-4.495240211486816,13.485719680786133,-44.90202713012695
2195261238,0,281.76416015625,0.0,0.0,0.0,0.0,102385232.0,-0.0,0.0,26.0,0.0,0.41960522532463074,9.940633773803711,-0.7015368342399597,-0.021404150873422623,-0.010869849473237991,0.011121532879769802,-5.574097633361816,11.687623977661133,-42.821624755859375
2217443912,0,281.76416015625,0.0,0.0,0.0,0.0,102385232.0,-0.0,0.0,26.0,0.0,0.4291825294494629,9.894542694091797,-0.6746007204055786,-0.016344066709280014,-0.015530452132225037,0.012053653597831726,-6.473145484924316,11.507814407348633,-42.994991302490234
2242183289,0,281.76416015625,0.0,0.0,0.0,0.0,102385232.0,-0.0,0.0,26.0,0.0,0.4585129916667938,9.958590507507324,-0.7129098773002625,-0.012349264696240425,-0.015130972489714622,0.013917895033955574,-5.574097633361816,13.845338821411133,-44.208560943603516
2274615829,0,281.76416015625,0.0,0.0,0.0,0.0,102385232.0,-0.0,0.0,26.0,0.0,0.4812590777873993,9.926267623901367,-0.7027339935302734,-0.008088141679763794,-0.015130972489714622,0.01298577431589365,-6.293335914611816,12.047243118286133,-44.555294036865234
2299092576,0,281.76416015625,0.0,0.0,0.0,0.0,102385232.0,-0.0,0.0,26.0,0.0,0.4782661497592926,9.935246467590332,-0.7434375286102295,-0.0024954192340373993,-0.015264131128787994,0.013518414460122585,-6.293335914611816,12.047243118286133,-43.168357849121094
2324160805,0,281.76416015625,0.0,0.0,0.0,0.0,102385232.0,-0.0,0.0,26.0,0.0,0.5081952214241028,9.922676086425781,-0.6344957947731018,0.009355828166007996,-0.016196252778172493,0.011254693381488323,-5.574097633361816,12.766481399536133,-44.555294036865234
2349475033,0,281.76416015625,0.0,0.0,0.0,0.0,102385232.0,-0.0,0.0,26.0,0.0,0.476470410823822,9.917288780212402,-0.6572418808937073,0.01801123470067978,-0.016063092276453972,0.012186813168227673,-6.113526344299316,12.946290969848633,-43.34172439575195
2374620780,0,281.76416015625,0.0,0.0,0.0,0.0,102385232.0,-0.0,0.0,26.0,0.0,0.47467467188835144,9.927464485168457,-0.7434375286102295,0.025468196719884872,-0.016728892922401428,0.009789932519197464,-6.113526344299316,13.665529251098633,-42.994991302490234
2402451526,0,281.76416015625,0.0,0.0,0.0,0.0,102385232.0,-0.0,0.0,26.0,0.0,0.509990930557251,9.90890884399414,-0.8553721308708191,0.026666637510061264,-0.0177941732108593,0.008458331227302551,-5.574097633361816,13.126100540161133,-43.51509475708008
2426940755,0,281.76416015625,0.0,0.0,0.0,0.0,102385232.0,-0.0,0.0,26.0,0.0,0.4704846143722534,9.901725769042969,-0.8451962471008301,0.026666637510061264,-0.017661012709140778,0.0059282900765538216,-5.933716773986816,12.766481399536133,-42.821624755859375
2452985187,0,281.76416015625,0.0,0.0,0.0,0.0,102385232.0,-0.0,0.0,26.0,0.0,0.5004136562347412,9.926267623901367,-0.8326260447502136,0.02719927951693535,-0.014997811987996101,0.004596688784658909,-5.394288063049316,12.586671829223633,-42.648258209228516
2479181211,0,281.76416015625,0.0,0.0,0.0,0.0,102385232.0,-0.0,0.0,26.0,0.0,0.4920335114002228,9.94721794128418,-0.8481891751289368,0.026267159730196,-0.01473149098455906,0.0025992877781391144,-6.832764625549316,14.384767532348633,-43.34172439575195
2505234180,0,281.76416015625,0.0,0.0,0.0,0.0,102385232.0,-0.0,0.0,26.0,0.0,0.5195682644844055,9.886162757873535,-0.9020614624023438,0.018543872982263565,-0.01379937119781971,0.0003355662920512259,-6.473145484924316,12.227052688598633,-43.34172439575195
2531356538,0,281.76416015625,0.0,0.0,0.0,0.0,102385232.0,-0.0,0.0,26.0,0.0,0.4860477149486542,9.937042236328125,-0.9170259833335876,0.016280151903629303,-0.011668810620903969,0.0011345267994329333,-5.394288063049316,11.507814407348633,-44.035194396972656
2557204507,0,281.76416015625,0.0,0.0,0.0,0.0,102385232.0,-0.0,0.0,26.0,0.0,0.4932306706905365,9.944823265075684,-0.9032586216926575,0.01095375046133995,-0.012600930407643318,0.002332967473194003,-7.372193813323975,13.845338821411133,-43.168357849121094
2582127365,0,281.76416015625,0.0,0.0,0.0,0.0,102385232.0,-0.0,0.0,26.0,0.0,0.5500958561897278,9.87838077545166,-0.9020614624023438,0.006159987300634384,-0.01180196925997734,-0.0019281550776213408,-5.214478492736816,13.126100540161133,-43.168357849121094
2607229390,0,281.76416015625,0.0,0.0,0.0,0.0,102385232.0,-0.0,0.0,26.0,0.0,0.509990930557251,9.923274993896484,-0.9272018671035767,0.00030094385147094727,-0.007407687604427338,-0.0051239971071481705,-6.652955055236816,13.485719680786133,-43.8618278503418
2635151987,0,281.76416015625,0.0,0.0,0.0,0.0,102385232.0,-0.0,0.0,26.0,0.0,0.521962583065033,9.907711029052734,-0.8589636087417603,-0.0012969784438610077,-0.007141366600990295,-0.007920358330011368,-4.495240211486816,12.766481399536133,-43.51509475708008
2660199123,0,281.76416015625,0.0,0.0,0.0,0.0,102385232.0,-0.0,0.0,26.0,0.0,0.5381242632865906,9.91549301147461,-0.9092444181442261,-0.0032943785190582275,-0.008206646889448166,-0.011648840270936489,-5.574097633361816,12.047243118286133,-43.168357849121094
2689701350,0,281.76416015625,0.0,0.0,0.0,0.0,102385232.0,-0.0,0.0,26.0,0.0,0.5225611329078674,9.917288780212402,-0.8296331763267517,-0.004492819309234619,-0.00248076394200325,-0.015111003071069717,-6.293335914611816,13.126100540161133,-43.168357849121094
2713738412,0,281.76416015625,0.0,0.0,0.0,0.0,102385232.0,-0.0,0.0,26.0,0.0,0.4944278299808502,9.903521537780762,-0.8320274949073792,-0.00462597981095314,-0.005676606670022011,-0.01857316493988037,-5.574097633361816,13.485719680786133,-43.8618278503418
2738143215,0,281.76416015625,0.0,0.0,0.0,0.0,102385232.0,-0.0,0.0,26.0,0.0,0.48664629459381104,9.93045711517334,-0.9164273738861084,-0.002628577873110771,-0.007807167246937752,-0.020703725516796112,-6.832764625549316,10.788576126098633,-45.07539367675781
2762565630,0,281.76416015625,0.0,0.0,0.0,0.0,102385232.0,-0.0,0.0,26.0,0.0,0.4633016288280487,9.931056022644043,-0.8529778122901917,-0.004359660670161247,-0.0032797232270240784,-0.020970046520233154,-5.574097633361816,11.328004837036133,-42.12815856933594
2792087949,0,281.76416015625,0.0,0.0,0.0,0.0,102385232.0,-0.0,0.0,26.0,0.0,0.47467467188835144,9.94302749633789,-0.8936813473701477,-0.009419742971658707,-0.0035460442304611206,-0.020970046520233154,-5.933716773986816,12.047243118286133,-44.555294036865234
2815301715,0,281.76416015625,0.0,0.0,0.0,0.0,102385232.0,-0.0,0.0,26.0,0.0,0.4561186730861664,9.932252883911133,-0.8817096948623657,-0.010751343332231045,-0.0032797232270240784,-0.020836886018514633,-5.214478492736816,12.766481399536133,-43.8618278503418
2840233092,0,281.76416015625,0.0,0.0,0.0,0.0,102385232.0,-0.0,0.0,26.0,0.0,0.42080238461494446,9.931056022644043,-0.7835424542427063,-0.009952383115887642,-0.0014154836535453796,-0.020304245874285698,-6.832764625549316,11.148195266723633,-42.648258209228516
2869833929,0,281.76416015625,0.0,0.0,0.0,0.0,102385232.0,-0.0,0.0,26.0,0.0,0.4219995439052582,9.92686653137207,-0.7877324819564819,-0.006756541319191456,-0.003812365233898163,-0.01950528472661972,-4.854859352111816,13.485719680786133,-43.168357849121094
2893308085,0,281.76416015625,0.0,0.0,0.0,0.0,102385232.0,-0.0,0.0,26.0,0.0,0.41960522532463074,9.968168258666992,-0.7997041344642639,-0.001829618588089943,-0.0051439665257930756,-0.015776803717017174,-4.854859352111816,11.687623977661133,-43.51509475708008
2922364497,0,281.76416015625,0.0,0.0,0.0,0.0,102385232.0,-0.0,0.0,27.0,0.0,0.39685913920402527,9.914894104003906,-0.7607963681221008,0.00362994521856308,-0.006342407315969467,-0.012181481346487999,-5.574097633361816,12.047243118286133,-43.168357849121094
2949706706,0,281.76416015625,0.0,0.0,0.0,0.0,102385232.0,-0.0,0.0,26.0,0.0,0.37590882182121277,9.950210571289062,-0.756007730960846,0.008157387375831604,-0.009005608037114143,-0.00925195962190628,-6.113526344299316,12.586671829223633,-43.34172439575195
2972282380,0,281.76416015625,0.0,0.0,0.0,0.0,102385232.0,-0.0,0.0,26.0,0.0,0.38488754630088806,9.953203201293945,-0.7925211191177368,0.01707911118865013,-0.010337209329009056,-0.004724516533315182,-6.473145484924316,12.586671829223633,-43.34172439575195
3002017495,0,281.76416015625,0.0,0.0,0.0,0.0,102385232.0,-0.0,0.0,26.0,0.0,0.37770456075668335,9.943626403808594,-0.7787537574768066,0.016812793910503387,-0.013266731053590775,-0.001794995041564107,-5.214478492736816,13.126100540161133,-43.8618278503418
3025981187,0,281.76416015625,0.0,0.0,0.0,0.0,102385232.0,-0.0,0.0,26.0,0.0,0.4130208492279053,9.952605247497559,-0.7913239598274231,0.02413659542798996,-0.013533050194382668,6.924616172909737e-05,-5.574097633361816,12.047243118286133,-43.8618278503418
3050551398,0,281.76416015625,0.0,0.0,0.0,0.0,102385232.0,-0.0,0.0,26.0,0.0,0.3711201846599579,9.94721794128418,-0.8769210577011108,0.028664041310548782,-0.015130972489714622,0.0037977283354848623,-6.113526344299316,11.867433547973633,-43.68846130371094
3077208662,0,281.76416015625,0.0,0.0,0.0,0.0,102385232.0,-0.0,0.0,26.0,0.0,0.41481658816337585,9.935246467590332,-0.8673437833786011,0.02746560052037239,-0.017261533066630363,0.005528809502720833,-4.315430641174316,11.867433547973633,-44.381927490234375
3103029446,0,281.76416015625,0.0,0.0,0.0,0.0,102385232.0,-0.0,0.0,26.0,0.0,0.4291825294494629,9.932252883911133,-0.8930827379226685,0.026666637510061264,-0.01486465148627758,0.007925691083073616,-3.7760016918182373,12.047243118286133,-44.208560943603516
3131958469,0,281.76416015625,0.0,0.0,0.0,0.0,102385232.0,-0.0,0.0,26.0,0.0,0.4202038049697876,9.929859161376953,-0.8930827379226685,0.02733244001865387,-0.01592993177473545,0.009789932519197464,-5.214478492736816,12.047243118286133,-41.434688568115234
3155226440,0,281.76416015625,0.0,0.0,0.0,0.0,102385232.0,-0.0,0.0,26.0,0.0,0.43995699286460876,9.92686653137207,-0.9236103892326355,0.026267159730196,-0.017128372564911842,0.010588892735540867,-5.214478492736816,12.766481399536133,-43.8618278503418
3180952131,0,281.76416015625,0.0,0.0,0.0,0.0,102385232.0,-0.0,0.0,26.0,0.0,0.43576690554618835,9.954998970031738,-0.9409692287445068,0.024402916431427002,-0.01592993177473545,0.011121532879769802,-5.933716773986816,13.845338821411133,-43.51509475708008
3210109469,0,281.76416015625,0.0,0.0,0.0,0.0,102385232.0,-0.0,0.0,26.0,0.0,0.46689313650131226,9.91130256652832,-0.9876585006713867,0.020008634775877,-0.01486465148627758,0.010588892735540867,-5.933716773986816,12.766481399536133,-43.51509475708008
3233109198,0,281.76416015625,0.0,0.0,0.0,0.0,102385232.0,-0.0,0.0,26.0,0.0,0.47886472940444946,9.91010570526123,-0.9044557809829712,0.019742313772439957,-0.014465171843767166,0.00885781180113554,-5.574097633361816,14.56457805633545,-42.474891662597656
3258167519,0,281.76416015625,0.0,0.0,0.0,0.0,102385232.0,-0.0,0.0,26.0,0.0,0.46689313650131226,9.895739555358887,-0.9098430275917053,0.019475992769002914,-0.012201450765132904,0.007925691083073616,-5.574097633361816,11.687623977661133,-44.555294036865234
3286647357,0,281.76416015625,0.0,0.0,0.0,0.0,102385232.0,-0.0,0.0,26.0,0.0,0.46270304918289185,9.925668716430664,-0.9499479532241821,0.01920967549085617,-0.014598332345485687,0.00885781180113554,-5.753907203674316,12.946290969848633,-43.34172439575195
3311174735,0,281.76416015625,0.0,0.0,0.0,0.0,102385232.0,-0.0,0.0,26.0,0.0,0.4674917161464691,9.8921480178833,-1.0026230812072754,0.014415912330150604,-0.01486465148627758,0.005129328928887844,-5.394288063049316,11.867433547973633,-43.34172439575195
3336226037,0,281.76416015625,0.0,0.0,0.0,0.0,102385232.0,-0.0,0.0,26.0,0.0,0.4603087306022644,9.894542694091797,-0.9948415160179138,0.013350632041692734,-0.011136168614029884,0.0071267299354076385,-5.034668922424316,12.946290969848633,-43.68846130371094
3365658097,0,281.76416015625,0.0,0.0,0.0,0.0,102385232.0,-0.0,0.0,26.0,0.0,0.5016108155250549,9.904718399047852,-0.9403706192970276,0.009089509025216103,-0.013266731053590775,0.0071267299354076385,-4.495240211486816,12.047243118286133,-42.474891662597656
3390928344,0,281.76416015625,0.0,0.0,0.0,0.0,102385232.0,-0.0,0.0,27.0,0.0,0.49083635210990906,9.9418306350708,-0.9673067927360535,0.010154787451028824,-0.01273409090936184,0.0059282900765538216,-4.315430641174316,12.946290969848633,-42.648258209228516
3417134980,0,281.76416015625,0.0,0.0,0.0,0.0,102385232.0,-0.0,0.0,26.0,0.0,0.48963919281959534,9.939435958862305,-1.01698899269104,0.0030973050743341446,-0.011269329115748405,0.002732447814196348,-5.753907203674316,13.665529251098633,-42.994991302490234
3448013928,0,281.76416015625,0.0,0.0,0.0,0.0,102385232.0,-0.0,0.0,26.0,0.0,0.482456237077713,9.884366989135742,-1.0523052215576172,-0.003693860024213791,-0.011269329115748405,0.002332967473194003,-5.034668922424316,12.586671829223633,-42.994991302490234
3468374936,0,281.76416015625,0.0,0.0,0.0,0.0,102385232.0,-0.0,0.0,26.0,0.0,0.49263209104537964,9.919683456420898,-0.9978343844413757,-0.0027617383748292923,-0.008206646889448166,-0.0003302340628579259,-6.113526344299316,13.665529251098633,-43.68846130371094
3495164016,0,281.76416015625,0.0,0.0,0.0,0.0,102385232.0,-0.0,0.0,26.0,0.0,0.4842519760131836,9.938239097595215,-0.9349834322929382,-0.007289181463420391,-0.009271929040551186,-0.0016618350055068731,-6.293335914611816,13.845338821411133,-43.8618278503418
3520190967,0,281.76416015625,0.0,0.0,0.0,0.0,102385232.0,-0.0,0.0,26.0,0.0,0.49562501907348633,9.894542694091797,-0.9936443567276001,-0.009020262397825718,-0.008872447535395622,-0.0016618350055068731,-5.753907203674316,13.665529251098633,-43.34172439575195
3548902101,0,281.76416015625,0.0,0.0,0.0,0.0,102385232.0,-0.0,0.0,26.0,0.0,0.49682217836380005,9.919084548950195,-0.9278004169464111,-0.009686063043773174,-0.007008206099271774,-0.0031265958677977324,-5.574097633361816,13.845338821411133,-42.821624755859375
3575390126,0,281.76416015625,0.0,0.0,0.0,0.0,102385232.0,-0.0,0.0,26.0,0.0,0.44773852825164795,9.925070762634277,-0.9032586216926575,-0.00768866203725338,-0.0072745271027088165,-0.004591356962919235,-7.372193813323975,13.845338821411133,-43.168357849121094
3598178633,0,281.76416015625,0.0,0.0,0.0,0.0,102385232.0,-0.0,0.0,26.0,0.0,0.48066049814224243,9.911901473999023,-0.9433635473251343,-0.006490221247076988,-0.009005608037114143,-0.0033929159399122,-5.753907203674316,12.586671829223633,-42.994991302490234
3627940508,0,281.76416015625,0.0,0.0,0.0,0.0,102385232.0,-0.0,0.0,26.0,0.0,0.4974207580089569,9.905916213989258,-0.8930827379226685,-0.00462597981095314,-0.005809767171740532,-0.006322437897324562,-4.135620594024658,13.485719680786133,-42.12815856933594
3651245626,0,281.76416015625,0.0,0.0,0.0,0.0,102385232.0,-0.0,0.0,26.0,0.0,0.4543229341506958,9.909506797790527,-0.8254430890083313,-0.002095937728881836,-0.005942925810813904,-0.006721917539834976,-4.495240211486816,12.766481399536133,-43.168357849121094
3676202522,0,281.76416015625,0.0,0.0,0.0,0.0,102385232.0,-0.0,0.0,26.0,0.0,0.40284496545791626,9.925668716430664,-0.8733295798301697,0.0048283860087394714,-0.009538248181343079,-0.006322437897324562,-5.753907203674316,13.305910110473633,-43.68846130371094
3702485139,0,281.76416015625,0.0,0.0,0.0,0.0,102385232.0,-0.0,0.0,26.0,0.0,0.49382925033569336,9.919683456420898,-0.8655480146408081,0.011220067739486694,-0.009937729686498642,-0.005390317179262638,-4.675049781799316,12.227052688598633,-44.381927490234375
3729860459,0,281.76416015625,0.0,0.0,0.0,0.0,102385232.0,-0.0,0.0,26.0,0.0,0.47766757011413574,9.918485641479492,-0.9433635473251343,0.012418508529663086,-0.0096714086830616,-0.006988237611949444,-6.652955055236816,14.204957962036133,-43.51509475708008
3753192040,0,281.76416015625,0.0,0.0,0.0,0.0,102385232.0,-0.0,0.0,26.0,0.0,0.48365339636802673,9.870000839233398,-0.9020614624023438,0.019609153270721436,-0.007008206099271774,-0.007920358330011368,-4.854859352111816,13.845338821411133,-42.821624755859375
3779129639,0,281.76416015625,0.0,0.0,0.0,0.0,102385232.0,-0.0,0.0,26.0,0.0,0.5183711051940918,9.884964942932129,-0.8649494647979736,0.027731917798519135,-0.010603528469800949,-0.008452998474240303,-5.214478492736816,12.766481399536133,-42.474891662597656
3806289645,0,281.76416015625,0.0,0.0,0.0,0.0,102385232.0,-0.0,0.0,26.0,0.0,0.4860477149486542,9.879578590393066,-0.8948785066604614,0.02919667959213257,-0.0052771251648664474,-0.013513081707060337,-5.034668922424316,12.946290969848633,-44.035194396972656
3831304207,0,281.76416015625,0.0,0.0,0.0,0.0,102385232.0,-0.0,0.0,26.0,0.0,0.43995699286460876,9.906514167785645,-0.914033055305481,0.03132724016904831,-0.005942925810813904,-0.013646242208778858,-5.034668922424316,12.227052688598633,-43.34172439575195
3864259561,0,281.76416015625,0.0,-0.0,0.0,0.0,102385232.0,-0.0,2.0,26.0,0.0,0.4633016288280487,9.875388145446777,-1.019981861114502,0.03132724016904831,-0.00980456918478012,-0.016043122857809067,-4.135620594024658,13.845338821411133,-42.474891662597656
3885322199,0,281.76416015625,0.0,-0.0,0.0,0.0,102385232.0,-0.0,2.0,26.0,0.0,0.5255540609359741,9.874789237976074,-0.9888556599617004,0.03478940203785896,-0.004345005378127098,-0.018972644582390785,-4.495240211486816,13.126100540161133,-42.821624755859375
3911466168,0,281.76416015625,0.0,-0.0,0.0,0.0,102385232.0,-0.0,2.0,26.0,0.0,0.4531257748603821,9.90890884399414,-0.9517436623573303,0.03585468605160713,-0.0014154836535453796,-0.021103207021951675,-6.832764625549316,12.946290969848633,-43.68846130371094
3937211026,0,281.76416015625,0.0,-0.0,0.0,0.0,102385232.0,-0.0,2.0,26.0,0.0,0.45671725273132324,9.899331092834473,-0.9571309089660645,0.03971632570028305,-0.004744485020637512,-0.021769005805253983,-5.394288063049316,11.507814407348633,-42.994991302490234
3963152384,0,281.76416015625,0.0,-0.0,0.0,0.0,102385232.0,-0.0,2.0,26.0,0.0,0.41661232709884644,9.910704612731934,-0.9607223868370056,0.03998264670372009,-0.003812365233898163,-0.023100607097148895,-5.034668922424316,12.227052688598633,-43.34172439575195
3989211372,0,281.76416015625,0.0,-0.0,0.0,0.0,102385232.0,-0.0,2.0,26.0,0.0,0.4333725869655609,9.916091918945312,-1.0930087566375732,0.040115807205438614,-0.004877645522356033,-0.021769005805253983,-6.293335914611816,14.204957962036133,-42.821624755859375
4015430137,0,281.76416015625,0.0,-0.0,0.0,0.0,102385232.0,-0.0,2.0,26.0,0.0,0.41361942887306213,9.924471855163574,-1.121142029762268,0.03372412174940109,-0.004345005378127098,-0.022301647812128067,-5.574097633361816,13.126100540161133,-43.51509475708008
4041145495,0,281.76416015625,0.0,-0.0,0.0,0.0,102385232.0,-0.0,2.0,26.0,0.0,0.3980563282966614,9.90890884399414,-1.1289236545562744,0.031993042677640915,-0.005410285666584969,-0.022301647812128067,-5.214478492736816,14.56457805633545,-42.474891662597656
4066815316,0,281.76416015625,0.0,-0.0,0.0,0.0,102385232.0,-0.0,2.0,26.0,0.0,0.35795140266418457,9.901126861572266,-1.0906144380569458,0.029862482100725174,-0.0031465664505958557,-0.02057056687772274,-5.933716773986816,13.845338821411133,-43.168357849121094
4093561710,0,281.76416015625,0.0,-0.0,0.0,0.0,102385232.0,-0.0,2.0,26.0,0.0,0.3621414601802826,9.936443328857422,-1.0977973937988281,0.027731917798519135,-0.00980456918478012,-0.013646242208778858,-5.214478492736816,13.126100540161133,-43.8618278503418
4118406310,0,281.76416015625,0.0,-0.0,0.0,0.0,102385232.0,-0.0,2.0,26.0,0.0,0.36573293805122375,9.901725769042969,-1.1564583778381348,0.02307131513953209,-0.01073668897151947,-0.009917759336531162,-5.034668922424316,12.586671829223633,-42.994991302490234
4142384409,0,281.76416015625,0.0,7.199999809265137,0.0,460.0,102385232.0,-0.0,1.0,26.0,0.0,0.3621414601802826,9.913697242736816,-1.191774606704712,0.01801123470067978,-0.009538248181343079,-0.005390317179262638,-5.214478492736816,14.204957962036133,-42.12815856933594
4171522340,0,281.77239990234375,0.343999981880188,7.199999809265137,0.0,460.0,102388232.0,-0.0,1.0,26.0,0.00825599953532219,0.3513669967651367,9.917288780212402,-1.0517066717147827,0.01707911118865013,-0.008073488250374794,-0.004325036890804768,-7.012574195861816,12.766481399536133,-40.7412223815918
4197502846,0,281.79534912109375,0.7155200242996216,7.199999809265137,0.0,460.0,102396568.0,-0.0,1.0,26.0,0.02295718342065811,0.370521605014801,9.718560218811035,-1.1313179731369019,0.007358428090810776,-0.025916937738656998,0.0025992877781391144,-5.574097633361816,12.406862258911133,-42.12815856933594
4220843520,0,281.81756591796875,0.9251306653022766,7.199999809265137,0.0,460.0,102404640.0,-0.0,1.0,26.0,0.02220313623547554,0.22267210483551025,9.970562934875488,-1.2953290939331055,0.055695537477731705,-0.0446925088763237,0.013385253958404064,-6.293335914611816,11.687623977661133,-40.04775619506836
4249243710,0,281.8548583984375,1.4348503351211548,7.199999809265137,0.0,460.0,102418192.0,-0.0,1.0,26.0,0.03730611130595207,0.462104469537735,10.002286911010742,-1.3521943092346191,0.018677033483982086,-0.0465567484498024,0.015382655896246433,-7.192383766174316,14.025148391723633,-42.3015251159668
4273429828,0,281.9058837890625,1.3539841175079346,7.199999809265137,0.0,460.0,102436736.0,-0.0,1.0,26.0,0.051027584820985794,0.3663315176963806,10.104644775390625,-0.766183614730835,0.006159987300634384,-0.03310758247971535,0.015915295109152794,-7.911622524261475,13.305910110473633,-42.648258209228516
4298651723,0,281.95794677734375,2.0821633338928223,7.199999809265137,0.0,460.0,102455648.0,-0.0,1.0,26.0,0.05205408111214638,0.44594278931617737,10.112425804138184,-1.1055790185928345,0.045309048146009445,-0.02724853903055191,0.021508019417524338,-6.113526344299316,12.227052688598633,-40.914588928222656
4329073116,0,282.0289306640625,2.704298734664917,7.199999809265137,0.0,460.0,102481448.0,-0.0,1.0,26.0,0.07098784297704697,0.49502643942832947,9.822712898254395,-1.3090964555740356,0.013750109821557999,-0.01885945349931717,0.021108539775013924,-6.473145484924316,12.227052688598633,-41.261322021484375
4351222253,0,282.0948486328125,2.745922565460205,7.199999809265137,0.0,460.0,102505392.0,-0.0,1.0,26.0,0.06590214371681213,0.23344656825065613,9.988519668579102,-0.7901268005371094,0.02640032023191452,-0.01473149098455906,0.020442739129066467,-7.552003383636475,13.305910110473633,-41.95479202270508
4376873241,0,282.17669677734375,2.253887891769409,7.199999809265137,0.0,460.0,102535136.0,-0.0,1.0,26.0,0.08185824006795883,0.24781250953674316,9.64493465423584,-2.2734103202819824,0.007891068235039711,-0.022321615368127823,0.023105939850211143,-6.473145484924316,12.586671829223633,-42.994991302490234
4405223135,0,282.2649230957031,2.4960639476776123,7.199999809265137,0.0,460.0,102567192.0,-0.0,1.0,26.0,0.08820710331201553,0.37890172004699707,9.658102989196777,-0.7350573539733887,-0.015012466348707676,-0.020324215292930603,0.022972779348492622,-7.372193813323975,11.687623977661133,-42.12815856933594
4429885142,0,282.34893798828125,3.5013465881347656,7.199999809265137,0.0,460.0,102597728.0,-0.0,1.0,26.0,0.0840323194861412,0.49981507658958435,9.526415824890137,-0.6123482584953308,-0.0035606995224952698,-0.012600930407643318,0.022040659561753273,-7.372193813323975,12.047243118286133,-41.087955474853516
4458655369,0,282.4577331542969,2.420383930206299,7.199999809265137,0.0,460.0,102637256.0,-0.0,1.0,27.0,0.10879206657409668,0.509990930557251,9.414481163024902,-1.6856038570404053,-0.002628577873110771,-0.02205529622733593,0.014317374676465988,-6.652955055236816,11.328004837036133,-41.78142547607422
4482363468,0,282.5647888183594,3.9078402519226074,7.199999809265137,0.0,460.0,102676160.0,-0.0,1.0,26.0,0.10706931352615356,0.468090295791626,9.631765365600586,-0.8655480146408081,0.010154787451028824,-0.008472967892885208,0.0011345267994329333,-6.832764625549316,12.586671829223633,-41.608055114746094
4507732660,0,282.6673889160156,4.274773597717285,7.199999809265137,0.0,460.0,102713440.0,-0.0,1.0,26.0,0.10259456187486649,0.6656219959259033,9.861021995544434,-1.3629688024520874,0.014549072831869125,0.014830045402050018,-0.00925195962190628,-8.271241188049316,12.946290969848633,-41.95479202270508
4536355887,0,282.7869567871094,3.1510398387908936,7.199999809265137,0.0,460.0,102756888.0,-0.0,1.0,26.0,0.11954963207244873,0.356155663728714,9.868803977966309,-1.4324041604995728,0.028131399303674698,-0.01792733371257782,-0.012580960988998413,-5.394288063049316,13.665529251098633,-41.95479202270508
4561184560,0,282.9026184082031,4.626552581787109,7.199999809265137,0.0,460.0,102798912.0,-0.0,1.0,26.0,0.1156638115644455,0.6656219959259033,9.98013973236084,-1.1732186079025269,0.03279200196266174,-0.013666210696101189,-0.01018407940864563,-6.473145484924316,12.047243118286133,-41.087955474853516
4585518734,0,283.0205383300781,4.535613536834717,7.199999809265137,0.0,460.0,102841768.0,-0.0,1.0,26.0,0.11792594939470291,0.4920335114002228,10.012463569641113,-1.0954030752182007,0.026666637510061264,0.025083370506763458,-0.018173685297369957,-6.832764625549316,13.305910110473633,-41.95479202270508
4615938164,0,283.1622314453125,4.187626838684082,7.199999809265137,0.0,460.0,102893256.0,-0.0,1.0,26.0,0.14170873165130615,0.281931608915329,9.718560218811035,-0.8451962471008301,0.043444808572530746,-0.01473149098455906,-0.010983040556311607,-6.473145484924316,12.946290969848633,-42.3015251159668
4638269839,0,283.2850341796875,5.115738391876221,7.199999809265137,0.0,460.0,102937872.0,-0.0,1.0,26.0,0.12277773022651672,0.4100279211997986,9.89753532409668,-1.3090964555740356,0.024003438651561737,-0.028580140322446823,-0.0019281550776213408,-5.933716773986816,14.204957962036133,-41.434688568115234
4667901732,0,283.42913818359375,5.3269548416137695,7.199999809265137,0.0,460.0,102990240.0,-0.0,1.0,26.0,0.14412498474121094,0.238235205411911,10.141158103942871,-1.2815617322921753,0.006026826798915863,0.007905721664428711,-0.00019707402680069208,-6.473145484924316,12.946290969848633,-41.608055114746094
4691544295,0,283.55535888671875,5.258957386016846,7.199999809265137,0.0,460.0,103036104.0,-0.0,1.0,26.0,0.12621498107910156,0.25379830598831177,9.72873592376709,-1.8627837896347046,0.024669237434864044,-0.04961943253874779,0.01751321740448475,-5.753907203674316,13.665529251098633,-40.914588928222656
4719356133,0,283.6977233886719,5.475103855133057,7.199999809265137,0.0,460.0,103087832.0,-0.0,1.0,26.0,0.14235270023345947,0.666819155216217,10.189044952392578,-1.3707503080368042,-0.01394718512892723,-0.018459973856806755,0.02270646020770073,-6.832764625549316,12.946290969848633,-43.34172439575195
4744624306,0,283.8524475097656,4.843520164489746,7.199999809265137,0.0,460.0,103144056.0,-0.0,1.0,26.0,0.15472844243049622,0.33759963512420654,9.59405517578125,-1.5515217781066895,-0.029793236404657364,-0.0007496848702430725,0.01964377798140049,-6.293335914611816,13.485719680786133,-40.7412223815918
4769919091,0,283.9854736328125,5.543330669403076,7.199999809265137,0.0,460.0,103192400.0,-0.0,1.0,26.0,0.1330399364233017,0.4172109067440033,9.282194137573242,-2.159679889678955,-0.017276188358664513,-0.053481072187423706,0.03402506560087204,-5.753907203674316,12.946290969848633,-42.3015251159668
4795022005,0,284.1488952636719,5.201280117034912,7.199999809265137,0.0,460.0,103251784.0,-0.0,1.0,26.0,0.1634247750043869,0.6572418808937073,9.889155387878418,-0.690163791179657,-0.05282992869615555,0.0190911702811718,0.02470386028289795,-6.652955055236816,11.687623977661133,-41.434688568115234
4823621843,0,284.287841796875,5.789175987243652,7.199999809265137,0.0,460.0,103302272.0,-0.0,1.0,26.0,0.13894023001194,0.49981507658958435,9.81253719329834,-1.3144837617874146,-0.04297608137130737,-0.04562462866306305,0.024437541142106056,-6.832764625549316,12.946290969848633,-42.648258209228516
4847381831,0,284.4387512207031,5.804073810577393,7.199999809265137,0.0,460.0,103357104.0,-0.0,1.0,26.0,0.15090592205524445,0.718895673751831,10.153129577636719,-1.0181862115859985,-0.042310282588005066,0.0016471967101097107,0.01964377798140049,-5.214478492736816,12.766481399536133,-43.51509475708008
4872468097,0,284.60076904296875,4.155519962310791,7.199999809265137,0.0,460.0,103415976.0,-0.0,1.0,26.0,0.1620129942893982,0.204116091132164,9.732925415039062,-0.8499849438667297,-0.031923796981573105,-0.005809767171740532,0.006594089791178703,-7.372193813323975,12.406862258911133,-41.434688568115234
4901151991,0,284.75323486328125,6.09788179397583,7.199999809265137,0.0,460.0,103471376.0,-0.0,1.0,26.0,0.15244704484939575,0.8236473798751831,10.2303466796875,-1.1606484651565552,-0.038315482437610626,-0.03364022448658943,0.00992309208959341,-6.293335914611816,13.485719680786133,-41.087955474853516
4927184701,0,284.9266357421875,4.743760108947754,7.199999809265137,0.0,460.0,103534384.0,-0.0,1.0,27.0,0.1734117716550827,0.49861791729927063,9.567118644714355,-0.9182231426239014,-0.031124835833907127,0.01496320590376854,-0.008852479048073292,-6.113526344299316,12.946290969848633,-42.3015251159668
4954107207,0,285.0902099609375,4.802239894866943,7.199999809265137,0.0,460.0,103593824.0,-0.0,1.0,26.0,0.16356511414051056,0.8056899309158325,9.83049488067627,-1.7741938829421997,-0.002628577873110771,-0.027514860033988953,0.0018003270961344242,-6.113526344299316,12.586671829223633,-41.95479202270508
4978566843,0,285.2372741699219,6.127901554107666,7.199999809265137,0.0,460.0,103647264.0,-0.0,1.0,26.0,0.14706963300704956,0.5578774213790894,9.720355987548828,-1.023573398590088,-0.039247602224349976,0.01922432705760002,-0.014445202425122261,-5.574097633361816,14.204957962036133,-42.474891662597656
5005492127,0,285.41656494140625,5.1921067237854,7.199999809265137,0.0,460.0,103712416.0,-0.0,1.0,26.0,0.1792983114719391,0.584214985370636,10.438054084777832,-1.3797290325164795,-0.02007254958152771,-0.0546795129776001,0.0004687263863161206,-6.832764625549316,11.867433547973633,-41.95479202270508
5034737631,0,285.545654296875,5.378898620605469,7.199999809265137,0.0,460.0,103759320.0,-0.0,1.0,26.0,0.12909357249736786,0.7212899923324585,9.99271011352539,-0.6039681434631348,-0.03458699584007263,0.02961081638932228,-0.008586158975958824,-6.293335914611816,13.126100540161133,-43.51509475708008
5058393324,0,285.6782531738281,5.100090980529785,7.199999809265137,0.0,460.0,103807504.0,-0.0,1.0,26.0,0.13260236382484436,0.2891145944595337,9.778417587280273,-1.4713119268417358,-0.01714302785694599,-0.04695622995495796,-0.004458196461200714,-7.911622524261475,11.507814407348633,-42.3015251159668
5082421368,0,285.8143615722656,3.486783981323242,7.199999809265137,0.0,460.0,103856960.0,-0.0,1.0,26.0,0.1361001580953598,0.42379528284072876,9.936443328857422,-0.9104415774345398,-0.03219011425971985,0.03480405732989311,-0.018173685297369957,-5.394288063049316,12.227052688598633,-41.95479202270508
5110057521,0,285.94183349609375,5.0984649658203125,7.199999809265137,0.0,460.0,103903280.0,-0.0,1.0,26.0,0.12746162712574005,0.047886475920677185,10.26446533203125,-0.9936443567276001,-0.0010306574404239655,-0.03257494419813156,-0.009917759336531162,-6.832764625549316,12.586671829223633,-42.648258209228516
5134953546,0,286.07745361328125,3.4821975231170654,7.199999809265137,0.0,460.0,103952560.0,-0.0,1.0,26.0,0.1356295645236969,0.6458688378334045,9.101423263549805,-1.4102566242218018,-0.0240673515945673,0.031874533742666245,-0.00019707402680069208,-6.113526344299316,13.305910110473633,-42.994991302490234
5159028405,0,286.2019348144531,4.978698253631592,7.199999809265137,0.0,460.0,103997792.0,-0.0,1.0,26.0,0.12446745485067368,0.054470863193273544,9.713770866394043,-1.656273365020752,-0.023934191092848778,-0.02631641924381256,0.0037977283354848623,-6.473145484924316,12.946290969848633,-42.648258209228516
5189315965,0,286.325927734375,4.770486354827881,7.199999809265137,0.0,460.0,104042856.0,-0.0,1.0,26.0,0.1240326389670372,0.9954400658607483,9.945422172546387,-1.0032216310501099,-0.04603876546025276,0.019890129566192627,0.01152101345360279,-6.832764625549316,11.148195266723633,-42.994991302490234
5211494288,0,286.4670715332031,4.050943851470947,7.199999809265137,0.0,460.0,104094136.0,-0.0,1.0,26.0,0.14112256467342377,0.3220365345478058,10.779245376586914,-0.6368901133537292,-0.032056957483291626,-0.05614427477121353,0.01298577431589365,-5.574097633361816,11.328004837036133,-43.51509475708008
5237568460,0,286.58349609375,4.851088047027588,7.199999809265137,0.0,460.0,104136448.0,-0.0,1.0,26.0,0.11642611026763916,0.952940821647644,10.257283210754395,-0.7111141681671143,-0.03365487605333328,0.0024461597204208374,0.018045857548713684,-8.451050758361816,12.406862258911133,-41.78142547607422
5265918484,0,286.72406005859375,3.952789545059204,7.199999809265137,0.0,460.0,104187520.0,-0.0,1.0,26.0,0.14054739475250244,0.25379830598831177,10.560164451599121,-0.7081212401390076,-0.031790636479854584,-0.05001891404390335,0.011920493096113205,-7.552003383636475,12.586671829223633,-42.648258209228516
5289691176,0,286.84271240234375,4.943624019622803,7.199999809265137,0.0,460.0,104230632.0,-0.0,1.0,26.0,0.11864697933197021,1.0349464416503906,10.083694458007812,-0.9631167054176331,-0.03725019842386246,-0.0020812824368476868,0.016048455610871315,-7.192383766174316,11.867433547973633,-42.994991302490234
5315396701,0,286.97540283203125,3.4666025638580322,7.199999809265137,0.0,460.0,104278848.0,-0.0,1.0,26.0,0.13268767297267914,0.3693244457244873,10.354851722717285,-1.0325521230697632,-0.04350872337818146,-0.037102386355400085,0.0039308881387114525,-6.113526344299316,13.665529251098633,-43.34172439575195
5342463670,0,287.10528564453125,4.723349094390869,7.199999809265137,3.0,460.0,104326048.0,-0.0,1.0,26.0,0.12991365790367126,0.6728049516677856,9.871197700500488,-0.6099539399147034,-0.04097868129611015,0.02867869660258293,-0.011915160343050957,-7.372193813323975,12.766481399536133,-43.168357849121094
5367648917,0,287.2244873046875,4.9669013023376465,7.199999809265137,0.0,460.0,104369368.0,-0.0,1.0,26.0,0.11920563131570816,0.3920705020427704,10.19323444366455,-0.4441470503807068,-0.032989077270030975,-0.031110182404518127,-0.007787198759615421,-5.214478492736816,13.485719680786133,-43.168357849121094
5397299829,0,287.36114501953125,4.3288960456848145,7.199999809265137,0.0,460.0,104419024.0,-0.0,1.0,26.0,0.1366615742444992,0.846992015838623,9.424656867980957,-1.1295222043991089,-0.03725019842386246,0.024683892726898193,-0.016575763002038002,-6.652955055236816,10.608766555786133,-43.51509475708008
5421920539,0,287.47711181640625,4.831594944000244,7.199999809265137,0.0,460.0,104461160.0,-0.0,1.0,26.0,0.11595827341079712,0.40763360261917114,9.688631057739258,-1.5640919208526611,-0.023934191092848778,-0.03150966018438339,-0.014178882353007793,-5.933716773986816,12.406862258911133,-42.474891662597656
5445542398,0,287.60174560546875,4.7929253578186035,7.199999809265137,0.0,460.0,104506448.0,-0.0,1.0,26.0,0.12461606413125992,0.46988603472709656,9.290574073791504,-1.5389515161514282,-0.03045903518795967,0.023751772940158844,-0.024032728746533394,-7.192383766174316,11.148195266723633,-42.648258209228516
5476006440,0,287.7426452636719,4.145429611206055,7.199999809265137,0.0,460.0,104557648.0,-0.0,1.0,26.0,0.14090515673160553,0.6740021109580994,10.737344741821289,-0.5758348703384399,-0.023534711450338364,-0.02005789428949356,-0.018040524795651436,-6.832764625549316,12.586671829223633,-42.3015251159668
5498242188,0,287.861328125,4.944655895233154,7.199999809265137,0.0,460.0,104600768.0,-0.0,1.0,26.0,0.11867174506187439,0.5429129004478455,9.901126861572266,-0.3262265920639038,-0.016344066709280014,0.027879733592271805,-0.028560170903801918,-7.012574195861816,12.766481399536133,-43.51509475708008
5526736119,0,287.9928894042969,3.4253227710723877,7.199999809265137,0.0,460.0,104648584.0,-0.0,1.0,26.0,0.13160063326358795,0.7392474412918091,10.54639720916748,-0.8631536960601807,-0.008887102827429771,-0.024585336446762085,-0.01337992213666439,-7.731812953948975,12.766481399536133,-42.474891662597656
5552194496,0,288.1220703125,3.6087892055511475,7.199999809265137,0.0,460.0,104695520.0,-0.0,1.0,26.0,0.12916237115859985,0.3723173439502716,9.199590682983398,-1.740673303604126,-0.00768866203725338,0.026947613805532455,-0.020171085372567177,-7.012574195861816,12.406862258911133,-43.168357849121094
5576341725,0,288.2378845214844,4.8260908126831055,7.199999809265137,0.0,460.0,104737608.0,-0.0,1.0,26.0,0.11582617461681366,0.6793893575668335,11.022868156433105,-0.350169837474823,-0.02526579238474369,-0.026849057525396347,6.924616172909737e-05,-6.113526344299316,12.946290969848633,-43.68846130371094
5602876657,0,288.3769836425781,3.996821641921997,7.199999809265137,0.0,460.0,104788152.0,-0.0,1.0,26.0,0.1390915811061859,0.4154151678085327,9.312722206115723,-0.582419216632843,0.0025646649301052094,-0.0028802454471588135,-0.004990836605429649,-5.394288063049316,14.025148391723633,-42.648258209228516
5630704866,0,288.4932556152344,4.845010757446289,7.199999809265137,0.0,460.0,104830400.0,-0.0,1.0,26.0,0.11628025770187378,0.9056529402732849,10.24531078338623,-1.2061405181884766,-0.03578543663024902,-0.026849057525396347,0.006993570365011692,-6.652955055236816,10.968385696411133,-42.821624755859375
5654836262,0,288.6208801269531,4.908298015594482,7.199999809265137,0.0,460.0,104876776.0,-0.0,1.0,26.0,0.12761574983596802,0.19633454084396362,9.756270408630371,-0.43995699286460876,-0.007156021893024445,0.002179838716983795,-0.009917759336531162,-6.652955055236816,12.047243118286133,-43.8618278503418
5680120102,0,288.7535095214844,3.455594778060913,7.199999809265137,0.0,460.0,104924968.0,-0.0,1.0,26.0,0.132621631026268,0.8745267391204834,10.675690650939941,-0.6746007204055786,-0.04617192596197128,-0.02005789428949356,0.00020240619778633118,-5.933716773986816,12.047243118286133,-43.168357849121094
5706058627,0,288.8768310546875,4.933014869689941,7.199999809265137,0.0,460.0,104969776.0,-0.0,1.0,26.0,0.12332537770271301,0.09936443716287613,9.204977035522461,-0.8003026843070984,-0.01700986735522747,-0.0052771251648664474,-0.009651439264416695,-5.753907203674316,12.227052688598633,-42.648258209228516
5732423133,0,289.00921630859375,3.3501014709472656,7.199999809265137,0.0,460.0,105017880.0,-0.0,1.0,26.0,0.1323629468679428,1.001425862312317,9.834086418151855,-0.3723173439502716,-0.05282992869615555,0.014297407120466232,-0.007920358330011368,-5.394288063049316,11.867433547973633,-44.035194396972656
5757210399,0,289.1319885253906,4.9116597175598145,7.199999809265137,0.0,460.0,105062496.0,-0.0,1.0,26.0,0.12279149144887924,0.1280963122844696,8.70336627960205,-1.6293373107910156,-0.024733152240514755,-0.016063092276453972,-0.01337992213666439,-4.675049781799316,11.867433547973633,-43.34172439575195
5785181256,0,289.2541198730469,4.697134494781494,7.199999809265137,0.0,460.0,105106872.0,-0.0,1.0,26.0,0.12212550640106201,0.6332986354827881,10.118412017822266,-0.339993953704834,-0.06121901422739029,0.019490648061037064,-0.016176283359527588,-5.574097633361816,12.766481399536133,-43.168357849121094
5810392059,0,289.39385986328125,3.953706979751587,7.199999809265137,0.0,460.0,105157648.0,-0.0,1.0,26.0,0.13974106311798096,0.29450181126594543,9.123570442199707,-1.8591923713684082,-0.034853316843509674,-0.019525254145264626,-0.015510482713580132,-6.113526344299316,12.586671829223633,-42.648258209228516
5837249158,0,289.5088195800781,4.790429592132568,7.199999809265137,0.0,460.0,105199424.0,-0.0,1.0,26.0,0.11497030407190323,0.36154288053512573,10.100454330444336,-0.3974577486515045,-0.060553211718797684,0.019490648061037064,-0.0175078846514225,-4.854859352111816,10.608766555786133,-43.168357849121094
5862310720,0,289.6473083496094,3.9949867725372314,7.199999809265137,0.0,460.0,105249752.0,-0.0,1.0,26.0,0.1384999006986618,0.52016681432724,9.94602108001709,-1.7304974794387817,-0.06587961316108704,-0.028713300824165344,-0.005390317179262638,-7.731812953948975,11.687623977661133,-43.8618278503418
5887249727,0,289.76263427734375,4.804419040679932,7.199999809265137,0.0,460.0,105291656.0,-0.0,1.0,26.0,0.11530604958534241,0.3735145032405853,9.954401016235352,-0.4992164969444275,-0.06295008957386017,0.026814453303813934,-0.016575763002038002,-6.832764625549316,12.586671829223633,-43.68846130371094
5912363048,0,289.8890686035156,4.863524913787842,7.199999809265137,0.0,460.0,105337600.0,-0.0,1.0,26.0,0.12645164132118225,0.9702996611595154,10.028624534606934,-1.252231240272522,-0.07493449747562408,-0.021788977086544037,-0.003259755903854966,-5.214478492736816,12.406862258911133,-43.8618278503418
5946409939,0,290.0210266113281,3.3473494052886963,7.199999809265137,1.0,460.0,105385552.0,-0.0,1.0,26.0,0.13195839524269104,0.5195682644844055,9.768241882324219,-0.26457276940345764,-0.06321641802787781,0.029877137392759323,-0.015776803717017174,-6.473145484924316,12.227052688598633,-43.34172439575195
5965730967,0,290.1437683105469,4.90813684463501,7.199999809265137,0.0,460.0,105430144.0,-0.0,1.0,26.0,0.1227034255862236,0.8517806529998779,10.36622428894043,-1.2468440532684326,-0.0769319087266922,-0.019658414646983147,-0.0021944751497358084,-6.293335914611816,12.047243118286133,-42.12815856933594
5993822750,0,290.28143310546875,3.3134078979492188,7.199999809265137,0.0,460.0,105480176.0,-0.0,1.0,27.0,0.13769632577896118,0.22327068448066711,9.696412086486816,-0.08559707552194595,-0.04057919979095459,-0.006076086312532425,-0.012314640916883945,-5.753907203674316,12.946290969848633,-43.68846130371094
6022042589,0,290.4117126464844,4.827008247375488,7.199999809265137,0.0,460.0,105527512.0,-0.0,1.0,26.0,0.13027967512607574,0.5423142910003662,10.310556411743164,-1.6628577709197998,-0.0700075775384903,-0.013932531699538231,-0.0051239971071481705,-6.293335914611816,12.047243118286133,-43.8618278503418
6044487967,0,290.5303649902344,4.9437384605407715,7.199999809265137,0.0,460.0,105570632.0,-0.0,1.0,26.0,0.11864972859621048,0.23284797370433807,9.620990753173828,-0.6356929540634155,-0.031124835833907127,-0.016728892922401428,-0.011515680700540543,-6.113526344299316,13.305910110473633,-42.994991302490234
6078004025,0,290.6629943847656,3.3978025913238525,7.199999809265137,0.0,460.0,105618824.0,-0.0,1.0,26.0,0.13263538479804993,0.6255170702934265,10.130383491516113,-0.8206544518470764,-0.05908845365047455,-0.00980456918478012,-0.006189277395606041,-5.574097633361816,13.126100540161133,-42.821624755859375
6098049423,0,290.7860412597656,4.922227382659912,7.199999809265137,0.0,460.0,105663536.0,-0.0,1.0,26.0,0.12305568158626556,0.23943236470222473,9.628173828125,-1.1486767530441284,-0.023801032453775406,-0.026982218027114868,-0.015111003071069717,-5.933716773986816,11.328004837036133,-43.51509475708008
6121553005,0,290.91015625,4.772920608520508,7.199999809265137,0.0,460.0,105708632.0,-0.0,1.0,26.0,0.12409593909978867,0.4854491353034973,9.990914344787598,-0.15622961521148682,-0.030991675332188606,0.02521653100848198,-0.019904766231775284,-6.652955055236816,11.328004837036133,-43.51509475708008
6149375140,0,291.0514221191406,4.327061176300049,7.199999809265137,0.0,460.0,105759960.0,-0.0,1.0,26.0,0.1412491500377655,0.3663315176963806,9.929859161376953,-0.9667081832885742,-0.020605189725756645,-0.0384339839220047,-0.009385119192302227,-6.652955055236816,10.968385696411133,-44.90202713012695
6175159183,0,291.1683654785156,4.872874736785889,7.199999809265137,0.0,460.0,105802456.0,-0.0,1.0,26.0,0.11694899201393127,0.31485357880592346,9.753875732421875,-0.7033326029777527,-0.014746146276593208,0.018691688776016235,-0.01630944386124611,-5.214478492736816,10.249147415161133,-43.8618278503418
6206167668,0,291.30902099609375,4.083968162536621,7.199999809265137,0.0,460.0,105853568.0,-0.0,1.0,26.0,0.1406712383031845,0.13468070328235626,10.083694458007812,-1.6353230476379395,-0.01993938907980919,-0.04376038908958435,-0.0041918763890862465,-5.574097633361816,11.328004837036133,-43.51509475708008
6232338600,0,291.4256286621094,4.857853412628174,7.199999809265137,0.0,460.0,105895936.0,-0.0,1.0,26.0,0.11658848077058792,0.2514039874076843,9.573104858398438,-0.5902007818222046,0.002165183424949646,0.01815904676914215,-0.012181481346487999,-5.574097633361816,11.687623977661133,-43.168357849121094
6252850739,0,291.5530090332031,4.900571346282959,7.199999809265137,0.0,460.0,105942232.0,-0.0,1.0,26.0,0.12741485238075256,0.646467387676239,10.858258247375488,-0.010774456895887852,-0.033788036555051804,-0.01379937119781971,0.0021998074371367693,-6.473145484924316,11.867433547973633,-42.648258209228516
6280226022,0,291.6864929199219,3.4858665466308594,7.199999809265137,0.0,460.0,105990736.0,-0.0,1.0,26.0,0.1334802508354187,0.17478562891483307,9.410290718078613,-0.4615058898925781,0.02014179527759552,0.012166842818260193,-0.011648840270936489,-5.753907203674316,11.148195266723633,-43.68846130371094
6306718250,0,291.8101806640625,4.9463348388671875,7.199999809265137,0.0,460.0,106035672.0,-0.0,1.0,26.0,0.12365836650133133,0.7649863958358765,10.645163536071777,-0.16281400620937347,-0.020338868722319603,-0.0050108060240745544,0.0016671670600771904,-5.753907203674316,11.867433547973633,-44.035194396972656
6334123589,0,291.94366455078125,3.495957374572754,7.199999809265137,0.0,460.0,106084176.0,-0.0,1.0,26.0,0.1334719955921173,-0.06644248217344284,9.099028587341309,-0.16281400620937347,0.026000838726758957,0.0025793202221393585,-0.005523476749658585,-5.574097633361816,10.968385696411133,-43.168357849121094
6354721043,0,292.0666809082031,4.921566486358643,7.199999809265137,0.0,460.0,106128880.0,-0.0,1.0,26.0,0.12303917109966278,0.9595252275466919,10.059751510620117,-0.7787537574768066,-0.008088141679763794,-0.0051439665257930756,0.007659371010959148,-5.394288063049316,11.148195266723633,-42.3015251159668
6383438492,0,292.18927001953125,4.715234279632568,7.199999809265137,0.0,460.0,106173432.0,-0.0,1.0,26.0,0.12259609252214432,0.3190436363220215,10.906144142150879,-0.560870349407196,-0.004492819309234619,-0.044293031096458435,0.009789932519197464,-6.473145484924316,10.788576126098633,-43.34172439575195
6407360795,0,292.3299560546875,3.9674668312072754,7.199999809265137,0.0,460.0,106224544.0,-0.0,1.0,26.0,0.1406794935464859,0.3914719223976135,9.594654083251953,-1.0900158882141113,-0.005424940958619118,0.004576720297336578,0.011654173023998737,-5.574097633361816,12.047243118286133,-43.168357849121094
6436507578,0,292.4461364746094,4.8401947021484375,7.199999809265137,0.0,460.0,106266760.0,-0.0,1.0,26.0,0.1161646693944931,0.584214985370636,10.271648406982422,-1.2402596473693848,-0.011417143978178501,-0.039898745715618134,0.020176418125629425,-6.652955055236816,11.687623977661133,-44.555294036865234
6462166825,0,292.5859680175781,3.0856800079345703,7.199999809265137,0.0,460.0,106317576.0,-0.0,1.0,27.0,0.13984288275241852,0.29869186878204346,9.632364273071289,-1.1582541465759277,-0.010085543617606163,0.002712476998567581,0.015382655896246433,-6.652955055236816,12.406862258911133,-43.168357849121094
6489567479,0,292.7164306640625,4.610517501831055,7.199999809265137,0.0,460.0,106364984.0,-0.0,1.0,26.0,0.13046681880950928,0.6368901133537292,10.460800170898438,-1.254625678062439,-0.03139115497469902,-0.032974421977996826,0.022573299705982208,-5.933716773986816,12.766481399536133,-42.821624755859375
6515542559,0,292.8357849121094,4.9729790687561035,7.199999809265137,0.0,460.0,106408352.0,-0.0,1.0,26.0,0.11935149133205414,0.2783401310443878,9.172654151916504,-0.6416787505149841,0.015614353120326996,-0.0028802454471588135,0.0103225726634264,-7.012574195861816,12.047243118286133,-42.821624755859375
6539904900,0,292.9675598144531,3.400554656982422,7.199999809265137,0.0,460.0,106456232.0,-0.0,1.0,26.0,0.1317712664604187,0.7386488914489746,11.025860786437988,-0.09517436474561691,-0.03964708000421524,-0.02525113895535469,0.01764637604355812,-6.473145484924316,12.227052688598633,-44.728660583496094
6563698500,0,293.091064453125,4.940280437469482,7.199999809265137,0.0,460.0,106501112.0,-0.0,1.0,26.0,0.12350700795650482,0.1682012379169464,9.026599884033203,-1.482086420059204,0.0049615465104579926,-0.01792733371257782,0.0071267299354076385,-6.113526344299316,12.586671829223633,-43.34172439575195
6593048005,0,293.2154541015625,4.7845635414123535,7.199999809265137,0.0,460.0,106546312.0,-0.0,1.0,26.0,0.12439865618944168,0.5357299447059631,10.979171752929688,-0.48664629459381104,-0.038049161434173584,-0.020324215292930603,0.009789932519197464,-6.113526344299316,11.148195266723633,-44.035194396972656
6617208512,0,293.3487243652344,3.3895466327667236,7.199999809265137,0.0,460.0,106594736.0,-0.0,1.0,26.0,0.13324908912181854,0.1981302797794342,9.717362403869629,-0.8374147415161133,-0.0032943785190582275,-0.02831381931900978,0.0018003270961344242,-6.293335914611816,11.687623977661133,-43.51509475708008
6641965574,0,293.4712829589844,4.902853012084961,7.199999809265137,0.0,460.0,106639272.0,-0.0,1.0,26.0,0.12257132679224014,0.5309413075447083,9.312722206115723,-1.059488296508789,-0.01288190484046936,0.01309896633028984,-0.004724516533315182,-5.933716773986816,12.766481399536133,-44.208560943603516
6672954986,0,293.6097717285156,5.050837516784668,7.199999809265137,0.0,460.0,106689600.0,-0.0,1.0,26.0,0.13851091265678406,0.2011231929063797,10.322527885437012,-0.9697011113166809,-0.01288190484046936,-0.03244178369641304,-0.0024607954546809196,-5.753907203674316,11.148195266723633,-41.95479202270508
6694354031,0,293.72796630859375,4.923786640167236,-0.0,0.0,460.0,106732544.0,-0.0,2.0,26.0,0.11817087978124619,0.5291455388069153,9.506063461303711,-0.9397720694541931,-0.008354462683200836,0.015229526907205582,-0.015643643215298653,-6.293335914611816,11.328004837036133,-44.208560943603516
6721635629,0,293.8603515625,3.3978025913238525,-0.0,0.0,-511.0,106780656.0,-0.0,2.0,26.0,0.1324097216129303,0.2292564958333969,10.104045867919922,-1.5329657793045044,-0.02726319432258606,-0.03204230219125748,-0.006855078041553497,-7.192383766174316,11.507814407348633,-44.728660583496094
6748707820,0,294.00616455078125,4.430720329284668,-0.0,0.0,-511.0,106833640.0,-0.0,2.0,26.0,0.14580096304416656,0.20890474319458008,9.765249252319336,-0.8242459297180176,-0.0003648567944765091,0.013897925615310669,-0.020037924870848656,-5.034668922424316,10.788576126098633,-45.4221305847168
6773435957,0,294.1317443847656,5.231895923614502,-0.0,0.0,-511.0,106879264.0,-0.0,2.0,26.0,0.12556549906730652,1.2282880544662476,9.419269561767578,-2.1860175132751465,-0.11994260549545288,-0.008206646889448166,-0.015111003071069717,-5.753907203674316,12.227052688598633,-44.035194396972656
6801651147,0,294.2500915527344,3.129941463470459,-0.0,0.0,-511.0,106922272.0,-0.0,2.0,26.0,0.11834976077079773,0.49382925033569336,9.59525203704834,-0.38369038701057434,-0.06614594161510468,0.028545532375574112,-0.033487096428871155,-7.192383766174316,12.586671829223633,-45.4221305847168
6829312227,0,294.3208312988281,2.9475066661834717,-0.0,0.0,-511.0,106947976.0,-0.0,2.0,26.0,0.07074016332626343,0.5997781157493591,10.294394493103027,-0.7823452949523926,-0.055759452283382416,0.012433163821697235,-0.034685537219047546,-5.394288063049316,12.227052688598633,-44.728660583496094
6850839069,0,294.38720703125,2.553009510040283,-0.0,0.0,-511.0,106972096.0,-0.0,2.0,26.0,0.06637824326753616,0.5494973063468933,9.887958526611328,-0.6087567806243896,-0.09850384294986725,0.010302603244781494,-0.0425419807434082,-5.753907203674316,10.428956985473633,-45.07539367675781
6878334074,0,294.4362487792969,0.9466879963874817,-0.0,0.0,-511.0,106989920.0,-0.0,2.0,26.0,0.04905164986848831,0.2933046519756317,9.719158172607422,0.12749773263931274,-0.05402836948633194,0.028012890368700027,-0.054126907140016556,-5.753907203674316,11.867433547973633,-44.728660583496094
6903425340,0,294.459716796875,0.9379916787147522,-0.0,0.0,-511.0,106998440.0,-0.0,2.0,26.0,0.023449791595339775,0.6135454773902893,9.922676086425781,-0.8050913214683533,-0.05282992869615555,0.01802588626742363,-0.05279530584812164,-5.933716773986816,12.047243118286133,-44.208560943603516
6934906603,0,294.473388671875,0.2348373383283615,-0.0,0.0,-149.0,107003408.0,-0.0,2.0,26.0,0.013677439652383327,0.5225611329078674,9.717961311340332,-0.24242527782917023,-0.08478835225105286,0.0017803572118282318,-0.05559166893362999,-5.394288063049316,12.227052688598633,-44.728660583496094
6956414056,0,294.47674560546875,0.1401226669549942,-0.0,0.0,-89.0,107004632.0,-0.0,2.0,26.0,0.003362943883985281,0.35555708408355713,10.203410148620605,-0.5129838585853577,-0.05749053135514259,0.00031559914350509644,-0.05665694922208786,-5.394288063049316,11.507814407348633,-44.381927490234375
6981702396,0,294.4776916503906,-0.01926399953663349,-0.0,0.0,12.0,107004976.0,-0.0,2.0,26.0,0.0009576960001140833,0.25439688563346863,9.810741424560547,-0.1759827882051468,-0.06374906003475189,0.027080770581960678,-0.05665694922208786,-4.854859352111816,12.766481399536133,-43.8618278503418
7006496014,0,294.47711181640625,0.00825599953532219,-0.0,0.0,-4.0,107004760.0,-0.0,2.0,26.0,-0.0006054400000721216,0.16640549898147583,10.002286911010742,-0.22446784377098083,-0.007821821607649326,-0.0019481256604194641,-0.041876181960105896,-5.214478492736816,11.328004837036133,-44.208560943603516
7036348889,0,294.4773864746094,0.011466666124761105,-0.0,0.0,-6.0,107004864.0,-0.0,2.0,26.0,0.00027520000003278255,0.3364024758338928,10.09985637664795,-0.0670410618185997,0.00362994521856308,-0.004744485020637512,-0.033353935927152634,-5.753907203674316,12.227052688598633,-45.4221305847168
7058453490,0,294.4773864746094,0.0,-0.0,0.0,0.0,107004864.0,-0.0,2.0,26.0,0.0,0.21369339525699615,10.024435043334961,-0.1502438187599182,0.020807594060897827,0.0016471967101097107,-0.02789437025785446,-5.214478492736816,12.047243118286133,-45.595497131347656
7083392793,0,294.4773864746094,0.0,-0.0,0.0,0.0,107004864.0,-0.0,2.0,26.0,0.0,0.18077144026756287,9.965773582458496,-0.3453812003135681,0.05010281130671501,-0.011269329115748405,-0.020037924870848656,-5.753907203674316,12.227052688598633,-44.381927490234375
7114529297,0,294.4773864746094,0.0,-0.0,0.0,0.0,107004864.0,-0.0,2.0,26.0,0.0,0.19154590368270874,10.024435043334961,-0.4890406131744385,0.053564976900815964,-0.013133570551872253,-0.012181481346487999,-5.214478492736816,12.406862258911133,-44.90202713012695
7136553731,0,294.4773864746094,0.0,-0.0,0.0,0.0,107004864.0,-0.0,2.0,26.0,0.0,0.15682820975780487,9.959189414978027,-0.5572788715362549,0.05716029927134514,-0.014198850840330124,-0.0003302340628579259,-3.9558112621307373,12.227052688598633,-45.07539367675781
7161359627,0,294.4773864746094,0.0,-0.0,0.0,0.0,107004864.0,-0.0,2.0,26.0,0.0,0.17358846962451935,10.01186466217041,-0.6704106330871582,0.057826098054647446,-0.02099001407623291,0.015249495394527912,-5.394288063049316,12.946290969848633,-45.07539367675781
7190687354,0,294.4773864746094,0.0,-0.0,0.0,0.0,107004864.0,-0.0,2.0,26.0,0.0,0.17658136785030365,10.022639274597168,-0.6416787505149841,0.05196705088019371,-0.02099001407623291,0.0237717404961586,-5.394288063049316,12.946290969848633,-44.728660583496094
7214419454,0,294.4773864746094,0.0,-0.0,0.0,0.0,107004864.0,-0.0,2.0,26.0,0.0,0.25679120421409607,9.931654930114746,-0.6620305180549622,0.0450427271425724,-0.0240526981651783,0.03282662481069565,-3.9558112621307373,12.227052688598633,-44.728660583496094
7243913569,0,294.4773864746094,0.0,-0.0,0.0,0.0,107004864.0,-0.0,2.0,26.0,0.0,0.292107492685318,9.969964027404785,-0.7266772389411926,0.03998264670372009,-0.025916937738656998,0.03695458546280861,-4.135620594024658,10.608766555786133,-44.555294036865234
7267292651,0,294.4773864746094,0.0,-0.0,0.0,0.0,107004864.0,-0.0,2.0,26.0,0.0,0.34178972244262695,9.976548194885254,-0.7165013551712036,0.028930358588695526,-0.024452177807688713,0.041748348623514175,-5.753907203674316,11.148195266723633,-44.381927490234375
7292893695,0,294.4773864746094,0.0,7.0,0.0,0.0,107004864.0,-0.0,1.0,26.0,0.0,0.38967618346214294,9.931056022644043,-0.712311327457428,0.020807594060897827,-0.02631641924381256,0.03948462754487991,-4.675049781799316,12.946290969848633,-44.728660583496094
7321040867,0,294.4774169921875,0.00825599953532219,7.0,0.0,447.0,107004872.0,-0.0,1.0,26.0,2.476800000295043e-05,0.4585129916667938,9.931654930114746,-0.7272758483886719,0.015214871615171432,-0.025650618597865105,0.03722090646624565,-5.034668922424316,11.867433547973633,-44.035194396972656
7345556818,0,294.48809814453125,0.5008640289306641,7.0,0.0,447.0,107008760.0,-0.0,1.0,26.0,0.010716288350522518,0.45372435450553894,9.7742280960083,-0.5225611329078674,0.004295745864510536,-0.02112317457795143,0.03003026358783245,-6.113526344299316,11.148195266723633,-44.381927490234375
7370456417,0,294.5047607421875,0.6943066120147705,7.0,0.0,447.0,107014816.0,-0.0,1.0,26.0,0.016663359478116035,0.4854491353034973,10.26207160949707,-0.40164780616760254,0.008024226874113083,-0.021256335079669952,0.025103341788053513,-6.113526344299316,12.227052688598633,-42.648258209228516
7398703256,0,294.5365295410156,1.2457386255264282,7.0,0.0,447.0,107026352.0,-0.0,1.0,26.0,0.03173055872321129,0.5279483795166016,9.756869316101074,-0.5812220573425293,0.028664041310548782,-0.019525254145264626,0.02057589776813984,-6.652955055236816,10.968385696411133,-42.821624755859375
7424975299,0,294.5740966796875,1.566002607345581,7.0,0.0,447.0,107040008.0,-0.0,1.0,26.0,0.03758406266570091,0.3974577486515045,10.016653060913086,-0.6722064018249512,0.009355828166007996,-0.01686205342411995,0.01658109575510025,-6.113526344299316,11.507814407348633,-43.68846130371094
7450027306,0,294.6217346191406,1.831455945968628,7.0,0.0,447.0,107057312.0,-0.0,1.0,26.0,0.04761785641312599,0.36573293805122375,10.039399147033691,-0.8218516111373901,0.016146991401910782,-0.015397291630506516,0.014317374676465988,-6.652955055236816,12.047243118286133,-43.168357849121094
7478771459,0,294.6831359863281,1.6585386991500854,7.0,0.0,447.0,107079624.0,-0.0,1.0,26.0,0.06142188981175423,0.38967618346214294,10.115419387817383,-0.7296701669692993,-0.011150823906064034,-0.018459973856806755,0.01138785295188427,-6.473145484924316,11.867433547973633,-43.34172439575195
7502120263,0,294.7444763183594,2.4530227184295654,7.0,0.0,447.0,107101912.0,-0.0,1.0,26.0,0.061325568705797195,0.5231597423553467,10.073518753051758,-0.9499479532241821,-0.0003648567944765091,-0.006209246814250946,0.007659371010959148,-7.372193813323975,9.889528274536133,-43.51509475708008
7525942678,0,294.8232116699219,2.270400047302246,7.0,0.0,447.0,107130528.0,-0.0,1.0,27.0,0.0787622407078743,0.6039681434631348,9.659300804138184,0.08380132913589478,-0.024599991738796234,-0.008073488250374794,0.0048630088567733765,-7.552003383636475,11.867433547973633,-42.994991302490234
7555416164,0,294.9064025878906,2.4070825576782227,7.0,0.0,447.0,107160760.0,-0.0,1.0,26.0,0.08319295942783356,0.5752362608909607,9.862218856811523,0.34657835960388184,-0.03165747597813606,-0.009937729686498642,0.0003355662920512259,-6.293335914611816,11.328004837036133,-44.90202713012695
7580947227,0,294.982421875,3.1675519943237305,7.0,0.0,447.0,107188384.0,-0.0,1.0,26.0,0.07602124661207199,0.42559105157852173,9.847254753112793,-0.1670040786266327,0.0049615465104579926,0.006707280874252319,-0.0013955147005617619,-6.293335914611816,12.766481399536133,-41.78142547607422
7607330251,0,295.0823059082031,2.990506649017334,7.0,0.0,447.0,107224672.0,-0.0,1.0,26.0,0.09987007826566696,0.9260047078132629,10.437455177307129,1.0660725831985474,-0.0240673515945673,0.008172042667865753,-0.004325036890804768,-5.574097633361816,11.687623977661133,-43.51509475708008
7633235258,0,295.1712341308594,3.704421281814575,7.0,0.0,447.0,107256984.0,-0.0,1.0,26.0,0.08890610933303833,0.6291085481643677,10.184854507446289,0.5417157411575317,-0.025665272027254105,0.002712476998567581,-0.00925195962190628,-5.933716773986816,11.328004837036133,-42.821624755859375
7657104636,0,295.27105712890625,3.840521812438965,7.0,0.0,447.0,107293264.0,-0.0,1.0,26.0,0.09985356777906418,0.6003766655921936,10.005280494689941,0.16341258585453033,-0.01021870318800211,0.005375679582357407,-0.01284728106111288,-6.652955055236816,11.328004837036133,-43.168357849121094
7688990787,0,295.3835754394531,4.20689058303833,7.0,0.0,447.0,107334152.0,-0.0,1.0,26.0,0.11252377927303314,0.2591855525970459,9.592259407043457,-1.7322932481765747,0.006293145939707756,-0.01592993177473545,-0.011249360628426075,-6.293335914611816,11.687623977661133,-43.51509475708008
7711907647,0,295.48687744140625,4.304128170013428,7.0,0.0,447.0,107371688.0,-0.0,1.0,26.0,0.10329907387495041,0.4914349317550659,10.442842483520508,-0.27175575494766235,-0.018341468647122383,0.010036282241344452,-0.01724156364798546,-5.933716773986816,9.889528274536133,-42.821624755859375
7734769451,0,295.6042175292969,3.0079360008239746,7.0,0.0,447.0,107414328.0,-0.0,1.0,26.0,0.11734253168106079,0.17658136785030365,10.114221572875977,0.14784948527812958,-0.007821821607649326,0.004044078290462494,-0.01857316493988037,-5.753907203674316,12.227052688598633,-43.34172439575195
7763604290,0,295.7152099609375,4.439636707305908,7.0,0.0,447.0,107454656.0,-0.0,1.0,26.0,0.11099091172218323,0.40284496545791626,9.681447982788086,-0.7655850052833557,0.01095375046133995,-0.03563762456178665,-0.004325036890804768,-5.933716773986816,11.328004837036133,-0.17336690425872803
7788588241,0,295.8300476074219,4.416325092315674,7.0,0.0,447.0,107496384.0,-0.0,1.0,26.0,0.11482445150613785,0.6674177050590515,10.120207786560059,-0.7601977586746216,-0.007422341965138912,0.009237322956323624,-0.008319838903844357,-6.832764625549316,11.867433547973633,-44.381927490234375
7813934044,0,295.96697998046875,4.0344319343566895,7.0,0.0,447.0,107546144.0,-0.0,1.0,26.0,0.13693401217460632,0.1682012379169464,10.024435043334961,-0.49502643942832947,-0.0031612198799848557,-0.003945525735616684,-0.015776803717017174,-7.012574195861816,11.328004837036133,-42.821624755859375
7842223124,0,296.0821838378906,4.799832344055176,7.0,0.0,447.0,107588000.0,-0.0,1.0,26.0,0.11519596725702286,0.3112620711326599,9.698806762695312,-0.7464303970336914,0.018277551978826523,-0.03550446406006813,-0.0076540382578969,-6.293335914611816,10.608766555786133,-42.474891662597656
7865567020,0,296.22100830078125,4.044522762298584,7.0,0.0,447.0,107638448.0,-0.0,1.0,26.0,0.1388411521911621,0.5087937712669373,10.257283210754395,-0.4423513114452362,0.014549072831869125,0.02748025581240654,-0.009518279694020748,-6.832764625549316,10.788576126098633,-42.648258209228516
7891602063,0,296.34222412109375,5.050034523010254,7.0,0.0,447.0,107682496.0,-0.0,1.0,26.0,0.12120082974433899,0.13767361640930176,9.616202354431152,-0.5129838585853577,0.017478592693805695,-0.014198850840330124,-0.0072545576840639114,-6.113526344299316,10.788576126098633,-43.68846130371094
7919053569,0,296.4818115234375,3.6372265815734863,7.0,0.0,447.0,107733216.0,-0.0,1.0,26.0,0.1396007090806961,0.38069745898246765,10.21238899230957,-0.7380502820014954,0.015214871615171432,-0.04802151024341583,0.0032650879584252834,-6.832764625549316,10.788576126098633,-43.68846130371094
7943669484,0,296.62274169921875,4.309631824493408,7.0,0.0,447.0,107784432.0,-0.0,1.0,26.0,0.14094367623329163,0.472280353307724,10.19742488861084,-0.11732186377048492,-0.005824420601129532,0.028811853379011154,-0.005656637251377106,-6.293335914611816,12.047243118286133,-44.555294036865234
7968426342,0,296.7486877441406,5.247146129608154,7.0,0.0,447.0,107830192.0,-0.0,1.0,26.0,0.125931516289711,-0.046689312905073166,9.871197700500488,-0.14665232598781586,0.004162585362792015,-0.00860612839460373,-0.006322437897324562,-5.214478492736816,10.608766555786133,-43.51509475708008
7996591866,0,296.9009704589844,3.6243841648101807,7.0,0.0,447.0,107885528.0,-0.0,1.0,27.0,0.152276411652565,0.7913239598274231,10.21657943725586,-1.1690285205841064,0.006825786083936691,-0.03883346542716026,0.011787333525717258,-7.012574195861816,11.328004837036133,-43.168357849121094
8027020408,0,297.04644775390625,5.258154392242432,7.0,0.0,447.0,107938384.0,-0.0,1.0,26.0,0.14545971155166626,0.16460976004600525,10.034011840820312,-0.04249924421310425,0.00975530780851841,0.014430567622184753,-0.007121398113667965,-7.552003383636475,11.148195266723633,-43.34172439575195
8056308394,0,297.1820068359375,5.649397373199463,7.0,0.0,447.0,107987648.0,-0.0,1.0,26.0,0.13558553159236908,0.4034435451030731,10.145946502685547,-0.1490466445684433,0.00988846831023693,-0.046290431171655655,0.0059282900765538216,-6.113526344299316,10.788576126098633,-44.381927490234375
8076930051,0,297.3332214355469,3.9115097522735596,7.0,0.0,447.0,108042592.0,-0.0,1.0,26.0,0.15119212865829468,0.4004506468772888,9.433635711669922,-1.1385009288787842,-0.0051586199551820755,0.022686488926410675,-0.0007297142874449492,-5.933716773986816,12.406862258911133,-44.208560943603516
8100516374,0,297.47393798828125,5.6290507316589355,7.0,0.0,447.0,108093728.0,-0.0,1.0,26.0,0.1407262682914734,-0.005985809490084648,9.735320091247559,-0.6518546342849731,0.011486388742923737,-0.0032797232270240784,-0.004990836605429649,-6.113526344299316,11.507814407348633,-43.34172439575195
8129208119,0,297.6178283691406,5.534801006317139,7.0,0.0,447.0,108146016.0,-0.0,1.0,26.0,0.14390483498573303,0.7374516725540161,10.451821327209473,-0.6189326643943787,-0.004359660670161247,-0.026849057525396347,0.00832517072558403,-7.911622524261475,12.946290969848633,-44.035194396972656
8152928479,0,297.7843322753906,4.86737060546875,7.0,0.0,447.0,108206512.0,-0.0,1.0,26.0,0.16647674143314362,0.013168780133128166,9.867008209228516,-0.4555200934410095,-0.010751343332231045,0.001913517713546753,-0.008852479048073292,-5.933716773986816,12.047243118286133,-43.51509475708008
8177704078,0,297.9231872558594,5.7868828773498535,7.0,0.0,447.0,108256976.0,-0.0,1.0,26.0,0.13888518512248993,0.41182368993759155,10.4691801071167,-0.6746007204055786,-0.011683464050292969,-0.05481267720460892,0.0011345267994329333,-7.012574195861816,12.406862258911133,-44.90202713012695
8205922510,0,298.0909423828125,4.9811201095581055,7.0,0.0,447.0,108317928.0,-0.0,1.0,26.0,0.16773439943790436,0.43277400732040405,9.436628341674805,-0.5812220573425293,-0.02619791403412819,0.03360561653971672,-0.016176283359527588,-6.473145484924316,10.069337844848633,-42.3015251159668
8237004736,0,298.23193359375,5.874717712402344,7.0,0.0,447.0,108369160.0,-0.0,1.0,26.0,0.14099322259426117,0.3142549991607666,9.96218204498291,-0.7165013551712036,-0.004759140312671661,-0.026982218027114868,-0.00658875796943903,-6.473145484924316,12.946290969848633,-44.381927490234375
8254929616,0,298.38787841796875,5.998407363891602,7.0,0.0,447.0,108425832.0,-0.0,1.0,26.0,0.15595859289169312,0.5955880284309387,10.184255599975586,-0.2160877138376236,-0.03445383906364441,0.02641497179865837,-0.016176283359527588,-5.034668922424316,10.428956985473633,-44.035194396972656
8287673379,0,298.5577087402344,6.182826519012451,7.0,0.0,447.0,108487544.0,-0.0,1.0,26.0,0.16983968019485474,0.2992904484272003,10.190840721130371,-0.33759963512420654,-0.009952383115887642,-0.02711537852883339,-0.014844682067632675,-5.933716773986816,11.687623977661133,-43.8618278503418
8310404294,0,298.70556640625,6.1602373123168945,7.0,0.0,447.0,108541272.0,-0.0,1.0,26.0,0.14784570038318634,0.8302317261695862,9.914894104003906,-1.060685396194458,-0.013148224912583828,-0.005410285666584969,-0.009518279694020748,-5.933716773986816,11.687623977661133,-44.555294036865234
8337068541,0,298.869873046875,4.258261680603027,7.0,0.0,447.0,108600976.0,-0.0,1.0,26.0,0.16430816054344177,-0.24661533534526825,9.716165542602539,-0.9559337496757507,-0.012216104194521904,-0.0027470849454402924,-0.025231169536709785,-7.012574195861816,11.687623977661133,-43.51509475708008
8362363437,0,299.02532958984375,6.2172088623046875,7.0,0.0,447.0,108657456.0,-0.0,1.0,26.0,0.15543021261692047,0.6344957947731018,10.590692520141602,-0.7332616448402405,-0.011683464050292969,-0.03830082714557648,-0.01178200077265501,-5.574097633361816,10.608766555786133,-44.555294036865234
8389330832,0,299.1804504394531,5.967077255249023,7.0,0.0,447.0,108713824.0,-0.0,1.0,26.0,0.15514400601387024,0.1771799474954605,9.806550979614258,0.09038572013378143,-0.023934191092848778,0.018425367772579193,-0.027494890615344048,-6.293335914611816,11.328004837036133,-43.8618278503418
8414643098,0,299.3587341308594,5.172842502593994,7.0,0.0,447.0,108778608.0,-0.0,1.0,26.0,0.17828281223773956,0.6949524283409119,9.873592376708984,-1.356982946395874,-0.0011638179421424866,-0.022188454866409302,-0.008985638618469238,-5.214478492736816,10.968385696411133,-44.555294036865234
8439765012,0,299.5074157714844,6.194064140319824,7.0,0.0,447.0,108832632.0,-0.0,1.0,26.0,0.14865753054618835,0.12031476944684982,9.65870189666748,-0.2663685083389282,-0.016477227210998535,0.028146054595708847,-0.028560170903801918,-5.214478492736816,10.608766555786133,-43.168357849121094
8463868575,0,299.6873779296875,5.193941116333008,7.0,0.0,447.0,108898032.0,-0.0,1.0,26.0,0.17999181151390076,0.5488986968994141,10.222564697265625,-1.3102936744689941,-0.0030280593782663345,-0.041097186505794525,-0.011249360628426075,-5.753907203674316,11.507814407348633,-44.035194396972656
8493254265,0,299.8395080566406,6.339117527008057,7.0,0.0,447.0,108953312.0,-0.0,1.0,26.0,0.152138814330101,0.45252716541290283,9.905916213989258,0.022147493436932564,-0.006756541319191456,0.04013046249747276,-0.029492290690541267,-6.293335914611816,10.249147415161133,-43.51509475708008
8517858013,0,300.0040283203125,4.413290500640869,7.0,0.0,447.0,109013088.0,-0.0,1.0,26.0,0.1645035445690155,0.3274237811565399,10.253092765808105,-0.712311327457428,0.017212271690368652,-0.03750186413526535,-0.011515680700540543,-4.495240211486816,13.126100540161133,-43.51509475708008
8541553539,0,300.1531066894531,4.287615776062012,7.0,0.0,447.0,109067264.0,-0.0,1.0,26.0,0.14907033741474152,0.13946935534477234,9.601238250732422,-0.03112620860338211,0.011086910963058472,0.02641497179865837,-0.028959650546312332,-6.113526344299316,11.148195266723633,-43.68846130371094
8572567488,0,300.27545166015625,5.097850799560547,7.0,0.0,447.0,109111720.0,-0.0,1.0,26.0,0.12234841287136078,0.33161383867263794,9.777220726013184,-1.2648015022277832,0.02919667959213257,-0.032175462692976,-0.011515680700540543,-6.113526344299316,10.428956985473633,-44.728660583496094
8594959385,0,300.4153747558594,2.8877651691436768,7.0,0.0,447.0,109162560.0,-0.0,1.0,26.0,0.13990618288516998,0.19992603361606598,9.788594245910645,-0.7039311528205872,0.01920967549085617,0.037334103137254715,-0.026030128821730614,-4.675049781799316,11.507814407348633,-44.381927490234375
8619773651,0,300.548828125,4.968277454376221,7.0,0.0,447.0,109211056.0,-0.0,1.0,26.0,0.13346649706363678,0.17658136785030365,10.21657943725586,-0.8248445391654968,0.027998238801956177,-0.03257494419813156,-0.013646242208778858,-5.933716773986816,13.126100540161133,-43.51509475708008
8649856674,0,300.66937255859375,5.02400541305542,7.0,0.0,447.0,109254864.0,-0.0,1.0,26.0,0.12057612836360931,0.23584088683128357,9.617400169372559,-0.5686518549919128,0.015348032116889954,0.02841237559914589,-0.01724156364798546,-5.034668922424316,10.428956985473633,-42.994991302490234
8674149348,0,300.804931640625,3.5051305294036865,7.0,0.0,447.0,109304120.0,-0.0,1.0,26.0,0.13553324341773987,0.37770456075668335,10.561960220336914,-0.30288195610046387,0.03332464396953583,-0.0312433410435915,-0.0009960344759747386,-5.214478492736816,12.406862258911133,-42.821624755859375
8699920929,0,300.9305114746094,5.023610591888428,7.0,0.0,447.0,109349752.0,-0.0,1.0,26.0,0.1255902647972107,0.49981507658958435,10.097461700439453,-0.6099539399147034,0.014549072831869125,0.017626408487558365,-0.0051239971071481705,-6.113526344299316,11.148195266723633,-42.994991302490234
8726000454,0,301.05523681640625,4.797053337097168,7.0,0.0,447.0,109395072.0,-0.0,1.0,26.0,0.1247233897447586,0.15862394869327545,10.1591157913208,-0.614742636680603,0.03239252045750618,-0.04229562729597092,0.01138785295188427,-6.652955055236816,11.687623977661133,-43.8618278503418
8751765849,0,301.19683837890625,4.144512176513672,7.0,0.0,447.0,109446528.0,-0.0,1.0,26.0,0.1415986567735672,0.5566802620887756,9.906514167785645,-1.0265662670135498,-0.0016964580863714218,-0.00554344616830349,0.016181616112589836,-5.574097633361816,10.968385696411133,-44.555294036865234
8775569190,0,301.3143005371094,4.893858432769775,7.0,0.0,447.0,109489208.0,-0.0,1.0,26.0,0.11745260655879974,-0.014964522793889046,9.807149887084961,-1.4659247398376465,0.02640032023191452,-0.046157270669937134,0.022573299705982208,-6.113526344299316,13.305910110473633,-43.68846130371094
8803928288,0,301.455078125,3.9225172996520996,7.0,0.0,447.0,109540360.0,-0.0,1.0,26.0,0.1407785564661026,0.4573158323764801,9.655110359191895,-0.339993953704834,0.01388327032327652,0.011501044034957886,0.021108539775013924,-5.034668922424316,12.946290969848633,-43.34172439575195
8833403663,0,301.57293701171875,4.910943984985352,7.0,0.0,447.0,109583192.0,-0.0,1.0,26.0,0.11786265671253204,-0.08978714048862457,10.247106552124023,-0.9822713136672974,0.02932984009385109,-0.047355711460113525,0.030696064233779907,-6.113526344299316,11.867433547973633,-42.648258209228516
8856444468,0,301.7015686035156,4.947249412536621,7.0,0.0,447.0,109629928.0,-0.0,1.0,26.0,0.12862847745418549,0.594390869140625,9.970562934875488,-0.2621784508228302,0.010154787451028824,0.012832645326852798,0.032427143305540085,-5.933716773986816,11.687623977661133,-44.90202713012695
8881519456,0,301.83465576171875,3.2785494327545166,7.0,0.0,447.0,109678296.0,-0.0,1.0,26.0,0.1331087350845337,-0.1891515702009201,10.226755142211914,-0.6015738248825073,0.026666637510061264,-0.044159870594739914,0.038685668259859085,-6.293335914611816,11.328004837036133,-44.555294036865234
8907587518,0,301.9584045410156,4.949196815490723,7.0,0.0,447.0,109723256.0,-0.0,1.0,26.0,0.12372992187738419,0.6159397959709167,10.176474571228027,-0.22746075689792633,0.012551669031381607,-0.007940327748656273,0.047074753791093826,-6.473145484924316,11.148195266723633,-44.035194396972656
8936359782,0,302.0912170410156,3.376703977584839,7.0,0.0,447.0,109771520.0,-0.0,1.0,26.0,0.13281702995300293,0.23344656825065613,10.22914981842041,-0.7685779333114624,0.03132724016904831,-0.06107119843363762,0.05186851695179939,-5.574097633361816,10.968385696411133,-42.821624755859375
8961573456,0,302.2149963378906,4.950737953186035,7.0,0.0,447.0,109816496.0,-0.0,1.0,26.0,0.12376844882965088,0.5177724957466125,9.956794738769531,-1.1019874811172485,0.012019030749797821,-0.01473149098455906,0.04454471170902252,-5.034668922424316,11.507814407348633,-43.68846130371094
8993513960,0,302.33831787109375,4.744236469268799,7.0,0.0,447.0,109861312.0,-0.0,1.0,26.0,0.12335014343261719,0.2322493940591812,10.11601734161377,-0.942764937877655,0.026133999228477478,-0.0678623616695404,0.04534367099404335,-6.113526344299316,12.586671829223633,-42.648258209228516
9012816784,0,302.4788513183594,3.9390292167663574,7.0,0.0,447.0,109912368.0,-0.0,1.0,26.0,0.14050611853599548,0.6327000260353088,9.99510383605957,-0.9086458683013916,-0.006223901174962521,-0.02099001407623291,0.037487227469682693,-5.753907203674316,11.867433547973633,-44.035194396972656
9037367254,0,302.5946044921875,4.82265043258667,7.0,0.0,447.0,109954432.0,-0.0,1.0,26.0,0.11574361473321915,0.33879679441452026,10.051370620727539,-1.53236722946167,0.006559466943144798,-0.054546356201171875,0.03162818402051926,-6.293335914611816,12.406862258911133,-43.168357849121094
9063723001,0,302.7342224121094,2.921248197555542,7.0,0.0,447.0,110005168.0,-0.0,1.0,27.0,0.13964474201202393,0.46988603472709656,9.518633842468262,-0.8811111450195312,-0.006223901174962521,0.01589532569050789,0.006594089791178703,-6.293335914611816,11.687623977661133,-42.821624755859375
9090683489,0,302.864501953125,4.71234130859375,7.0,0.0,447.0,110052504.0,-0.0,1.0,26.0,0.13026316463947296,0.4393584132194519,9.94602108001709,-1.4778963327407837,-0.014746146276593208,-0.04975259304046631,0.005661969073116779,-5.933716773986816,13.126100540161133,-44.555294036865234
9117563921,0,302.9837646484375,4.969079971313477,7.0,0.0,447.0,110095840.0,-0.0,1.0,26.0,0.11925791949033737,0.7470290064811707,9.608421325683594,-0.8517806529998779,-0.03258959576487541,0.034005094319581985,-0.03268813341856003,-6.832764625549316,10.069337844848633,-43.68846130371094
9149045851,0,303.11553955078125,3.4803626537323,7.0,0.0,447.0,110143728.0,-0.0,1.0,26.0,0.13177676498889923,0.1951373815536499,10.014857292175293,-1.358778715133667,-0.03365487605333328,-0.02511797845363617,-0.04054458066821098,-5.933716773986816,12.766481399536133,-42.821624755859375
9168834416,0,303.23919677734375,4.946995258331299,7.0,0.0,447.0,110188664.0,-0.0,1.0,26.0,0.12367487698793411,0.7224871516227722,9.684440612792969,-0.5249554514884949,-0.04723720625042915,0.045323703438043594,-0.06890767067670822,-6.473145484924316,11.148195266723633,-43.68846130371094
9196896792,0,303.36627197265625,1.797055959701538,7.0,0.0,447.0,110234832.0,-0.0,1.0,26.0,0.12705709040164948,0.7967112064361572,10.922306060791016,-0.29150891304016113,-0.04963408783078194,-0.004078686237335205,-0.07489987462759018,-5.394288063049316,11.507814407348633,-44.381927490234375
9221504540,0,303.5017395019531,4.095893383026123,7.0,0.0,447.0,110284064.0,-0.0,1.0,26.0,0.13547269999980927,0.5423142910003662,9.940034866333008,-0.42559105157852173,-0.05522681027650833,0.049717988818883896,-0.09154488891363144,-5.394288063049316,11.507814407348633,-44.381927490234375
9247960657,0,303.6197814941406,4.9178242683410645,7.0,0.0,447.0,110326952.0,-0.0,1.0,26.0,0.11802777647972107,0.45073142647743225,10.773858070373535,-0.25379830598831177,-0.046438246965408325,0.0016471967101097107,-0.08608532696962357,-7.372193813323975,12.406862258911133,-43.168357849121094
9270633183,0,303.7516174316406,3.265706777572632,7.0,0.0,447.0,110374856.0,-0.0,1.0,26.0,0.1318400651216507,0.48485055565834045,9.82630443572998,-0.2250664234161377,-0.057623691856861115,0.05331331118941307,-0.0950070470571518,-5.394288063049316,10.069337844848633,-44.381927490234375
9300864188,0,303.8741149902344,4.900981903076172,7.0,0.0,447.0,110419376.0,-0.0,1.0,26.0,0.12252454459667206,0.39985206723213196,10.420096397399902,-0.9236103892326355,-0.041245002299547195,-0.00554344616830349,-0.07716359943151474,-6.293335914611816,11.328004837036133,-43.8618278503418
9323527455,0,303.99713134765625,4.730475902557373,7.0,0.0,447.0,110464072.0,-0.0,1.0,26.0,0.1229923814535141,-0.2591855525970459,9.363601684570312,-0.30647343397140503,-0.019806228578090668,0.03440457955002785,-0.08009312301874161,-5.574097633361816,10.608766555786133,-43.51509475708008
9348557314,0,304.1370544433594,4.357333183288574,7.0,0.0,447.0,110514920.0,-0.0,1.0,26.0,0.13993920385837555,0.19154590368270874,10.133376121520996,-1.205541968345642,-0.04404136538505554,-0.01579677313566208,-0.050132106989622116,-5.933716773986816,11.328004837036133,-44.555294036865234
9377481190,0,304.2530822753906,4.83457612991333,7.0,0.0,447.0,110557080.0,-0.0,1.0,26.0,0.11602982133626938,-0.21249623596668243,9.394128799438477,-0.27774155139923096,-0.024466831237077713,0.025749173015356064,-0.051064226776361465,-5.214478492736816,10.968385696411133,-43.168357849121094
9403542937,0,304.39202880859375,4.042688369750977,7.0,0.0,447.0,110607568.0,-0.0,1.0,26.0,0.1389264613389969,0.1502438187599182,10.6367826461792,-0.35076841711997986,-0.044174522161483765,-0.026715898886322975,-0.02043740637600422,-5.214478492736816,10.249147415161133,-42.821624755859375
9426761074,0,304.5078430175781,4.825632095336914,7.0,0.0,447.0,110649648.0,-0.0,1.0,26.0,0.115815170109272,-0.1819685995578766,9.771833419799805,0.38249319791793823,-0.017808828502893448,0.021754369139671326,-0.025231169536709785,-6.113526344299316,11.867433547973633,-45.07539367675781
9458461078,0,304.63482666015625,4.885011196136475,7.0,0.0,447.0,110695800.0,-0.0,1.0,26.0,0.1270103007555008,0.7039311528205872,10.148341178894043,-0.43756264448165894,-0.042310282588005066,-0.011136168614029884,0.0012676868354901671,-5.574097633361816,11.687623977661133,-43.51509475708008
9481529271,0,304.7668151855469,3.317077398300171,7.0,0.0,447.0,110743752.0,-0.0,1.0,26.0,0.13197216391563416,-0.050879377871751785,9.216949462890625,-0.42259812355041504,0.0008335839956998825,0.015362687408924103,-0.011648840270936489,-5.574097633361816,10.968385696411133,-43.8618278503418
9506325538,0,304.8899841308594,4.927070617675781,7.0,0.0,447.0,110788512.0,-0.0,1.0,26.0,0.12317676842212677,0.6177355051040649,10.114221572875977,-0.16640549898147583,-0.015012466348707676,-0.010869849473237991,0.004197208676487207,-4.675049781799316,11.867433547973633,-44.381927490234375
9532408359,0,305.0224914550781,3.502378463745117,7.0,0.0,447.0,110836664.0,-0.0,1.0,27.0,0.1325087994337082,-0.19334164261817932,9.304342269897461,-0.169996976852417,0.02959616109728813,0.010435763746500015,-0.01337992213666439,-6.293335914611816,13.126100540161133,-43.51509475708008
9558374847,0,305.15789794921875,4.040853500366211,7.0,0.0,447.0,110885864.0,-0.0,1.0,26.0,0.1354011446237564,0.6321014761924744,10.448229789733887,0.12869489192962646,0.016146991401910782,-0.013133570551872253,0.002732447814196348,-4.675049781799316,12.586671829223633,-44.035194396972656
9586438909,0,305.27459716796875,4.86140775680542,7.0,0.0,447.0,110928264.0,-0.0,1.0,26.0,0.1166737899184227,-0.03591485694050789,9.697609901428223,-0.7236843109130859,0.05622817948460579,-0.029512260109186172,-0.008985638618469238,-5.574097633361816,10.968385696411133,-43.8618278503418
9611233101,0,305.4143981933594,4.017919540405273,7.0,0.0,447.0,110979064.0,-0.0,1.0,26.0,0.13980160653591156,0.8044927716255188,10.101652145385742,-0.5177724957466125,0.03425676375627518,-0.011935129761695862,-0.0033929159399122,-7.012574195861816,12.406862258911133,-43.168357849121094
9636349312,0,305.5308532714844,4.853381156921387,7.0,0.0,447.0,111021384.0,-0.0,1.0,26.0,0.11648115515708923,-0.3771059811115265,9.4605712890625,-1.680216670036316,0.05929085984826088,-0.03364022448658943,-0.009385119192302227,-5.574097633361816,11.687623977661133,-43.8618278503418
9659692005,0,305.6592102050781,4.93687629699707,7.0,0.0,447.0,111068032.0,-0.0,1.0,26.0,0.12835878133773804,0.30288195610046387,10.241719245910645,-0.6853751540184021,0.03225936368107796,-0.021655816584825516,-0.0009960344759747386,-5.933716773986816,12.047243118286133,-44.555294036865234
9692472064,0,305.79681396484375,4.944426536560059,7.0,3.0,447.0,111118032.0,-0.0,1.0,26.0,0.13761651515960693,-0.20770758390426636,10.12978458404541,-0.20591184496879578,0.050635453313589096,-0.03350706398487091,-0.0016618350055068731,-5.394288063049316,12.586671829223633,-43.68846130371094
9715267535,0,305.9150085449219,4.923671722412109,7.0,0.0,447.0,111160976.0,-0.0,1.0,26.0,0.11816813051700592,0.4591115713119507,9.900528907775879,-0.540518581867218,0.023870278149843216,-0.0015486441552639008,0.0014008469879627228,-6.473145484924316,10.788576126098633,-43.34172439575195
9741455967,0,306.0481262207031,3.356522560119629,7.0,0.0,447.0,111209352.0,-0.0,1.0,26.0,0.13313625752925873,-0.14186367392539978,9.516239166259766,-1.4120523929595947,0.03372412174940109,-0.031775981187820435,0.01138785295188427,-4.675049781799316,11.148195266723633,-44.035194396972656
9766549344,0,306.1717224121094,4.9432525634765625,7.0,0.0,447.0,111254256.0,-0.0,1.0,26.0,0.12358131259679794,0.12151192873716354,9.602435111999512,-1.1929718255996704,-0.0004980172961950302,-0.011535650119185448,0.015116335824131966,-5.753907203674316,11.507814407348633,-42.648258209228516
9795454665,0,306.2960510253906,4.782658576965332,7.0,0.0,447.0,111299440.0,-0.0,1.0,26.0,0.12434911727905273,-0.21070048213005066,9.907113075256348,-0.47467467188835144,0.00975530780851841,-0.03763502463698387,0.025635981932282448,-5.574097633361816,12.406862258911133,-42.821624755859375
9819831653,0,306.4295349121094,3.30515193939209,7.0,0.0,447.0,111347944.0,-0.0,1.0,26.0,0.13348300755023956,0.5213639736175537,10.004082679748535,-0.34657835960388184,-0.018208308145403862,-0.004478165879845619,0.028432343155145645,-6.293335914611816,12.047243118286133,-44.90202713012695
9845609419,0,306.5498962402344,4.813798427581787,7.0,0.0,447.0,111391680.0,-0.0,1.0,26.0,0.12034495919942856,0.5028079748153687,10.273444175720215,-1.2869490385055542,-0.02633107267320156,-0.04535830765962601,0.05146903544664383,-5.574097633361816,12.047243118286133,-43.51509475708008
9872432463,0,306.69024658203125,3.9913175106048584,7.0,0.0,447.0,111442680.0,-0.0,1.0,26.0,0.1403685063123703,0.34478262066841125,9.428248405456543,-1.4641289710998535,-0.03272275626659393,-0.0011491626501083374,0.03841934725642204,-5.574097633361816,12.047243118286133,-44.208560943603516
9899613061,0,306.8082275390625,4.915989398956299,7.0,0.0,447.0,111485552.0,-0.0,1.0,26.0,0.11798374354839325,0.8655480146408081,10.553580284118652,-0.3669300973415375,-0.03884812071919441,-0.038034506142139435,0.04108254984021187,-5.394288063049316,11.867433547973633,-43.34172439575195
9924589494,0,306.93060302734375,4.706131935119629,7.0,0.0,447.0,111530016.0,-0.0,1.0,26.0,0.12235942482948303,0.8170629739761353,9.824508666992188,-0.44953426718711853,-0.03978024050593376,0.016427967697381973,0.014983175322413445,-5.933716773986816,10.968385696411133,-43.51509475708008
9950760334,0,307.07049560546875,4.31605339050293,7.0,0.0,447.0,111580848.0,-0.0,1.0,26.0,0.13988691568374634,0.9307933449745178,10.387773513793945,-0.8188586831092834,-0.03618491813540459,-0.024718496948480606,0.012053653597831726,-6.473145484924316,10.788576126098633,-42.994991302490234
9975127212,0,307.1862487792969,4.8236823081970215,7.0,0.0,447.0,111622912.0,-0.0,1.0,26.0,0.11576838046312332,0.28672027587890625,9.154098510742188,-0.15084239840507507,0.0013662241399288177,0.007639400660991669,-0.022168487310409546,-5.753907203674316,12.227052688598633,-44.728660583496094
9999463386,0,307.3252868652344,4.311466693878174,7.0,0.0,447.0,111673432.0,-0.0,1.0,26.0,0.1390310376882553,0.6793893575668335,10.645163536071777,-0.025738980621099472,-0.017675668001174927,-0.01912577450275421,-0.015244163572788239,-5.933716773986816,12.766481399536133,-44.208560943603516
10029406002,0,307.4414367675781,4.839277267456055,7.0,0.0,447.0,111715640.0,-0.0,1.0,26.0,0.1161426529288292,0.08978714048862457,9.414481163024902,0.08679423481225967,0.02014179527759552,0.016694288700819016,-0.04547150433063507,-4.315430641174316,12.227052688598633,-45.768863677978516
10056236526,0,307.5683288574219,4.880671977996826,7.0,0.0,447.0,111761752.0,-0.0,1.0,26.0,0.12689746916294098,0.6590375900268555,10.56674861907959,-0.6632276773452759,-0.002628577873110771,-0.013266731053590775,-0.033620256930589676,-6.293335914611816,12.047243118286133,-43.51509475708008
10077558480,0,307.7001953125,3.4858665466308594,7.0,0.0,447.0,111809664.0,-0.0,1.0,26.0,0.13185107707977295,-0.1861586719751358,9.130154609680176,-0.5878064632415771,0.024536076933145523,0.011367883533239365,-0.043740421533584595,-5.933716773986816,11.328004837036133,-44.208560943603516
10102549153,0,307.8221130371094,4.876763820648193,7.0,0.0,447.0,111853960.0,-0.0,1.0,26.0,0.12191910296678543,0.26457276940345764,10.518263816833496,-0.6189326643943787,-0.01900726929306984,-0.0012823231518268585,-0.017108403146266937,-4.315430641174316,11.867433547973633,-43.68846130371094
10130446863,0,307.9543151855469,3.273045301437378,7.0,0.0,447.0,111902000.0,-0.0,1.0,26.0,0.1322115808725357,-0.04369640722870827,9.707785606384277,-0.1670040786266327,0.01694595441222191,-0.0027470849454402924,-0.014977842569351196,-5.394288063049316,11.867433547973633,-43.34172439575195
10158263943,0,308.0841064453125,3.6931838989257812,7.0,0.0,447.0,111949168.0,-0.0,1.0,26.0,0.12978431582450867,0.44893568754196167,9.88257122039795,-1.3102936744689941,-0.028994273394346237,-0.00873928889632225,0.012852613814175129,-6.113526344299316,11.867433547973633,-44.728660583496094
10183950986,0,308.19970703125,4.817261219024658,7.0,0.0,447.0,111991176.0,-0.0,1.0,26.0,0.11561427265405655,-0.2849245071411133,9.32469367980957,-0.3723173439502716,-9.853765368461609e-05,-0.007407687604427338,0.017113735899329185,-5.394288063049316,12.227052688598633,-44.381927490234375
10208617642,0,308.33807373046875,3.9904000759124756,7.0,0.0,447.0,112041448.0,-0.0,1.0,26.0,0.13835680484771729,0.5147795677185059,10.434462547302246,-0.31365641951560974,-0.044174522161483765,-0.016462571918964386,0.040816228836774826,-4.495240211486816,10.968385696411133,-42.474891662597656
10233547334,0,308.45361328125,4.814509391784668,7.0,0.0,447.0,112083440.0,-0.0,1.0,26.0,0.11554822325706482,0.09577295184135437,10.470377922058105,-1.247442603111267,-0.034054357558488846,-0.054546356201171875,0.054132238030433655,-5.933716773986816,11.328004837036133,-43.168357849121094
10257683601,0,308.5802307128906,4.86976957321167,7.0,0.0,447.0,112129448.0,-0.0,1.0,26.0,0.1266140192747116,0.6075596213340759,9.829895973205566,-0.5483001470565796,-0.06042005494236946,-0.016462571918964386,0.05280063673853874,-4.854859352111816,10.968385696411133,-42.821624755859375
10286978643,0,308.716796875,4.960938930511475,7.0,3.0,447.0,112179064.0,-0.0,1.0,26.0,0.13655148446559906,0.07123112678527832,10.744527816772461,0.0017957427771762013,-0.03844863921403885,-0.047488871961832047,0.04041674733161926,-5.034668922424316,10.069337844848633,-42.648258209228516
10316965166,0,308.8333740234375,4.8580827713012695,7.0,0.0,447.0,112221432.0,-0.0,1.0,26.0,0.11659398674964905,0.8248445391654968,10.169890403747559,0.3142549991607666,-0.05176464840769768,-0.0031465664505958557,0.02696758322417736,-5.034668922424316,10.428956985473633,-40.914588928222656
10339477285,0,308.9654235839844,3.3941333293914795,7.0,0.0,447.0,112269408.0,-0.0,1.0,26.0,0.1320299506187439,0.204116091132164,10.20999526977539,-1.2001547813415527,-0.021537309512495995,-0.03736870363354683,0.006860409863293171,-5.753907203674316,10.428956985473633,-43.68846130371094
10365957070,0,309.0876159667969,4.888652801513672,7.0,0.0,447.0,112313816.0,-0.0,1.0,26.0,0.12221632152795792,0.12270908802747726,9.169661521911621,-0.3052762746810913,-0.0034275390207767487,0.02135489135980606,-0.02656276896595955,-5.574097633361816,11.687623977661133,-43.168357849121094
10395187260,0,309.2112121582031,4.75365686416626,7.0,0.0,447.0,112358728.0,-0.0,1.0,26.0,0.12359507381916046,0.36573293805122375,10.731358528137207,-0.5393214225769043,-0.012082944624125957,-0.03337390348315239,-0.02363324724137783,-5.394288063049316,11.867433547973633,-44.381927490234375
10418385897,0,309.34356689453125,3.3024001121520996,7.0,0.0,447.0,112406816.0,-0.0,1.0,26.0,0.1323326677083969,0.3118606507778168,9.070895195007324,-0.2861216962337494,0.011220067739486694,0.03493722155690193,-0.05279530584812164,-6.832764625549316,10.788576126098633,-43.34172439575195
10444170626,0,309.4625244140625,4.759639263153076,7.0,0.0,447.0,112450048.0,-0.0,1.0,26.0,0.11899097263813019,0.022147493436932564,10.329710960388184,-1.3480042219161987,-0.0002316981554031372,-0.025384297594428062,-0.045737821608781815,-3.416382312774658,10.968385696411133,-43.51509475708008
10467120801,0,309.60174560546875,3.905087947845459,7.0,0.0,447.0,112500632.0,-0.0,1.0,26.0,0.13919615745544434,-0.03711201623082161,9.480324745178223,0.6811850666999817,0.0325256809592247,0.03440457955002785,-0.05705643072724342,-4.675049781799316,10.428956985473633,-44.035194396972656
10495408436,0,309.71728515625,4.814509391784668,7.0,0.0,447.0,112542616.0,-0.0,1.0,26.0,0.11554822325706482,0.4435484707355499,10.770865440368652,-0.23763662576675415,0.009222667664289474,0.005508840084075928,-0.03575081750750542,-5.034668922424316,12.227052688598633,-43.68846130371094
10520265907,0,309.8440246582031,4.874638557434082,7.0,0.0,447.0,112588672.0,-0.0,1.0,26.0,0.12674060463905334,-0.354359894990921,8.964946746826172,-0.8128728866577148,0.05210021510720253,0.02108857035636902,-0.033487096428871155,-5.574097633361816,11.687623977661133,-42.821624755859375
10545721747,0,309.98040771484375,4.265599727630615,7.0,0.0,447.0,112638224.0,-0.0,1.0,26.0,0.13636435568332672,0.2442210167646408,10.467384338378906,-0.42499247193336487,0.011086910963058472,-0.011668810620903969,-0.003526075975969434,-4.495240211486816,12.047243118286133,-43.168357849121094
10572852605,0,310.0955505371094,4.79799747467041,7.0,0.0,447.0,112680064.0,-0.0,1.0,26.0,0.11515193432569504,-0.012570199556648731,9.473740577697754,0.9248075485229492,0.06435094773769379,0.009237322956323624,-0.008985638618469238,-5.574097633361816,12.406862258911133,-43.168357849121094
10597531334,0,310.23382568359375,3.254239797592163,7.0,0.0,447.0,112730320.0,-0.0,1.0,27.0,0.13829626142978668,0.4633016288280487,10.296789169311523,-0.4513300061225891,0.04277900978922844,-0.007540848106145859,0.005129328928887844,-1.9779056310653687,10.968385696411133,-43.168357849121094
10632545559,0,310.3633728027344,4.656384468078613,7.0,0.0,447.0,112777392.0,-0.0,1.0,26.0,0.12955039739608765,-0.14545516669750214,9.532401084899902,-1.1121633052825928,0.10429896414279938,-0.04682306945323944,0.009656772017478943,-4.315430641174316,11.507814407348633,-42.648258209228516
10654610364,0,310.4814453125,4.918168067932129,7.0,0.0,447.0,112820288.0,-0.0,1.0,26.0,0.11803603172302246,0.3202407956123352,10.794808387756348,-0.20471467077732086,0.06861206889152527,-0.01273409090936184,0.01871165819466114,-5.214478492736816,11.328004837036133,-43.51509475708008
10677203057,0,310.61151123046875,3.2950613498687744,7.0,0.0,447.0,112867560.0,-0.0,1.0,26.0,0.1300925463438034,0.1280963122844696,9.644335746765137,-1.2270909547805786,0.09617620706558228,-0.049353111535310745,0.029231304302811623,-4.495240211486816,11.687623977661133,-43.168357849121094
10704635174,0,310.7339172363281,4.895697593688965,7.0,0.0,447.0,112912032.0,-0.0,1.0,26.0,0.1223924458026886,-0.004190066363662481,9.488106727600098,-1.8298618793487549,0.05516289547085762,0.007239922881126404,0.038153026252985,-4.854859352111816,10.968385696411133,-42.474891662597656
10729494904,0,310.85528564453125,4.66792106628418,7.0,0.0,447.0,112956136.0,-0.0,1.0,26.0,0.12136594951152802,0.10654740780591965,9.77961540222168,-0.9571309089660645,0.08206123113632202,-0.06253595650196075,0.04414523020386696,-4.854859352111816,10.968385696411133,-41.434688568115234
10754517115,0,310.9942626953125,4.028927803039551,7.0,0.0,447.0,113006640.0,-0.0,1.0,26.0,0.1389870047569275,0.7218886017799377,9.815529823303223,-0.466294527053833,0.06528306007385254,0.012433163821697235,0.0237717404961586,-5.574097633361816,10.968385696411133,-41.434688568115234
10782905065,0,311.109619140625,4.8065972328186035,7.0,0.0,447.0,113048552.0,-0.0,1.0,26.0,0.11535833775997162,0.4453442096710205,9.59285831451416,-1.5401487350463867,0.08246071636676788,-0.05521215498447418,0.01764637604355812,-5.574097633361816,11.328004837036133,-43.51509475708008
10809251460,0,311.247802734375,3.936277151107788,7.0,0.0,447.0,113098760.0,-0.0,1.0,26.0,0.13816966116428375,0.15682820975780487,9.701799392700195,-1.2187107801437378,0.06581570208072662,0.020689088851213455,0.004064048640429974,-5.753907203674316,11.148195266723633,-40.56785583496094
10832902320,0,311.3629150390625,4.796965599060059,7.0,0.0,447.0,113140592.0,-0.0,1.0,26.0,0.11512716859579086,0.8882941007614136,10.892376899719238,-0.5692504644393921,0.05409761145710945,-0.03776818513870239,0.006194610148668289,-4.675049781799316,11.148195266723633,-41.95479202270508
10861906881,0,311.48944091796875,4.866171360015869,7.0,0.0,447.0,113186568.0,-0.0,1.0,26.0,0.12652045488357544,0.6237213015556335,9.156492233276367,-1.464727520942688,0.061021942645311356,0.026947613805532455,-0.012714121490716934,-5.394288063049316,11.867433547973633,-42.648258209228516
10885409777,0,311.62548828125,5.058176040649414,7.0,0.0,447.0,113236008.0,-0.0,1.0,26.0,0.1360616385936737,0.5896022319793701,10.681676864624023,-0.9451592564582825,0.039183687418699265,-0.01592993177473545,-0.024299047887325287,-4.854859352111816,12.047243118286133,-42.12815856933594
10913163024,0,311.7434387207031,4.91426944732666,7.0,0.0,447.0,113278864.0,-0.0,1.0,26.0,0.11794246733188629,-0.02873188443481922,9.865212440490723,-0.6177355051040649,0.047306451946496964,0.03879885748028755,-0.0362834557890892,-4.675049781799316,11.507814407348633,-41.261322021484375
10937646346,0,311.8741455078125,3.4858665466308594,7.0,0.0,447.0,113326360.0,-0.0,1.0,26.0,0.13068972527980804,0.281931608915329,10.846884727478027,-0.9002656936645508,0.04863804951310158,-0.02618325874209404,-0.01537732221186161,-5.214478492736816,12.766481399536133,-42.821624755859375
10963991001,0,311.99554443359375,4.856179237365723,7.0,0.0,447.0,113370472.0,-0.0,1.0,26.0,0.12140447646379471,0.056266605854034424,8.601608276367188,-1.335434079170227,0.08539023995399475,-0.012467769905924797,-0.004591356962919235,-3.9558112621307373,12.946290969848633,-41.95479202270508
10986557805,0,312.11749267578125,4.690995216369629,7.0,0.0,447.0,113414792.0,-0.0,1.0,26.0,0.12196588516235352,-0.02992904558777809,10.773858070373535,-1.3611730337142944,0.04704013094305992,-0.03031122125685215,0.007792530581355095,-3.236572742462158,12.946290969848633,-41.608055114746094
11016386384,0,312.2567443847656,4.025258541107178,7.0,0.0,447.0,113465384.0,-0.0,1.0,26.0,0.13922643661499023,0.14246225357055664,9.280997276306152,-0.6291085481643677,0.06395146250724792,-0.01592993177473545,0.009390451945364475,-5.034668922424316,12.227052688598633,-41.608055114746094
11041186336,0,312.3720397949219,4.803845405578613,7.0,0.0,447.0,113507280.0,-0.0,1.0,26.0,0.11529228836297989,0.22087636590003967,10.46379280090332,-1.5664862394332886,0.02733244001865387,-0.0231205765157938,0.014716855250298977,-4.315430641174316,12.227052688598633,-41.261322021484375
11069793527,0,312.51025390625,2.9253759384155273,7.0,0.0,447.0,113557504.0,-0.0,1.0,27.0,0.13822194933891296,-0.21548913419246674,9.015227317810059,-1.1343108415603638,0.05795925483107567,-0.02418585866689682,0.01871165819466114,-3.7760016918182373,11.687623977661133,-42.821624755859375
11093485090,0,312.63934326171875,4.645376205444336,7.0,0.0,447.0,113604416.0,-0.0,1.0,26.0,0.12910732626914978,0.370521605014801,10.404533386230469,0.12151192873716354,0.030794601887464523,0.010968402028083801,0.028299182653427124,-4.854859352111816,12.766481399536133,-40.7412223815918
11117932320,0,312.7577209472656,4.931354522705078,7.0,0.0,447.0,113647424.0,-0.0,1.0,26.0,0.118352510035038,0.40404212474823,8.916461944580078,-0.988257110118866,0.07487058639526367,-0.032708100974559784,0.030696064233779907,-6.113526344299316,12.227052688598633,-42.648258209228516
11150086120,0,312.8927917480469,4.843520164489746,7.0,3.0,447.0,113696512.0,-0.0,1.0,26.0,0.1350984275341034,0.42559105157852173,9.748489379882812,-1.1295222043991089,0.03572152554988861,0.005508840084075928,0.023505419492721558,-5.214478492736816,13.126100540161133,-42.12815856933594
11171387592,0,313.0099182128906,4.880213737487793,7.0,0.0,447.0,113739072.0,-0.0,1.0,26.0,0.11712512373924255,0.3741130828857422,9.3396577835083,-1.145085334777832,0.06688098609447479,-0.031909141689538956,0.008458331227302551,-5.753907203674316,12.227052688598633,-42.3015251159668
11195537136,0,313.1334228515625,4.750586986541748,7.0,0.0,447.0,113783952.0,-0.0,1.0,26.0,0.12351526319980621,0.8589636087417603,9.825705528259277,-0.6997411251068115,0.02733244001865387,0.0190911702811718,-0.028160691261291504,-4.854859352111816,12.406862258911133,-41.087955474853516
11224555530,0,313.2708740234375,4.943509101867676,7.0,0.0,447.0,113833888.0,-0.0,1.0,26.0,0.13742662966251373,0.4734775125980377,10.090877532958984,-1.7951442003250122,0.030927762389183044,-0.01912577450275421,-0.05665694922208786,-5.574097633361816,13.485719680786133,-41.087955474853516
11249642297,0,313.3883361816406,4.894775867462158,7.0,0.0,447.0,113876576.0,-0.0,1.0,26.0,0.11747462302446365,0.46390020847320557,9.86581039428711,-0.586010754108429,0.017478592693805695,0.05011746659874916,-0.08142472058534622,-5.214478492736816,13.485719680786133,-42.12815856933594
11278748376,0,313.5193176269531,3.2978131771087646,7.0,0.0,447.0,113924176.0,-0.0,1.0,26.0,0.1309814453125,0.5351313352584839,10.620621681213379,-0.8793153762817383,0.02426975592970848,-0.0050108060240745544,-0.0868842825293541,-4.675049781799316,12.586671829223633,-41.261322021484375
11303975272,0,313.6418151855469,4.8993306159973145,7.0,0.0,447.0,113968680.0,-0.0,1.0,26.0,0.1224832609295845,0.21668629348278046,9.40849494934082,-0.806288480758667,0.006692627444863319,0.06236819550395012,-0.09234384447336197,-3.596191883087158,11.148195266723633,-40.914588928222656
11326474484,0,313.7632751464844,4.671413898468018,7.0,0.0,447.0,114012816.0,-0.0,1.0,26.0,0.12145676463842392,0.07063254714012146,10.575129508972168,-1.503635287284851,0.004029424861073494,-0.01073668897151947,-0.0731687992811203,-4.675049781799316,12.586671829223633,-41.608055114746094
11356307563,0,313.9023132324219,4.027093410491943,7.0,0.0,447.0,114063344.0,-0.0,1.0,26.0,0.13904480636119843,-0.052076540887355804,9.507261276245117,-0.028133302927017212,0.02826455980539322,0.026015494018793106,-0.07023927569389343,-5.034668922424316,11.867433547973633,-42.3015251159668
11379636849,0,314.0173034667969,4.791347026824951,7.0,0.0,447.0,114105128.0,-0.0,1.0,26.0,0.11499232053756714,0.4483371078968048,10.542207717895508,-2.1417224407196045,-0.016743548214435577,-0.0240526981651783,-0.04400674253702164,-4.675049781799316,12.946290969848633,-42.3015251159668
11404495412,0,314.1559143066406,4.254591941833496,7.0,0.0,447.0,114155496.0,-0.0,1.0,26.0,0.138620987534523,-0.22087636590003967,9.00984001159668,-0.8787168264389038,0.0025646649301052094,0.019756969064474106,-0.05053158476948738,-4.495240211486816,11.328004837036133,-40.04775619506836
11433388065,0,314.2709045410156,4.79146146774292,7.0,0.0,447.0,114197280.0,-0.0,1.0,26.0,0.1149950698018074,0.49382925033569336,10.922904968261719,-0.5668561458587646,-0.03551911935210228,-0.013133570551872253,-0.033620256930589676,-3.596191883087158,12.946290969848633,-42.3015251159668
11461592201,0,314.3970031738281,4.849447727203369,-0.0,0.0,447.0,114243096.0,-0.0,2.0,26.0,0.12608563899993896,0.015563104301691055,9.370185852050781,0.08439990878105164,0.02120707556605339,0.0316082127392292,-0.0481347031891346,-4.495240211486816,12.766481399536133,-42.12815856933594
11483026765,0,314.5339050292969,5.057258605957031,-0.0,0.0,-511.0,114292848.0,-0.0,2.0,26.0,0.1369202584028244,0.18137001991271973,9.770636558532715,-1.4707133769989014,-0.0028948988765478134,0.025749173015356064,-0.03215549513697624,-3.7760016918182373,12.766481399536133,-41.78142547607422
11510768160,0,314.66748046875,5.564199924468994,-0.0,0.0,-511.0,114341376.0,-0.0,2.0,26.0,0.1335407942533493,-0.5375256538391113,9.45937442779541,-0.7925211191177368,0.0612882561981678,0.00377776101231575,-0.028959650546312332,-4.315430641174316,11.867433547973633,-42.994991302490234
11539143573,0,314.8017272949219,3.2473599910736084,-0.0,0.0,-511.0,114390160.0,-0.0,2.0,26.0,0.13424256443977356,0.5830178260803223,8.72790813446045,-1.528775691986084,-0.03645123913884163,0.041328903287649155,-0.014977842569351196,-2.876953601837158,11.507814407348633,-44.381927490234375
11561184211,0,314.90142822265625,3.988858699798584,-0.0,0.0,-511.0,114426392.0,-0.0,2.0,26.0,0.09972146898508072,-0.27953729033470154,10.099257469177246,-1.4072637557983398,-0.0032943785190582275,-0.01073668897151947,-0.004591356962919235,-3.596191883087158,12.227052688598633,-42.648258209228516
11588433532,0,314.9725341796875,2.7337944507598877,-0.0,0.0,-511.0,114452224.0,-0.0,2.0,26.0,0.07107865810394287,0.2903117537498474,9.707785606384277,-1.1121633052825928,0.017478592693805695,0.00883784145116806,0.013651574030518532,-4.495240211486816,11.328004837036133,-41.78142547607422
11613916873,0,315.03961181640625,1.743850588798523,-0.0,0.0,-511.0,114476608.0,-0.0,2.0,26.0,0.06711577624082565,0.4902377724647522,9.79338264465332,-1.9597539901733398,-0.07959510385990143,-0.026715898886322975,0.017113735899329185,-5.034668922424316,12.227052688598633,-41.261322021484375
11638279602,0,315.078857421875,1.634229302406311,-0.0,0.0,-511.0,114490864.0,-0.0,2.0,26.0,0.03922150284051895,-0.2711571455001831,9.832290649414062,-0.18795441091060638,-0.018474627286195755,0.02641497179865837,0.005661969073116779,-5.574097633361816,12.766481399536133,-42.12815856933594
11666522719,0,315.1000671386719,0.35867732763290405,-0.0,0.0,-228.0,114498568.0,-0.0,2.0,26.0,0.021204160526394844,0.22865791618824005,9.961584091186523,-1.2989206314086914,-0.005025459453463554,-0.011935129761695862,0.018844816833734512,-3.9558112621307373,11.507814407348633,-42.994991302490234
11691871374,0,315.1169128417969,0.4806826710700989,-0.0,0.0,-306.0,114504688.0,-0.0,2.0,26.0,0.01685049571096897,0.3711201846599579,9.616801261901855,-1.0451222658157349,-0.050299886614084244,-0.02631641924381256,0.013651574030518532,-2.517334461212158,12.227052688598633,-41.608055114746094
11717616363,0,315.1240234375,0.29767468571662903,-0.0,0.0,-189.0,114507280.0,-0.0,2.0,26.0,0.007144192233681679,0.1891515702009201,9.983132362365723,-0.5572788715362549,0.0016325432807207108,0.010968402028083801,0.0037977283354848623,-5.034668922424316,12.586671829223633,-42.994991302490234
11744708499,0,315.1232604980469,-0.05320533365011215,-0.0,3.0,34.0,114507000.0,-0.0,2.0,26.0,-0.0007898240000940859,0.004788647405803204,9.818522453308105,-0.5261526107788086,0.03132724016904831,-0.023786377161741257,0.005129328928887844,-4.495240211486816,12.766481399536133,-41.78142547607422
11770584487,0,315.12298583984375,-0.010434666648507118,-0.0,0.0,7.0,114506904.0,-0.0,2.0,26.0,-0.0002504320000298321,0.2873188555240631,9.907711029052734,-1.565887689590454,0.04104792699217796,-0.028713300824165344,0.00885781180113554,-3.416382312774658,12.406862258911133,-42.821624755859375
11794345124,0,315.12298583984375,0.0,-0.0,0.0,0.0,114506904.0,-0.0,2.0,26.0,0.0,0.1191176027059555,9.978343963623047,-0.7212899923324585,0.04357796534895897,0.010568924248218536,0.005129328928887844,-3.416382312774658,12.406862258911133,-41.78142547607422
11823419519,0,315.12298583984375,0.0,-0.0,0.0,0.0,114506904.0,-0.0,2.0,26.0,0.0,-0.050280798226594925,9.99510383605957,-0.6237213015556335,0.06794627010822296,-0.014198850840330124,0.012586293742060661,-4.495240211486816,13.485719680786133,-41.087955474853516
11846517082,0,315.12298583984375,0.0,-0.0,0.0,0.0,114506904.0,-0.0,2.0,26.0,0.0,0.1502438187599182,9.841867446899414,-0.8841040134429932,0.09484459459781647,-0.030977021902799606,0.025103341788053513,-2.697144031524658,13.126100540161133,-42.474891662597656
11876048921,0,315.12298583984375,0.0,-0.0,0.0,0.0,114506904.0,-0.0,2.0,26.0,0.0,0.09517436474561691,9.966971397399902,-0.9433635473251343,0.10429896414279938,-0.008872447535395622,0.033492423593997955,-4.854859352111816,12.766481399536133,-42.12815856933594
11900395836,0,315.12298583984375,0.0,-0.0,0.0,0.0,114506904.0,-0.0,2.0,26.0,0.0,0.16879981756210327,9.9166898727417,-0.9230117797851562,0.10736164450645447,-0.025783777236938477,0.03389190509915352,-3.7760016918182373,13.485719680786133,-41.78142547607422
11924651695,0,315.12298583984375,0.0,-0.0,0.0,0.0,114506904.0,-0.0,2.0,26.0,0.0,0.3352053165435791,9.867606163024902,-1.1157548427581787,0.12121029198169708,-0.028713300824165344,0.02803286351263523,-3.7760016918182373,13.485719680786133,-42.12815856933594
11955642829,0,315.12298583984375,0.0,-0.0,0.0,0.0,114506904.0,-0.0,2.0,26.0,0.0,0.36573293805122375,9.822712898254395,-1.1373037099838257,0.1269361823797226,-0.01273409090936184,0.016314774751663208,-5.214478492736816,12.766481399536133,-40.7412223815918
11978555875,0,315.12298583984375,0.0,-0.0,0.0,0.0,114506904.0,-0.0,2.0,26.0,0.0,0.29270607233047485,9.852642059326172,-1.2264922857284546,0.1313304603099823,-0.018193652853369713,0.0035314082633703947,-3.056763172149658,12.766481399536133,-42.821624755859375
12002519734,0,315.12298583984375,0.0,-0.0,0.0,0.0,114506904.0,-0.0,2.0,26.0,0.0,0.3914719223976135,9.818522453308105,-1.3845176696777344,0.12547141313552856,-0.012334609404206276,-0.0076540382578969,-4.495240211486816,14.56457805633545,-41.78142547607422
12030464536,0,315.12298583984375,0.0,-0.0,0.0,0.0,114506904.0,-0.0,2.0,26.0,0.0,0.34178972244262695,9.80834674835205,-1.3940949440002441,0.12054449319839478,-0.0015486441552639008,-0.01830684393644333,-3.9558112621307373,13.305910110473633,-41.608055114746094
12055637766,0,315.12298583984375,0.0,-0.0,0.0,0.0,114506904.0,-0.0,2.0,26.0,0.0,0.3010862171649933,9.880775451660156,-1.5329657793045044,0.10789428651332855,-0.006342407315969467,-0.03162285313010216,-3.056763172149658,14.92419719696045,-42.12815856933594
12080549032,0,315.12298583984375,0.0,-0.0,0.0,0.0,114506904.0,-0.0,2.0,26.0,0.0,0.29749470949172974,9.86581039428711,-1.6742308139801025,0.09058347344398499,-0.007940327748656273,-0.03721557930111885,-5.214478492736816,14.204957962036133,-42.821624755859375
12109384075,0,315.12298583984375,0.0,-0.0,0.0,0.0,114506904.0,-0.0,2.0,26.0,0.0,0.234045147895813,9.824508666992188,-1.7101457118988037,0.06355197727680206,-0.0030134059488773346,-0.045737821608781815,-3.056763172149658,14.204957962036133,-40.7412223815918
12135024526,0,315.12298583984375,0.0,-0.0,0.0,0.0,114506904.0,-0.0,2.0,27.0,0.0,0.16281400620937347,9.904120445251465,-1.720920205116272,0.03265884146094322,0.002179838716983795,-0.0525289885699749,-3.596191883087158,13.305910110473633,-40.22112274169922
12161561644,0,315.12298583984375,0.0,-0.0,0.0,0.0,114506904.0,-0.0,2.0,26.0,0.0,0.07721693813800812,9.929859161376953,-1.3827219009399414,0.014415912330150604,0.001380879431962967,-0.05053158476948738,-3.236572742462158,13.665529251098633,-40.914588928222656
12188466558,0,315.12298583984375,0.0,-0.0,0.0,0.0,114506904.0,-0.0,2.0,26.0,0.0,-0.01436594221740961,9.938239097595215,-1.9693312644958496,-0.024466831237077713,-0.003812365233898163,-0.03881349787116051,-3.9558112621307373,13.305910110473633,-40.56785583496094
12211653751,0,315.12298583984375,0.0,-0.0,0.0,0.0,114506904.0,-0.0,2.0,26.0,0.0,0.1502438187599182,9.825705528259277,-1.9621483087539673,-0.04284292459487915,-0.0016818046569824219,-0.03415289521217346,-2.876953601837158,14.384767532348633,-41.261322021484375
12242132718,0,315.12298583984375,0.0,-0.0,0.0,0.0,114506904.0,-0.0,2.0,26.0,0.0,0.07781551778316498,9.941231727600098,-1.740673303604126,-0.08572046458721161,0.010702084749937057,-0.03295445442199707,-3.7760016918182373,13.845338821411133,-41.087955474853516
12265900837,0,315.12298583984375,0.0,7.199999809265137,0.0,0.0,114506904.0,-0.0,1.0,26.0,0.0,0.14365942776203156,9.932252883911133,-1.3701517581939697,-0.1251358538866043,0.005908321589231491,-0.0318891741335392,-4.854859352111816,14.204957962036133,-42.474891662597656
12289590419,0,315.123046875,0.013760000467300415,7.199999809265137,0.0,460.0,114506920.0,-0.0,1.0,26.0,4.128000000491738e-05,0.17179273068904877,9.849050521850586,-1.4455729722976685,-0.13405758142471313,0.005508840084075928,-0.034419216215610504,-5.034668922424316,12.227052688598633,-44.381927490234375
12317652555,0,315.1330261230469,0.39881986379623413,7.199999809265137,0.0,460.0,114510544.0,-0.0,1.0,26.0,0.009970496408641338,0.08619565516710281,9.83288860321045,-1.1325150728225708,-0.1569611132144928,0.010435763746500015,-0.03974561765789986,-6.113526344299316,12.586671829223633,-40.914588928222656
12344948691,0,315.154296875,0.9237546324729919,7.199999809265137,0.0,460.0,114518280.0,-0.0,1.0,26.0,0.02128947153687477,0.03352053090929985,9.62578010559082,-1.2246965169906616,-0.12913066148757935,0.011900525540113449,-0.039612460881471634,-5.214478492736816,13.485719680786133,-41.78142547607422
12366972088,0,315.1836242675781,1.2210853099822998,7.199999809265137,0.0,460.0,114528928.0,-0.0,1.0,26.0,0.029306048527359962,0.2071090042591095,9.772432327270508,-0.7697750926017761,-0.1349896937608719,0.0009813979268074036,-0.035617657005786896,-4.854859352111816,12.406862258911133,-41.78142547607422
12399864018,0,315.22784423828125,1.2255573272705078,7.199999809265137,0.0,460.0,114545000.0,-0.0,1.0,26.0,0.0442301444709301,-0.050879377871751785,9.944823265075684,-0.8445976972579956,-0.14311246573925018,0.009104162454605103,-0.03615029901266098,-5.394288063049316,11.507814407348633,-42.3015251159668
12420630231,0,315.28033447265625,1.6512000560760498,7.199999809265137,0.0,460.0,114564080.0,-0.0,1.0,26.0,0.05249439924955368,-0.015563104301691055,10.054962158203125,-1.277970314025879,-0.1376529037952423,-0.0035460442304611206,-0.029492290690541267,-7.192383766174316,12.946290969848633,-41.608055114746094
12444978942,0,315.3368225097656,2.353304147720337,7.199999809265137,0.0,460.0,114584600.0,-0.0,1.0,26.0,0.05647929757833481,-0.023344656452536583,10.06394100189209,-1.185190200805664,-0.1501699537038803,-0.005809767171740532,-0.022967446595430374,-6.113526344299316,12.227052688598633,-41.261322021484375
12474378151,0,315.4049072265625,1.8484266996383667,7.199999809265137,0.0,460.0,114609336.0,-0.0,1.0,26.0,0.06807071715593338,0.04130208492279053,9.98013973236084,-0.9182231426239014,-0.1349896937608719,0.004177238792181015,-0.016842084005475044,-5.214478492736816,13.126100540161133,-42.821624755859375
12498028455,0,315.4765930175781,2.8681342601776123,7.199999809265137,0.0,460.0,114635392.0,-0.0,1.0,26.0,0.07170335948467255,0.03890775889158249,9.716764450073242,-0.7607963681221008,-0.14044925570487976,-0.00860612839460373,-0.006322437897324562,-5.574097633361816,12.406862258911133,-43.51509475708008
12522669926,0,315.5541687011719,2.98327374458313,7.199999809265137,0.0,460.0,114663576.0,-0.0,1.0,26.0,0.07756511867046356,0.07542119920253754,10.217177391052246,-0.5183711051940918,-0.12606796622276306,-0.01579677313566208,-0.004458196461200714,-5.753907203674316,10.788576126098633,-41.261322021484375
12551856246,0,315.6457214355469,2.7501654624938965,7.199999809265137,0.0,460.0,114696848.0,-0.0,1.0,26.0,0.09157555550336838,0.23584088683128357,9.696412086486816,0.3800988793373108,-0.09184582531452179,-0.007407687604427338,-0.006322437897324562,-3.416382312774658,12.766481399536133,-41.434688568115234
12576732864,0,315.7281188964844,3.4323174953460693,7.199999809265137,0.0,460.0,114726784.0,-0.0,1.0,26.0,0.08237561583518982,0.17658136785030365,10.406329154968262,-0.6554461121559143,-0.07333658635616302,0.0031119585037231445,-0.016975244507193565,-4.315430641174316,12.586671829223633,-44.035194396972656
12604470481,0,315.83282470703125,2.2841598987579346,7.199999809265137,0.0,460.0,114764840.0,-0.0,1.0,27.0,0.1047356128692627,-0.013168780133128166,10.097461700439453,-1.4072637557983398,-0.0681433379650116,-0.006475565955042839,-0.021103207021951675,-5.933716773986816,12.766481399536133,-42.474891662597656
12629575563,0,315.9328918457031,3.6243841648101807,7.199999809265137,0.0,460.0,114801192.0,-0.0,1.0,26.0,0.10004070401191711,0.21967920660972595,10.058553695678711,-0.24182669818401337,-0.02539895288646221,-0.008472967892885208,-0.02869333140552044,-6.652955055236816,10.968385696411133,-42.474891662597656
12653887367,0,316.0289611816406,4.003357410430908,7.199999809265137,0.0,460.0,114836104.0,-0.0,1.0,26.0,0.09608057886362076,0.5165753364562988,9.968767166137695,-1.399482250213623,-0.005957581102848053,0.008971001952886581,-0.0425419807434082,-6.113526344299316,12.586671829223633,-41.95479202270508
12683137317,0,316.1408996582031,2.9262936115264893,7.199999809265137,0.0,460.0,114876784.0,-0.0,1.0,26.0,0.11194860935211182,0.08619565516710281,10.28122615814209,-0.016161685809493065,-0.014612985774874687,0.021488051861524582,-0.05958647280931473,-5.574097633361816,13.126100540161133,-45.24876022338867
12706517880,0,316.2484436035156,4.300825595855713,7.199999809265137,0.0,460.0,114915856.0,-0.0,1.0,26.0,0.10752063989639282,-0.0849984884262085,9.661096572875977,-0.6249184608459473,-0.0003648567944765091,0.01709376648068428,-0.061184391379356384,-4.135620594024658,12.766481399536133,-43.8618278503418
12731747147,0,316.361572265625,1.560383915901184,7.199999809265137,0.0,460.0,114956968.0,-0.0,1.0,26.0,0.11314573138952255,-0.169996976852417,9.498880386352539,-1.1402966976165771,0.020408116281032562,-0.013133570551872253,-0.0543932281434536,-4.135620594024658,12.766481399536133,-42.474891662597656
12760873041,0,316.48760986328125,3.829866647720337,7.199999809265137,0.0,460.0,115002760.0,-0.0,1.0,26.0,0.12601132690906525,0.04190066456794739,9.983731269836426,-1.7945456504821777,-0.03631807863712311,0.02108857035636902,-0.05159686505794525,-5.933716773986816,13.845338821411133,-43.51509475708008
12785496974,0,316.5998229980469,4.67690896987915,7.199999809265137,0.0,460.0,115043544.0,-0.0,1.0,26.0,0.1122458204627037,0.004788647405803204,9.371981620788574,-1.0116018056869507,-0.07147233933210373,0.010302603244781494,-0.05559166893362999,-5.214478492736816,12.406862258911133,-43.51509475708008
12814078165,0,316.7353210449219,3.9417812824249268,7.199999809265137,0.0,460.0,115092776.0,-0.0,1.0,26.0,0.13548095524311066,-0.11073747277259827,9.770636558532715,-1.2654000520706177,-0.060553211718797684,0.006707280874252319,-0.06544551253318787,-5.753907203674316,11.148195266723633,-44.728660583496094
12838619488,0,316.8511047363281,4.824370384216309,7.199999809265137,0.0,460.0,115134848.0,-0.0,1.0,26.0,0.1157848984003067,-0.3184450566768646,10.532031059265137,-0.6213269829750061,-0.09996859729290009,0.05637599155306816,-0.061184391379356384,-4.495240211486816,12.766481399536133,-43.8618278503418
12862866255,0,316.9820861816406,5.037113189697266,7.199999809265137,0.0,460.0,115182440.0,-0.0,1.0,26.0,0.13096493482589722,-0.6003766655921936,9.69820785522461,-0.6159397959709167,-0.08785103261470795,0.03493722155690193,-0.036549776792526245,-5.574097633361816,11.328004837036133,-44.208560943603516
12893379667,0,317.1252136230469,5.1838507652282715,7.199999809265137,0.0,460.0,115234448.0,-0.0,1.0,26.0,0.14312876760959625,-0.15263813734054565,9.93045711517334,-0.9679053425788879,-0.07307025790214539,-0.05055155232548714,-0.004990836605429649,-4.854859352111816,11.687623977661133,-42.474891662597656
12917408489,0,317.250244140625,5.2098798751831055,7.199999809265137,0.0,460.0,115279880.0,-0.0,1.0,26.0,0.12503711879253387,-0.40883076190948486,10.202213287353516,-0.4842519760131836,-0.09730540215969086,0.02228701114654541,0.010455732233822346,-5.034668922424316,12.227052688598633,-44.728660583496094
12942072719,0,317.3921813964844,3.69868803024292,7.199999809265137,0.0,460.0,115331464.0,-0.0,1.0,26.0,0.14195916056632996,-0.5692504644393921,9.952006340026855,0.18975014984607697,-0.055626291781663895,-0.01273409090936184,0.028299182653427124,-4.854859352111816,10.968385696411133,-44.208560943603516
12968524541,0,317.5283508300781,5.446758270263672,7.199999809265137,0.0,460.0,115380944.0,-0.0,1.0,26.0,0.1361689567565918,-0.007182971108704805,10.42847728729248,-0.3663315176963806,-0.038049161434173584,-0.06013907864689827,0.05985812097787857,-4.854859352111816,10.968385696411133,-43.8618278503418
12993629196,0,317.6670227050781,5.334011077880859,7.199999809265137,0.0,460.0,115431336.0,-0.0,1.0,26.0,0.13868428766727448,-0.0820055902004242,9.870000839233398,-0.13827219605445862,-0.04670456424355507,-0.011003009974956512,0.05226799473166466,-4.135620594024658,11.328004837036133,-43.8618278503418
13019077851,0,317.8161315917969,3.833536148071289,7.199999809265137,0.0,460.0,115485512.0,-0.0,1.0,26.0,0.14907583594322205,-0.1610182672739029,10.07770824432373,-0.42678821086883545,0.0030973050743341446,-0.059872761368751526,0.05346643552184105,-4.675049781799316,10.428956985473633,-45.07539367675781
13049085393,0,317.9554138183594,5.571809768676758,7.199999809265137,0.0,460.0,115536128.0,-0.0,1.0,26.0,0.13929523527622223,-0.019154589623212814,9.47733211517334,-0.8260416984558105,3.462284803390503e-05,0.00870468094944954,0.04933847486972809,-4.315430641174316,11.507814407348633,-44.381927490234375
13071608494,0,318.1095275878906,3.9087576866149902,7.199999809265137,0.0,460.0,115592120.0,-0.0,1.0,26.0,0.15410099923610687,-0.2220735251903534,9.434832572937012,-0.582419216632843,0.03478940203785896,-0.031775981187820435,0.04827319458127022,-5.214478492736816,10.608766555786133,-44.208560943603516
13098859482,0,318.2521667480469,5.705996990203857,7.199999809265137,0.0,460.0,115643952.0,-0.0,1.0,26.0,0.14264991879463196,0.48365339636802673,10.448229789733887,-0.656643271446228,0.03945000469684601,-0.04482566937804222,0.053999077528715134,-4.495240211486816,10.968385696411133,-44.555294036865234
13124551045,0,318.3971252441406,5.575340747833252,7.199999809265137,0.0,460.0,115696632.0,-0.0,1.0,26.0,0.14495885372161865,-0.10475166141986847,9.639547348022461,-0.16161684691905975,0.03558836504817009,0.015762165188789368,0.04041674733161926,-4.135620594024658,11.328004837036133,-43.51509475708008
13152102699,0,318.56353759765625,4.903146743774414,7.199999809265137,0.0,460.0,115757104.0,-0.0,1.0,26.0,0.16642995178699493,0.21848203241825104,10.479355812072754,-0.5782291889190674,0.05289917811751366,-0.08464053273200989,0.051069553941488266,-5.753907203674316,11.867433547973633,-45.07539367675781
13175323763,0,318.702880859375,5.80511474609375,7.199999809265137,0.0,460.0,115807728.0,-0.0,1.0,26.0,0.13932275772094727,0.10235733538866043,9.261842727661133,-1.4766991138458252,0.021872874349355698,0.0190911702811718,0.01977693848311901,-4.495240211486816,11.328004837036133,-43.168357849121094
13205292379,0,318.8655700683594,2.8685014247894287,7.199999809265137,0.0,460.0,115866848.0,-0.0,1.0,26.0,0.16268448531627655,-0.1640111804008484,9.87718391418457,-0.9032586216926575,0.026267159730196,-0.029778581112623215,0.014184215106070042,-4.495240211486816,11.328004837036133,-43.168357849121094
13226765351,0,319.02374267578125,5.670037269592285,7.199999809265137,0.0,460.0,115924328.0,-0.0,1.0,26.0,0.15819045901298523,0.21369339525699615,10.0130615234375,-0.0670410618185997,-0.010751343332231045,0.024817053228616714,-0.004325036890804768,-4.854859352111816,12.047243118286133,-44.208560943603516
13253750765,0,319.16998291015625,6.092469692230225,7.199999809265137,0.0,460.0,115977464.0,-0.0,1.0,26.0,0.14621926844120026,-0.07422403246164322,10.186650276184082,-0.2699599862098694,0.006159987300634384,-0.0006165243685245514,-0.012980441562831402,-5.034668922424316,11.507814407348633,-42.994991302490234
13280919660,0,319.3327331542969,4.226154804229736,7.199999809265137,0.0,460.0,116036608.0,-0.0,1.0,26.0,0.16276979446411133,0.418408066034317,10.17946720123291,-0.3735145032405853,-0.006223901174962521,-0.009405087679624557,-0.011648840270936489,-6.113526344299316,12.227052688598633,-43.68846130371094
13304565890,0,319.4859924316406,6.1299147605896,7.199999809265137,0.0,460.0,116092296.0,-0.0,1.0,26.0,0.1532478779554367,-0.15563103556632996,9.99929428100586,-0.38069745898246765,0.03172672167420387,-0.005809767171740532,-0.015643643215298653,-4.675049781799316,12.227052688598633,-42.994991302490234
13329664712,0,319.6445007324219,2.1061973571777344,7.199999809265137,0.0,460.0,116149896.0,-0.0,1.0,26.0,0.15852345526218414,0.33460673689842224,9.92926025390625,-2.0483438968658447,0.015614353120326996,-0.04389354959130287,-0.0051239971071481705,-4.675049781799316,11.507814407348633,-44.381927490234375
13361358142,0,319.8145751953125,5.144405841827393,7.199999809265137,0.0,460.0,116211696.0,-0.0,1.0,26.0,0.17006534337997437,-0.18855299055576324,9.732327461242676,-0.09337862581014633,0.00362994521856308,0.021754369139671326,-0.017774203792214394,-5.574097633361816,11.328004837036133,-41.78142547607422
13383443466,0,319.9620056152344,6.1424641609191895,7.199999809265137,0.0,460.0,116265264.0,-0.0,1.0,26.0,0.14741913974285126,0.044893570244312286,10.558967590332031,-0.4884420335292816,0.02719927951693535,-0.04802151024341583,-0.007920358330011368,-3.9558112621307373,11.867433547973633,-42.648258209228516
13411620731,0,320.13946533203125,5.111381530761719,7.199999809265137,0.0,460.0,116329744.0,-0.0,1.0,26.0,0.17744620144367218,-0.10834314674139023,9.354023933410645,-0.18855299055576324,0.01801123470067978,0.040263619273900986,-0.013912562280893326,-4.495240211486816,12.406862258911133,-42.474891662597656
13435681146,0,320.28741455078125,6.1656270027160645,7.199999809265137,0.0,460.0,116383512.0,-0.0,1.0,26.0,0.14797504246234894,0.024541817605495453,10.58350944519043,-1.3096951246261597,0.028131399303674698,-0.06440020352602005,0.0037977283354848623,-4.315430641174316,12.946290969848633,-44.381927490234375
13460718561,0,320.45037841796875,6.267045021057129,7.199999809265137,0.0,460.0,116442720.0,-0.0,1.0,26.0,0.16294316947460175,0.004788647405803204,9.579090118408203,-1.0948045253753662,0.006559466943144798,0.026015494018793106,-0.0051239971071481705,-2.876953601837158,11.867433547973633,-41.608055114746094
13489048345,0,320.6274719238281,6.474538326263428,7.199999809265137,0.0,460.0,116507080.0,-0.0,1.0,26.0,0.17711322009563446,-0.016760265454649925,10.470377922058105,-0.710515558719635,0.017744913697242737,-0.057742197066545486,0.006727250292897224,-3.9558112621307373,11.867433547973633,-42.648258209228516
13514122371,0,320.7708435058594,5.972642421722412,7.199999809265137,0.0,460.0,116559168.0,-0.0,1.0,26.0,0.14334341883659363,0.31784647703170776,9.649723052978516,-1.0331506729125977,-0.008620782755315304,0.019890129566192627,-0.002860275562852621,-4.495240211486816,11.328004837036133,-44.208560943603516
13539548007,0,320.91436767578125,3.5042130947113037,7.199999809265137,0.0,460.0,116611320.0,-0.0,1.0,26.0,0.14352504909038544,-0.0550694465637207,10.256684303283691,-0.6775935888290405,0.01894335448741913,-0.04136350750923157,-0.0033929159399122,-4.135620594024658,12.766481399536133,-43.168357849121094
13562771127,0,321.05133056640625,5.479452133178711,7.199999809265137,0.0,460.0,116661096.0,-0.0,1.0,26.0,0.13698630034923553,-0.08858997374773026,9.525816917419434,-0.4962235987186432,-0.008887102827429771,0.03986414149403572,-0.01431204192340374,-4.495240211486816,11.687623977661133,-42.821624755859375
13593260354,0,321.1922302246094,3.6207146644592285,7.199999809265137,3.0,460.0,116712296.0,-0.0,1.0,26.0,0.14090240001678467,-0.3723173439502716,10.0842924118042,-0.408232182264328,0.023870278149843216,-0.022721096873283386,-0.006189277395606041,-4.495240211486816,13.845338821411133,-44.208560943603516
13617297510,0,321.3287353515625,4.172032356262207,7.199999809265137,0.0,460.0,116761896.0,-0.0,1.0,26.0,0.13650470972061157,0.10834314674139023,9.537189483642578,-1.2211050987243652,0.00043410249054431915,0.026681292802095413,-0.004990836605429649,-4.495240211486816,11.328004837036133,-42.474891662597656
13649123477,0,321.44842529296875,4.9874267578125,7.199999809265137,0.0,460.0,116805392.0,-0.0,1.0,26.0,0.11969824135303497,-0.3453812003135681,9.679652214050293,-0.09038572013378143,0.01907651498913765,-0.004744485020637512,-0.0031265958677977324,-5.034668922424316,11.148195266723633,-41.95479202270508
13670568190,0,321.5904846191406,3.108384132385254,7.199999809265137,0.0,460.0,116857008.0,-0.0,1.0,27.0,0.14204172790050507,0.43875980377197266,10.113024711608887,-1.1402966976165771,0.013616949319839478,-0.001814965158700943,0.009656772017478943,-4.135620594024658,11.328004837036133,-42.474891662597656
13698135918,0,321.7237854003906,4.176618576049805,7.199999809265137,0.0,460.0,116905440.0,-0.0,1.0,26.0,0.13328760862350464,-0.25260114669799805,9.60901927947998,-1.3928978443145752,0.030927762389183044,-0.03550446406006813,0.007659371010959148,-2.697144031524658,11.328004837036133,-42.474891662597656
13724718740,0,321.84271240234375,4.956695556640625,7.199999809265137,0.0,460.0,116948664.0,-0.0,1.0,26.0,0.11896070092916489,0.1819685995578766,10.005878448486328,-1.163641333580017,0.019742313772439957,-0.014198850840330124,0.013518414460122585,-4.675049781799316,11.867433547973633,-41.95479202270508
13748495285,0,321.9847412109375,5.038911819458008,7.199999809265137,0.0,460.0,117000272.0,-0.0,1.0,26.0,0.14203347265720367,-0.6051653027534485,10.244712829589844,-0.6716077923774719,0.03771892562508583,-0.02911278046667576,0.01298577431589365,-4.315430641174316,10.788576126098633,-42.648258209228516
13771714941,0,322.10546875,5.029394626617432,7.199999809265137,0.0,460.0,117044136.0,-0.0,1.0,26.0,0.12070547044277191,0.33879679441452026,10.079504013061523,-0.8565692901611328,0.011220067739486694,0.00990312173962593,0.019910098984837532,-4.495240211486816,10.608766555786133,-42.821624755859375
13800703225,0,322.2304382324219,4.806685924530029,7.199999809265137,0.0,460.0,117089552.0,-0.0,1.0,26.0,0.124973826110363,-0.11193463206291199,9.797572135925293,-0.28073444962501526,0.03771892562508583,-0.01486465148627758,0.01857849769294262,-5.214478492736816,12.406862258911133,-42.821624755859375
13826449139,0,322.3703918457031,5.06551456451416,7.199999809265137,0.0,460.0,117140408.0,-0.0,1.0,26.0,0.13997222483158112,0.2549954652786255,9.722151756286621,-1.4186367988586426,0.0181443952023983,-0.00035020336508750916,0.024171220138669014,-4.315430641174316,11.507814407348633,-41.95479202270508
13853455627,0,322.4913330078125,5.038109302520752,7.199999809265137,0.0,460.0,117184352.0,-0.0,1.0,26.0,0.12091462314128876,-0.23584088683128357,9.4605712890625,-0.5093923807144165,0.04264584556221962,0.0008482374250888824,0.020176418125629425,-3.056763172149658,12.047243118286133,-42.474891662597656
13878737912,0,322.624267578125,3.3501014709472656,7.199999809265137,0.0,460.0,117232656.0,-0.0,1.0,26.0,0.13295462727546692,0.2609812915325165,10.269852638244629,-0.9661096334457397,0.02120707556605339,-0.02511797845363617,0.03096238523721695,-3.9558112621307373,10.428956985473633,-42.3015251159668
13903091235,0,322.74847412109375,4.968570709228516,7.199999809265137,0.0,460.0,117277792.0,-0.0,1.0,26.0,0.12421426922082901,-0.2843259274959564,10.233938217163086,-1.1139590740203857,0.05183389410376549,-0.05214947462081909,0.024437541142106056,-3.236572742462158,13.305910110473633,-42.648258209228516
13931551926,0,322.8829345703125,3.356522560119629,7.199999809265137,0.0,460.0,117326648.0,-0.0,1.0,26.0,0.13444896042346954,0.35256415605545044,10.368618965148926,-0.627911388874054,0.02426975592970848,-0.02498481795191765,0.028565503656864166,-4.135620594024658,12.766481399536133,-43.168357849121094
13957845062,0,323.0144958496094,3.626218795776367,7.199999809265137,0.0,460.0,117374448.0,-0.0,1.0,26.0,0.13153183460235596,-0.39087334275245667,9.77662181854248,-1.395890712738037,0.05050229653716087,-0.038167666643857956,0.025103341788053513,-4.495240211486816,13.126100540161133,-42.821624755859375
13981052978,0,323.1321716308594,4.903604984283447,7.199999809265137,0.0,460.0,117417208.0,-0.0,1.0,26.0,0.11768652498722076,0.234045147895813,10.026230812072754,-1.7688065767288208,0.013483792543411255,-0.036969225853681564,0.033625584095716476,-3.596191883087158,13.665529251098633,-41.261322021484375
14010497502,0,323.2719421386719,4.064703941345215,7.199999809265137,0.0,460.0,117468000.0,-0.0,1.0,26.0,0.13978508114814758,-0.04130208492279053,9.427050590515137,-0.8835054636001587,0.026666637510061264,-0.028047500178217888,0.02497018128633499,-3.416382312774658,12.047243118286133,-42.12815856933594
14034597787,0,323.3887939453125,4.869205474853516,7.199999809265137,0.0,460.0,117510464.0,-0.0,1.0,26.0,0.11686092615127563,0.3393953740596771,9.858628273010254,-1.296526312828064,-0.011949784122407436,-0.0014154836535453796,0.015782134607434273,-4.675049781799316,12.586671829223633,-40.56785583496094
14059416350,0,323.5171813964844,4.937405586242676,7.199999809265137,0.0,460.0,117557112.0,-0.0,1.0,26.0,0.12837255001068115,0.11492753773927689,9.22951889038086,-0.47287893295288086,0.02200603485107422,-0.013266731053590775,0.0071267299354076385,-4.315430641174316,12.586671829223633,-42.3015251159668
14088449708,0,323.65582275390625,5.053589820861816,7.199999809265137,3.0,460.0,117607496.0,-0.0,1.0,26.0,0.13864301145076752,0.2933046519756317,9.512049674987793,-1.702364206314087,-0.01487930677831173,0.004310399293899536,0.0016671670600771904,-2.876953601837158,12.946290969848633,-41.95479202270508
14116296122,0,323.77508544921875,4.969309329986572,7.199999809265137,0.0,460.0,117650832.0,-0.0,1.0,26.0,0.1192634254693985,0.015563104301691055,8.978713989257812,-1.2707873582839966,0.029995638877153397,-0.004744485020637512,-0.0051239971071481705,-4.495240211486816,12.406862258911133,-42.821624755859375
14146409867,0,323.9073181152344,3.4335787296295166,7.199999809265137,0.0,460.0,117698880.0,-0.0,1.0,27.0,0.1322280913591385,0.408232182264328,10.005878448486328,-1.3246595859527588,-0.01914042793214321,-0.004211846739053726,-0.007787198759615421,-4.675049781799316,14.025148391723633,-42.994991302490234
14166696655,0,324.0421142578125,3.9105923175811768,7.199999809265137,0.0,460.0,117747864.0,-0.0,1.0,26.0,0.13481497764587402,-0.06943538784980774,9.800565719604492,-1.717328667640686,0.020674433559179306,-0.04269510880112648,-0.006189277395606041,-4.315430641174316,10.788576126098633,-42.3015251159668
14189711052,0,324.1580505371094,4.829989433288574,7.199999809265137,0.0,460.0,117789992.0,-0.0,1.0,26.0,0.11591974645853043,0.3711201846599579,9.846057891845703,-1.5922253131866455,-0.0011638179421424866,-0.011535650119185448,-0.003259755903854966,-4.854859352111816,11.328004837036133,-43.51509475708008
14218564280,0,324.2974548339844,4.104148864746094,7.199999809265137,0.0,460.0,117840640.0,-0.0,1.0,26.0,0.13939981162548065,0.10535024106502533,9.57370376586914,-1.88552987575531,0.032925162464380264,-0.04389354959130287,-0.0073877181857824326,-3.9558112621307373,10.788576126098633,-43.68846130371094
14244609287,0,324.41375732421875,4.845584392547607,7.199999809265137,0.0,460.0,117882904.0,-0.0,1.0,26.0,0.1162940189242363,0.4321754276752472,9.672469139099121,-1.4904664754867554,0.014415912330150604,-0.014198850840330124,-0.012580960988998413,-4.495240211486816,11.328004837036133,-42.821624755859375
14269193479,0,324.541015625,4.895279407501221,7.199999809265137,0.0,460.0,117929152.0,-0.0,1.0,26.0,0.12727725505828857,-0.1622154265642166,9.57609748840332,-1.7735953330993652,0.040382128208875656,-0.03417286276817322,-0.012048320844769478,-3.416382312774658,12.406862258911133,-41.434688568115234
14298924022,0,324.67877197265625,4.321557521820068,7.199999809265137,0.0,460.0,117979208.0,-0.0,1.0,26.0,0.13776786625385284,0.22267210483551025,9.500676155090332,-1.3833205699920654,0.02746560052037239,0.004443559795618057,-0.013513081707060337,-4.315430641174316,11.867433547973633,-41.95479202270508
14321979808,0,324.7955017089844,4.862325191497803,7.199999809265137,0.0,460.0,118021616.0,-0.0,1.0,26.0,0.11669580638408661,-0.30587485432624817,9.632364273071289,-1.315082311630249,0.04677380993962288,-0.036037106066942215,-0.006721917539834976,-3.9558112621307373,12.586671829223633,-41.608055114746094
14347696000,0,324.9356994628906,4.231658935546875,7.199999809265137,0.0,460.0,118072568.0,-0.0,1.0,26.0,0.14022541046142578,0.11851902306079865,9.861021995544434,-0.914033055305481,0.032925162464380264,-0.003945525735616684,-0.00911879912018776,-2.517334461212158,13.665529251098633,-41.608055114746094
14375891432,0,325.05224609375,4.8557891845703125,7.199999809265137,0.0,460.0,118114912.0,-0.0,1.0,26.0,0.11653894186019897,-0.20651042461395264,9.782608032226562,-0.7446346879005432,0.052632857114076614,-0.02818065881729126,-0.005789797753095627,-5.394288063049316,12.586671829223633,-41.261322021484375
14399834033,0,325.17864990234375,4.86140775680542,7.199999809265137,0.0,460.0,118160848.0,-0.0,1.0,26.0,0.12639661133289337,0.34777551889419556,10.142354965209961,-0.3962605595588684,0.031194079667329788,-0.016196252778172493,-0.004857677035033703,-5.574097633361816,12.406862258911133,-42.474891662597656
14426689872,0,325.3167419433594,5.053589820861816,7.199999809265137,0.0,460.0,118211024.0,-0.0,1.0,26.0,0.13810361921787262,0.09936443716287613,10.782238006591797,-0.5584760308265686,0.03332464396953583,-0.06653076410293579,0.008058850653469563,-3.7760016918182373,11.687623977661133,-43.168357849121094
14453786212,0,325.4359436035156,4.9669013023376465,7.199999809265137,0.0,460.0,118254344.0,-0.0,1.0,26.0,0.11920563131570816,0.2759458124637604,9.954401016235352,-1.0157917737960815,0.02014179527759552,-0.013932531699538231,-0.0015286747366189957,-3.7760016918182373,11.687623977661133,-41.087955474853516
14478655127,0,325.5679626464844,3.467519998550415,7.199999809265137,0.0,460.0,118302312.0,-0.0,1.0,26.0,0.13201619684696198,0.15084239840507507,10.308760643005371,-1.4539530277252197,0.021473396569490433,-0.05840799957513809,0.003398248227313161,-3.9558112621307373,12.586671829223633,-42.3015251159668
14501752728,0,325.6912536621094,4.9309234619140625,7.199999809265137,0.0,460.0,118347112.0,-0.0,1.0,26.0,0.1232730895280838,0.23284797370433807,9.518034934997559,-1.274378776550293,0.016546472907066345,-0.014598332345485687,-0.005656637251377106,-3.7760016918182373,11.687623977661133,-41.78142547607422
14529906605,0,325.8132019042969,4.690466403961182,7.199999809265137,0.0,460.0,118391424.0,-0.0,1.0,26.0,0.1219521313905716,0.04070350155234337,10.19981861114502,-1.6149712800979614,0.018810193985700607,-0.0628022849559784,0.0004687263863161206,-4.135620594024658,11.328004837036133,-41.78142547607422
14554166390,0,325.9531555175781,3.988565444946289,7.199999809265137,0.0,460.0,118442280.0,-0.0,1.0,26.0,0.13996396958827972,-0.4190066456794739,9.09483814239502,-1.2402596473693848,0.049437012523412704,0.009237322956323624,-0.007787198759615421,-4.315430641174316,11.867433547973633,-41.95479202270508
14578852879,0,326.0688171386719,4.8194403648376465,7.199999809265137,0.0,460.0,118484312.0,-0.0,1.0,26.0,0.11566656082868576,0.03172478824853897,10.548791885375977,-0.782943844795227,0.026666637510061264,-0.056543756276369095,0.005129328928887844,-3.596191883087158,12.586671829223633,-41.95479202270508
14616640159,0,326.2078552246094,4.078464031219482,7.199999809265137,0.0,460.0,118534832.0,-0.0,1.0,26.0,0.1390310376882553,-0.21548913419246674,9.739510536193848,-0.4483371078968048,0.05609501525759697,0.007373083382844925,-0.006189277395606041,-5.753907203674316,12.227052688598633,-41.608055114746094
14632005671,0,326.3233337402344,4.811413288116455,7.199999809265137,0.0,460.0,118576792.0,-0.0,1.0,26.0,0.1154739186167717,0.11792044341564178,10.773259162902832,-0.7129098773002625,0.03865104541182518,-0.059872761368751526,0.00725989043712616,-3.056763172149658,13.485719680786133,-41.78142547607422
14657336049,0,326.4491882324219,4.840132713317871,7.199999809265137,0.0,460.0,118622520.0,-0.0,1.0,26.0,0.12584345042705536,-0.11552611738443375,9.337264060974121,-1.3078993558883667,0.06621518731117249,0.004044078290462494,-0.001262354664504528,-3.7760016918182373,12.047243118286133,-41.78142547607422
14686013517,0,326.58697509765625,5.014143943786621,7.199999809265137,3.0,460.0,118672592.0,-0.0,1.0,26.0,0.137809157371521,0.1340821236371994,10.063342094421387,-1.6682450771331787,0.04650748893618584,-0.047222550958395004,0.01644793525338173,-4.495240211486816,12.766481399536133,-41.087955474853516
14714450894,0,326.7046813964844,4.904178619384766,7.199999809265137,0.0,460.0,118715368.0,-0.0,1.0,26.0,0.11770028620958328,-0.3890776038169861,9.015227317810059,-1.489867925643921,0.0650167465209961,-0.002214442938566208,0.012053653597831726,-4.854859352111816,12.047243118286133,-42.12815856933594
14739321438,0,326.8369445800781,2.5339040756225586,7.199999809265137,0.0,460.0,118763424.0,-0.0,1.0,26.0,0.13225561380386353,0.1592225283384323,10.246508598327637,-1.5952181816101074,0.032126203179359436,-0.053481072187423706,0.03176134452223778,-4.854859352111816,13.485719680786133,-40.7412223815918
14764340316,0,326.9671630859375,3.6757547855377197,7.199999809265137,0.0,460.0,118810744.0,-0.0,1.0,26.0,0.13023564219474792,-0.17179273068904877,9.638948440551758,-1.0295591354370117,0.05236653611063957,-0.0019481256604194641,0.02470386028289795,-4.854859352111816,13.485719680786133,-41.78142547607422
14792895637,0,327.0833740234375,4.841455936431885,7.199999809265137,0.0,460.0,118852968.0,-0.0,1.0,26.0,0.1161949411034584,0.3184450566768646,10.640374183654785,-1.2223021984100342,0.009488988667726517,-0.04668991267681122,0.03841934725642204,-3.7760016918182373,12.406862258911133,-42.474891662597656
14816227219,0,327.222412109375,4.031680107116699,7.199999809265137,0.0,460.0,118903488.0,-0.0,1.0,26.0,0.1390172839164734,-0.0760197788476944,9.397122383117676,-0.9768840670585632,0.030794601887464523,-0.02911278046667576,0.033492423593997955,-3.056763172149658,12.766481399536133,-41.78142547607422
14840704894,0,327.3384704589844,4.836984157562256,7.199999809265137,0.0,460.0,118945664.0,-0.0,1.0,26.0,0.11608761548995972,0.22985507547855377,10.002286911010742,-1.8406363725662231,-0.007156021893024445,-0.042029306292533875,0.037753548473119736,-4.135620594024658,12.406862258911133,-43.8618278503418
14866211716,0,327.4666442871094,4.929572582244873,7.199999809265137,0.0,460.0,118992240.0,-0.0,1.0,26.0,0.12816889584064484,0.03232337161898613,9.279800415039062,-0.8206544518470764,0.020408116281032562,-0.024452177807688713,0.02576914243400097,-6.113526344299316,14.384767532348633,-41.608055114746094
14895525703,0,327.5987548828125,3.352853536605835,7.199999809265137,0.0,460.0,119040240.0,-0.0,1.0,26.0,0.13209599256515503,0.2693614065647125,10.485940933227539,-1.0277634859085083,-0.012615584768354893,-0.030577540397644043,0.025635981932282448,-4.675049781799316,13.665529251098633,-40.914588928222656
14922009784,0,327.7219543457031,4.9287214279174805,7.199999809265137,0.0,460.0,119085016.0,-0.0,1.0,26.0,0.12321804463863373,-0.04190066456794739,9.861620903015137,-0.4483371078968048,0.016812793910503387,-0.024718496948480606,0.018045857548713684,-3.9558112621307373,11.507814407348633,-41.608055114746094
14944449385,0,327.8600158691406,4.294037342071533,7.199999809265137,0.0,460.0,119135176.0,-0.0,1.0,26.0,0.13804581761360168,0.43097826838493347,9.819720268249512,-1.104381799697876,-0.03152431547641754,-0.0032797232270240784,0.012186813168227673,-5.933716773986816,12.766481399536133,-40.7412223815918
14975274353,0,327.9765319824219,4.854987144470215,7.199999809265137,0.0,460.0,119177520.0,-0.0,1.0,26.0,0.11651968210935593,-0.12749773263931274,9.187020301818848,-1.6688436269760132,-0.0038270186632871628,-0.025384297594428062,0.010189412161707878,-5.933716773986816,13.845338821411133,-41.434688568115234
14996576473,0,328.1029357910156,4.861725330352783,7.199999809265137,0.0,460.0,119223448.0,-0.0,1.0,26.0,0.12640486657619476,0.13647645711898804,9.707785606384277,-1.0367422103881836,-0.0537620484828949,0.006574120372533798,0.008192011155188084,-5.034668922424316,12.586671829223633,-41.261322021484375
15023072610,0,328.23699951171875,3.475775957107544,7.199999809265137,0.0,460.0,119272160.0,-0.0,1.0,26.0,0.1340581774711609,-0.1161246970295906,9.649124145507812,-0.6075596213340759,-0.024733152240514755,-0.020723694935441017,0.006460930220782757,-3.596191883087158,11.867433547973633,-41.95479202270508
15051090727,0,328.36016845703125,4.927070617675781,7.199999809265137,0.0,460.0,119316920.0,-0.0,1.0,26.0,0.12317676842212677,0.34059253334999084,10.03101921081543,-0.5333356261253357,-0.07293710112571716,0.011634204536676407,-0.0005965542513877153,-6.293335914611816,11.328004837036133,-41.087955474853516
15075174568,0,328.49346923828125,3.331754684448242,7.199999809265137,0.0,460.0,119365360.0,-0.0,1.0,26.0,0.13331788778305054,0.19034872949123383,10.423089981079102,-1.9382050037384033,-0.06108585372567177,-0.046290431171655655,0.002998767886310816,-5.214478492736816,12.406862258911133,-41.434688568115234
15098731039,0,328.616943359375,4.937858581542969,7.199999809265137,0.0,460.0,119410224.0,-0.0,1.0,26.0,0.12344646453857422,0.25738978385925293,9.45817756652832,-1.0020244121551514,-0.0794619470834732,0.011767365038394928,-0.009917759336531162,-4.675049781799316,12.946290969848633,-42.3015251159668
15127937934,0,328.740234375,4.742331027984619,7.199999809265137,0.0,460.0,119455024.0,-0.0,1.0,26.0,0.12330060452222824,0.03711201623082161,10.432068824768066,-1.2941319942474365,-0.05935477092862129,-0.03643658384680748,-0.006988237611949444,-5.034668922424316,13.665529251098633,-41.608055114746094
15152937960,0,328.88116455078125,4.108736038208008,7.199999809265137,0.0,460.0,119506232.0,-0.0,1.0,26.0,0.14092440903186798,0.03172478824853897,10.111228942871094,-0.5686518549919128,-0.07972826063632965,0.01616164669394493,-0.018972644582390785,-4.315430641174316,12.227052688598633,-40.914588928222656
15177639560,0,328.997802734375,4.861293315887451,7.199999809265137,0.0,460.0,119548624.0,-0.0,1.0,26.0,0.11667104065418243,0.360345721244812,10.697837829589844,-1.0062144994735718,-0.056558411568403244,-0.04149666801095009,-0.010583559982478619,-5.214478492736816,12.766481399536133,-41.434688568115234
15205605492,0,329.137939453125,3.009999990463257,-0.0,0.0,-511.0,119599544.0,-0.0,2.0,27.0,0.14012908935546875,-0.20351751148700714,9.070297241210938,-1.2193093299865723,-0.03352171927690506,0.024950213730335236,-0.028160691261291504,-3.9558112621307373,10.788576126098633,-41.261322021484375
15230695777,0,329.2815856933594,5.041664123535156,-0.0,0.0,-511.0,119651736.0,-0.0,2.0,26.0,0.14361587166786194,0.22566500306129456,10.390766143798828,-1.5622962713241577,-0.055759452283382416,-0.038034506142139435,-0.016575763002038002,-5.214478492736816,12.406862258911133,-43.168357849121094
15259435505,0,329.4040832519531,5.104730606079102,-0.0,0.0,-511.0,119696248.0,-0.0,2.0,26.0,0.1225135326385498,-0.20830616354942322,9.551555633544922,0.530342698097229,-0.08052722364664078,0.0068404413759708405,-0.024831688031554222,-4.854859352111816,12.766481399536133,-42.821624755859375
15283711087,0,329.51593017578125,3.472106456756592,-0.0,0.0,-511.0,119736896.0,-0.0,2.0,26.0,0.11184953898191452,0.018556008115410805,10.810371398925781,0.053872283548116684,-0.04697088524699211,0.042527344077825546,-0.035351336002349854,-2.876953601837158,10.428956985473633,-43.34172439575195
15307694577,0,329.5859375,2.91757869720459,-0.0,0.0,-511.0,119762336.0,-0.0,2.0,26.0,0.07002189010381699,-0.056266605854034424,10.289606094360352,-2.5756936073303223,-0.08585362136363983,-0.022454775869846344,-0.03162285313010216,-3.9558112621307373,12.946290969848633,-42.648258209228516
15337108767,0,329.6483459472656,0.792576014995575,-0.0,0.0,-505.0,119785008.0,-0.0,2.0,26.0,0.062376830726861954,0.24481959640979767,9.606026649475098,-0.7973098158836365,-0.101965993642807,-0.009271929040551186,-0.030158091336488724,-3.596191883087158,11.507814407348633,-42.648258209228516
15363101478,0,329.6955871582031,1.0567679405212402,-0.0,0.0,-511.0,119802176.0,-0.0,2.0,26.0,0.04724908620119095,0.15144097805023193,10.034610748291016,-0.2202777862548828,-0.060553211718797684,-0.009138768538832664,-0.03082389198243618,-3.596191883087158,13.665529251098633,-41.95479202270508
15386256338,0,329.71563720703125,0.834658682346344,-0.0,0.0,-511.0,119809456.0,-0.0,2.0,26.0,0.02003180794417858,-0.2352423071861267,10.157320022583008,-0.7649863958358765,-0.04404136538505554,0.02521653100848198,-0.03801453858613968,-3.9558112621307373,12.227052688598633,-42.648258209228516
15414634844,0,329.7269287109375,0.1064106673002243,-0.0,0.0,-67.0,119813560.0,-0.0,2.0,26.0,0.01131347194314003,0.11133605241775513,9.753277778625488,-1.2234994173049927,-0.07107286155223846,-0.03776818513870239,-0.02669592946767807,-3.236572742462158,11.507814407348633,-43.34172439575195
15439326204,0,329.7279357910156,0.04196799919009209,-0.0,0.0,-26.0,119813928.0,-0.0,2.0,26.0,0.0010072320001199841,0.09158287942409515,10.036406517028809,-0.8589636087417603,-0.03338855504989624,0.011501044034957886,-0.02869333140552044,-3.9558112621307373,12.946290969848633,-42.3015251159668
15465546859,0,329.7267761230469,-0.025685332715511322,-0.0,0.0,16.0,119813504.0,-0.0,2.0,26.0,-0.0011613440001383424,-0.13647645711898804,9.929859161376953,-0.5578774213790894,-0.03685072064399719,0.005908321589231491,-0.02776120975613594,-3.416382312774658,12.766481399536133,-42.12815856933594
15494902531,0,329.725830078125,-0.034858666360378265,-0.0,0.0,22.0,119813168.0,-0.0,2.0,26.0,-0.0009384320001117885,-0.056266605854034424,9.837079048156738,-0.9397720694541931,-0.00768866203725338,-0.02525113895535469,-0.013113601133227348,-3.596191883087158,12.586671829223633,-42.3015251159668
15519313706,0,329.7254333496094,-0.01651199907064438,-0.0,0.0,11.0,119813024.0,-0.0,2.0,26.0,-0.0003962880000472069,0.019154589623212814,10.021441459655762,-0.8344218134880066,0.0024315044283866882,-0.0015486441552639008,-0.005523476749658585,-3.236572742462158,12.227052688598633,-43.34172439575195
15545821046,0,329.7254333496094,0.0,-0.0,0.0,0.0,119813024.0,-0.0,2.0,26.0,0.0,-0.05686518922448158,9.998695373535156,-0.6590375900268555,0.005494186654686928,-0.003945525735616684,0.0003355662920512259,-3.236572742462158,11.867433547973633,-42.648258209228516
15569692110,0,329.7254333496094,0.0,-0.0,0.0,0.0,119813024.0,-0.0,2.0,26.0,0.0,0.017957428470253944,9.901725769042969,-0.8661466240882874,0.02333763614296913,-0.02525113895535469,0.011920493096113205,-3.7760016918182373,13.126100540161133,-42.821624755859375
15594823654,0,329.7254333496094,0.0005292307469062507,-0.0,0.0,0.0,119813024.0,-0.0,2.0,26.0,1.3760000001639128e-05,-0.002394323702901602,9.99271011352539,-0.8278374075889587,0.02946300059556961,-0.0072745271027088165,0.017912697046995163,-3.596191883087158,12.946290969848633,-42.3015251159668
15624635586,0,329.7254638671875,0.0,-0.0,0.0,0.0,119813032.0,-0.0,2.0,26.0,1.3760000001639128e-05,-0.048485055565834045,9.912500381469727,-0.7548105716705322,0.03851788491010666,-0.016462571918964386,0.024437541142106056,-3.416382312774658,12.406862258911133,-41.087955474853516
15648575353,0,329.7254638671875,0.0,-0.0,0.0,0.0,119813032.0,-0.0,2.0,26.0,0.0,0.013767361640930176,9.947816848754883,-1.0068131685256958,0.046374332159757614,-0.02511797845363617,0.03389190509915352,-3.056763172149658,13.126100540161133,-43.168357849121094
15673628490,0,329.7254638671875,0.0,-0.0,0.0,0.0,119813032.0,-0.0,2.0,27.0,2.7520000003278255e-06,0.011373037472367287,9.989118576049805,-1.0044188499450684,0.03998264670372009,-0.018726294860243797,0.03642194718122482,-4.135620594024658,11.328004837036133,-41.78142547607422
15700710793,0,329.7254638671875,0.0,-0.0,0.0,0.0,119813032.0,-0.0,2.0,26.0,0.0,0.05866093188524246,9.891550064086914,-0.9152302145957947,0.04490957036614418,-0.02738169953227043,0.04321311041712761,-3.9558112621307373,13.665529251098633,-42.3015251159668
15725703708,0,329.7254638671875,0.0,-0.0,0.0,0.0,119813032.0,-0.0,2.0,26.0,0.0,0.17837712168693542,9.921479225158691,-1.0762485265731812,0.0469069741666317,-0.028846459463238716,0.046009473502635956,-2.517334461212158,12.586671829223633,-43.68846130371094
15757554213,0,329.7254638671875,0.0,-0.0,0.0,0.0,119813032.0,-0.0,2.0,26.0,0.0,0.20351751148700714,9.883170127868652,-1.0343478918075562,0.04264584556221962,-0.022454775869846344,0.04334627091884613,-3.9558112621307373,12.946290969848633,-42.3015251159668
15778674037,0,329.7254638671875,0.0,-0.0,0.0,0.0,119813032.0,-0.0,2.0,26.0,0.0,0.21967920660972595,9.864014625549316,-1.0648754835128784,0.04424377158284187,-0.02724853903055191,0.03735406696796417,-4.315430641174316,14.025148391723633,-41.261322021484375
15803717637,0,329.7254638671875,0.0,-0.0,0.0,0.0,119813032.0,-0.0,2.0,26.0,0.0,0.24781250953674316,9.893943786621094,-1.06367826461792,0.0450427271425724,-0.024319017305970192,0.03003026358783245,-2.337524890899658,12.766481399536133,-41.087955474853516
15833213680,0,329.7254638671875,0.0,-0.0,0.0,0.0,119813032.0,-0.0,2.0,26.0,0.0,0.180172860622406,9.931056022644043,-1.1001917123794556,0.04291216656565666,-0.018326813355088234,0.026301782578229904,-3.056763172149658,13.485719680786133,-42.821624755859375
15857093873,0,329.7254638671875,0.0,-0.0,0.0,0.0,119813032.0,-0.0,2.0,26.0,0.0,0.20830616354942322,9.861021995544434,-1.1343108415603638,0.03771892562508583,-0.018726294860243797,0.022573299705982208,-3.7760016918182373,12.047243118286133,-42.12815856933594
15881921010,0,329.7254638671875,0.0,-0.0,0.0,0.0,119813032.0,-0.0,2.0,26.0,0.0,0.20052461326122284,9.912500381469727,-1.1420923471450806,0.036121003329753876,-0.017261533066630363,0.020043257623910904,-3.236572742462158,12.946290969848633,-42.3015251159668
15913947533,0,329.7254638671875,0.0,-0.0,0.0,0.0,119813032.0,-0.0,2.0,26.0,0.0,0.19274306297302246,9.88137435913086,-1.1187477111816406,0.031993042677640915,-0.013266731053590775,0.015249495394527912,-1.618286371231079,12.766481399536133,-41.78142547607422
15938407782,0,329.7254638671875,0.0,-0.0,0.0,0.0,119813032.0,-0.0,2.0,26.0,0.0,0.19274306297302246,9.906514167785645,-1.1875845193862915,0.03039512038230896,-0.016329413279891014,0.013917895033955574,-3.7760016918182373,12.047243118286133,-42.12815856933594
15958879865,0,329.7254638671875,0.0,-0.0,0.0,0.0,119813032.0,-0.0,2.0,26.0,0.0,0.18855299055576324,9.889155387878418,-1.1606484651565552,0.02200603485107422,-0.016462571918964386,0.01405105460435152,-3.9558112621307373,11.867433547973633,-42.3015251159668
15988509704,0,329.7254638671875,0.0,-0.0,0.0,0.0,119813032.0,-0.0,2.0,26.0,0.0,0.20890474319458008,9.893943786621094,-1.0870230197906494,0.017744913697242737,-0.013399891555309296,0.011920493096113205,-4.495240211486816,14.56457805633545,-40.7412223815918
16012962194,0,329.7254638671875,0.0,-0.0,0.0,0.0,119813032.0,-0.0,2.0,26.0,0.0,0.20950332283973694,9.890352249145508,-1.1133605241775513,0.019475992769002914,-0.013133570551872253,0.00885781180113554,-3.416382312774658,13.485719680786133,-41.087955474853516
16036733776,0,329.7254638671875,0.0,-0.0,0.0,0.0,119813032.0,-0.0,2.0,26.0,0.0,0.22087636590003967,9.896937370300293,-1.082234263420105,0.019875474274158478,-0.013399891555309296,0.009523612447082996,-4.854859352111816,13.845338821411133,-42.474891662597656
16065641115,0,329.7254638671875,0.0,0.0,0.0,0.0,119813032.0,-0.0,0.0,26.0,0.0,0.1759827882051468,9.895739555358887,-1.1037832498550415,0.020807594060897827,-0.013399891555309296,0.00832517072558403,-4.854859352111816,12.766481399536133,-41.434688568115234
16092266733,0,329.7254638671875,0.0,0.0,0.0,0.0,119813032.0,-0.0,0.0,26.0,0.0,0.19573596119880676,9.851445198059082,-1.060685396194458,0.026666637510061264,-0.015663612633943558,0.006993570365011692,-3.236572742462158,14.025148391723633,-42.994991302490234
16114734131,0,329.7254638671875,0.0,0.0,0.0,0.0,119813032.0,-0.0,0.0,26.0,0.0,0.19992603361606598,9.917887687683105,-1.0971988439559937,0.033058322966098785,-0.016196252778172493,0.009390451945364475,-2.697144031524658,13.485719680786133,-40.7412223815918
16143752451,0,329.7254638671875,0.0,0.0,0.0,0.0,119813032.0,-0.0,0.0,26.0,0.0,0.17059555649757385,9.913697242736816,-1.065474033355713,0.034922562539577484,-0.012600930407643318,0.009124131873250008,-3.9558112621307373,14.025148391723633,-41.95479202270508
16168209163,0,329.7254638671875,0.0,0.0,0.0,0.0,119813032.0,-0.0,0.0,26.0,0.0,0.19334164261817932,9.888556480407715,-1.1109662055969238,0.03825156390666962,-0.017128372564911842,0.011654173023998737,-3.416382312774658,13.126100540161133,-40.39448928833008
16192857152,0,329.7254638671875,0.0,0.0,0.0,0.0,119813032.0,-0.0,0.0,26.0,0.0,0.22327068448066711,9.883170127868652,-1.1438881158828735,0.04104792699217796,-0.018326813355088234,0.010189412161707878,-3.056763172149658,12.047243118286133,-41.78142547607422
16221548473,0,329.7254638671875,0.0,0.0,0.0,0.0,119813032.0,-0.0,0.0,26.0,0.0,0.16161684691905975,9.939435958862305,-1.21212637424469,0.04277900978922844,-0.0177941732108593,0.013917895033955574,-4.495240211486816,14.56457805633545,-41.434688568115234
16246972943,0,329.7254638671875,0.0,0.0,0.0,0.0,119813032.0,-0.0,0.0,26.0,0.0,0.1640111804008484,9.888556480407715,-1.298322081565857,0.03558836504817009,-0.017527854070067406,0.01551581546664238,-2.157715320587158,14.025148391723633,-41.261322021484375
16271364173,0,329.7254638671875,0.0,0.0,0.0,0.0,119813032.0,-0.0,0.0,26.0,0.0,0.21129906177520752,9.904120445251465,-1.254027009010315,0.03478940203785896,-0.017394693568348885,0.017246896401047707,-3.056763172149658,14.204957962036133,-41.087955474853516
16299716735,0,329.7254638671875,0.0,0.0,0.0,0.0,119813032.0,-0.0,0.0,26.0,0.0,0.19932745397090912,9.919084548950195,-1.3096951246261597,0.026133999228477478,-0.014332011342048645,0.01964377798140049,-3.236572742462158,14.025148391723633,-42.3015251159668
16329119648,0,329.7254638671875,0.0,0.0,0.0,0.0,119813032.0,-0.0,0.0,26.0,0.0,0.20651042461395264,9.925668716430664,-1.2252951860427856,0.02107391506433487,-0.01792733371257782,0.017113735899329185,-2.876953601837158,13.305910110473633,-40.914588928222656
16352607471,0,329.7254638671875,0.0,0.0,0.0,0.0,119813032.0,-0.0,0.0,26.0,0.0,0.2849245071411133,9.867008209228516,-1.2809631824493408,0.01920967549085617,-0.02099001407623291,0.017246896401047707,-3.236572742462158,12.946290969848633,-41.608055114746094
16376799998,0,329.7254638671875,0.0,0.0,0.0,0.0,119813032.0,-0.0,0.0,26.0,0.0,0.23883378505706787,9.902324676513672,-1.2366682291030884,0.015214871615171432,-0.012334609404206276,0.014716855250298977,-4.675049781799316,12.946290969848633,-42.3015251159668
16402452171,0,329.7254638671875,0.0,0.0,0.0,0.0,119813032.0,-0.0,0.0,26.0,0.0,0.22147494554519653,9.895739555358887,-1.2133235931396484,0.015348032116889954,-0.016196252778172493,0.015915295109152794,-3.7760016918182373,12.047243118286133,-42.12815856933594
16431048103,0,329.7254638671875,0.0,0.0,0.0,0.0,119813032.0,-0.0,0.0,26.0,0.0,0.30647343397140503,9.855036735534668,-1.3474056720733643,0.011353228241205215,-0.018593134358525276,0.013784734532237053,-4.854859352111816,12.406862258911133,-41.087955474853516
16454859945,0,329.7254638671875,0.0,0.0,0.0,0.0,119813032.0,-0.0,0.0,26.0,0.0,0.26756566762924194,9.881972312927246,-1.3324410915374756,0.006426306441426277,-0.011668810620903969,0.009789932519197464,-3.596191883087158,11.867433547973633,-41.95479202270508
16479671805,0,329.7254638671875,0.0,0.0,0.0,0.0,119813032.0,-0.0,0.0,26.0,0.0,0.24242527782917023,9.870599746704102,-1.2815617322921753,0.0014993827790021896,-0.013000410050153732,0.009789932519197464,-4.854859352111816,12.766481399536133,-40.7412223815918
16510092699,0,329.7254638671875,0.0,0.0,0.0,0.0,119813032.0,-0.0,0.0,26.0,0.0,0.26457276940345764,9.894542694091797,-1.3689545392990112,-0.006490221247076988,-0.014198850840330124,0.008724651299417019,-2.697144031524658,14.56457805633545,-40.39448928833008
16532826596,0,329.7254638671875,0.0,0.0,0.0,0.0,119813032.0,-0.0,0.0,26.0,0.0,0.292107492685318,9.884366989135742,-1.3695532083511353,-0.017409346997737885,-0.009538248181343079,0.006727250292897224,-4.495240211486816,12.047243118286133,-42.474891662597656
16557684900,0,329.7254638671875,0.0,0.0,0.0,0.0,119813032.0,-0.0,0.0,26.0,0.0,0.29569897055625916,9.855036735534668,-1.3282511234283447,-0.028727954253554344,-0.008872447535395622,0.0025992877781391144,-4.315430641174316,12.946290969848633,-42.994991302490234
16588056591,0,329.7254638671875,0.0,0.0,0.0,0.0,119813032.0,-0.0,0.0,26.0,0.0,0.3070720136165619,9.856233596801758,-1.233675241470337,-0.03045903518795967,-0.007674006745219231,0.0003355662920512259,-4.675049781799316,14.384767532348633,-41.608055114746094
16609996730,0,329.7254638671875,0.0,0.0,0.0,0.0,119813032.0,-0.0,0.0,26.0,0.0,0.2741500735282898,9.905317306518555,-1.1780072450637817,-0.031923796981573105,-0.004478165879845619,-0.0041918763890862465,-3.9558112621307373,13.305910110473633,-40.22112274169922
16635667681,0,329.7254638671875,0.0,0.0,0.0,0.0,119813032.0,-0.0,0.0,26.0,0.0,0.2831287682056427,9.876585006713867,-1.1750143766403198,-0.03045903518795967,-0.0096714086830616,-0.006455597467720509,-3.236572742462158,13.305910110473633,-42.3015251159668
16664529428,0,329.7254638671875,0.0,0.0,0.0,0.0,119813032.0,-0.0,0.0,26.0,0.0,0.2549954652786255,9.8921480178833,-1.1486767530441284,-0.028062153607606888,-0.005676606670022011,-0.010450399480760098,-4.495240211486816,12.766481399536133,-41.434688568115234
16688337066,0,329.7254638671875,0.0,0.0,0.0,0.0,119813032.0,-0.0,0.0,26.0,0.0,0.1891515702009201,9.884964942932129,-1.0912129878997803,-0.02206994965672493,-0.003945525735616684,-0.010317239910364151,-2.157715320587158,12.227052688598633,-41.95479202270508
16712896740,0,329.7254638671875,0.0,0.0,0.0,0.0,119813032.0,-0.0,0.0,26.0,0.0,0.25559404492378235,9.860424041748047,-1.1067761182785034,-0.017409346997737885,-0.008073488250374794,-0.008586158975958824,-3.416382312774658,13.485719680786133,-40.7412223815918
16742071691,0,329.7254638671875,0.0,0.0,0.0,0.0,119813032.0,-0.0,0.0,27.0,0.0,0.24182669818401337,9.921479225158691,-1.0714598894119263,-0.012216104194521904,-0.007674006745219231,-0.008452998474240303,-3.9558112621307373,14.384767532348633,-42.3015251159668
16767198958,0,329.7254638671875,0.0,0.0,0.0,0.0,119813032.0,-0.0,0.0,26.0,0.0,0.19872887432575226,9.888556480407715,-1.085825800895691,-0.0035606995224952698,-0.006475565955042839,-0.005789797753095627,-4.315430641174316,13.665529251098633,-40.914588928222656
16794696538,0,329.7254638671875,0.0,0.0,0.0,0.0,119813032.0,-0.0,0.0,26.0,0.0,0.20950332283973694,9.871796607971191,-1.06367826461792,0.002032024785876274,-0.011935129761695862,-0.0024607954546809196,-3.596191883087158,13.305910110473633,-41.95479202270508
16819326102,0,329.7254638671875,0.0,0.0,0.0,0.0,119813032.0,-0.0,0.0,26.0,0.0,0.1861586719751358,9.922077178955078,-1.0918116569519043,0.007891068235039711,-0.00980456918478012,0.0018003270961344242,-3.056763172149658,12.047243118286133,-42.12815856933594
16844434406,0,329.7254638671875,0.0,0.0,0.0,0.0,119813032.0,-0.0,0.0,26.0,0.0,0.1711941510438919,9.920281410217285,-1.1115647554397583,0.014415912330150604,-0.012600930407643318,0.006993570365011692,-5.394288063049316,13.665529251098633,-41.261322021484375
16871857560,0,329.7254638671875,0.0,0.0,0.0,0.0,119813032.0,-0.0,0.0,26.0,0.0,0.20232035219669342,9.904718399047852,-1.1558597087860107,0.017212271690368652,-0.014997811987996101,0.011254693381488323,-4.854859352111816,13.485719680786133,-41.087955474853516
16898205808,0,329.7254638671875,0.0,0.0,0.0,0.0,119813032.0,-0.0,0.0,26.0,0.0,0.2011231929063797,9.913098335266113,-1.1253321170806885,0.021872874349355698,-0.014598332345485687,0.014317374676465988,-5.214478492736816,13.126100540161133,-42.474891662597656
16922258483,0,329.7254638671875,0.0,0.0,0.0,0.0,119813032.0,-0.0,0.0,26.0,0.0,0.17478562891483307,9.926267623901367,-1.1756129264831543,0.02533503621816635,-0.01699521206319332,0.018977977335453033,-5.214478492736816,13.126100540161133,-41.434688568115234
16949752304,0,329.7254638671875,0.0,0.0,0.0,0.0,119813032.0,-0.0,0.0,26.0,0.0,0.2322493940591812,9.917887687683105,-1.1929718255996704,0.02719927951693535,-0.021389495581388474,0.022173820063471794,-4.675049781799316,14.384767532348633,-41.608055114746094
16974940942,0,329.7254638671875,0.0,0.0,0.0,0.0,119813032.0,-0.0,0.0,26.0,0.0,0.2190806120634079,9.889155387878418,-1.2234994173049927,0.026267159730196,-0.019525254145264626,0.026301782578229904,-2.697144031524658,12.766481399536133,-41.78142547607422
