[0.154s] DEBUG:colcon:Command line arguments: ['/usr/bin/colcon', 'build']
[0.155s] DEBUG:colcon:Parsed command line arguments: Namespace(log_base=None, log_level=None, verb_name='build', build_base='build', install_base='install', merge_install=False, symlink_install=False, test_result_base=None, continue_on_error=False, executor='parallel', parallel_workers=4, event_handlers=None, ignore_user_meta=False, metas=['./colcon.meta'], base_paths=['.'], packages_ignore=None, packages_ignore_regex=None, paths=None, packages_up_to=None, packages_up_to_regex=None, packages_above=None, packages_above_and_dependencies=None, packages_above_depth=None, packages_select_by_dep=None, packages_skip_by_dep=None, packages_skip_up_to=None, packages_select_build_failed=False, packages_skip_build_finished=False, packages_select_test_failures=False, packages_skip_test_passed=False, packages_select=None, packages_skip=None, packages_select_regex=None, packages_skip_regex=None, packages_start=None, packages_end=None, cmake_args=None, cmake_target=None, cmake_target_skip_unavailable=False, cmake_clean_cache=False, cmake_clean_first=False, cmake_force_configure=False, ament_cmake_args=None, catkin_cmake_args=None, catkin_skip_building_tests=False, mixin_files=None, mixin=None, verb_parser=<colcon_mixin.mixin.mixin_argument.MixinArgumentDecorator object at 0xffffb1e1de50>, verb_extension=<colcon_core.verb.build.BuildVerb object at 0xffffb2006270>, main=<bound method BuildVerb.main of <colcon_core.verb.build.BuildVerb object at 0xffffb2006270>>, mixin_verb=('build',))
[0.212s] Level 1:colcon.colcon_core.package_discovery:discover_packages(colcon_meta) check parameters
[0.213s] Level 1:colcon.colcon_core.package_discovery:discover_packages(recursive) check parameters
[0.213s] Level 1:colcon.colcon_core.package_discovery:discover_packages(ignore) check parameters
[0.213s] Level 1:colcon.colcon_core.package_discovery:discover_packages(path) check parameters
[0.213s] Level 1:colcon.colcon_core.package_discovery:discover_packages(colcon_meta) discover
[0.213s] Level 1:colcon.colcon_core.package_discovery:discover_packages(recursive) discover
[0.213s] INFO:colcon.colcon_core.package_discovery:Crawling recursively for packages in '/home/racecar/ros2_ws/src/Team10_GROS5'
[0.213s] Level 1:colcon.colcon_core.package_identification:_identify(.) by extensions ['ignore', 'ignore_ament_install']
[0.213s] Level 1:colcon.colcon_core.package_identification:_identify(.) by extension 'ignore'
[0.213s] Level 1:colcon.colcon_core.package_identification:_identify(.) by extension 'ignore_ament_install'
[0.213s] Level 1:colcon.colcon_core.package_identification:_identify(.) by extensions ['colcon_pkg']
[0.213s] Level 1:colcon.colcon_core.package_identification:_identify(.) by extension 'colcon_pkg'
[0.213s] Level 1:colcon.colcon_core.package_identification:_identify(.) by extensions ['colcon_meta']
[0.213s] Level 1:colcon.colcon_core.package_identification:_identify(.) by extension 'colcon_meta'
[0.213s] Level 1:colcon.colcon_core.package_identification:_identify(.) by extensions ['ros']
[0.213s] Level 1:colcon.colcon_core.package_identification:_identify(.) by extension 'ros'
[0.252s] Level 1:colcon.colcon_core.package_identification:_identify(.) by extensions ['cmake', 'python']
[0.252s] Level 1:colcon.colcon_core.package_identification:_identify(.) by extension 'cmake'
[0.252s] Level 1:colcon.colcon_core.package_identification:_identify(.) by extension 'python'
[0.252s] Level 1:colcon.colcon_core.package_identification:_identify(.) by extensions ['python_setup_py']
[0.253s] Level 1:colcon.colcon_core.package_identification:_identify(.) by extension 'python_setup_py'
[0.253s] Level 1:colcon.colcon_core.package_identification:_identify(build) by extensions ['ignore', 'ignore_ament_install']
[0.253s] Level 1:colcon.colcon_core.package_identification:_identify(build) by extension 'ignore'
[0.253s] Level 1:colcon.colcon_core.package_identification:_identify(build) ignored
[0.253s] Level 1:colcon.colcon_core.package_identification:_identify(install) by extensions ['ignore', 'ignore_ament_install']
[0.253s] Level 1:colcon.colcon_core.package_identification:_identify(install) by extension 'ignore'
[0.253s] Level 1:colcon.colcon_core.package_identification:_identify(install) ignored
[0.253s] Level 1:colcon.colcon_core.package_identification:_identify(log) by extensions ['ignore', 'ignore_ament_install']
[0.253s] Level 1:colcon.colcon_core.package_identification:_identify(log) by extension 'ignore'
[0.254s] Level 1:colcon.colcon_core.package_identification:_identify(log) ignored
[0.254s] Level 1:colcon.colcon_core.package_identification:_identify(racecar-ros2) by extensions ['ignore', 'ignore_ament_install']
[0.254s] Level 1:colcon.colcon_core.package_identification:_identify(racecar-ros2) by extension 'ignore'
[0.254s] Level 1:colcon.colcon_core.package_identification:_identify(racecar-ros2) by extension 'ignore_ament_install'
[0.254s] Level 1:colcon.colcon_core.package_identification:_identify(racecar-ros2) by extensions ['colcon_pkg']
[0.254s] Level 1:colcon.colcon_core.package_identification:_identify(racecar-ros2) by extension 'colcon_pkg'
[0.254s] Level 1:colcon.colcon_core.package_identification:_identify(racecar-ros2) by extensions ['colcon_meta']
[0.254s] Level 1:colcon.colcon_core.package_identification:_identify(racecar-ros2) by extension 'colcon_meta'
[0.254s] Level 1:colcon.colcon_core.package_identification:_identify(racecar-ros2) by extensions ['ros']
[0.254s] Level 1:colcon.colcon_core.package_identification:_identify(racecar-ros2) by extension 'ros'
[0.254s] Level 1:colcon.colcon_core.package_identification:_identify(racecar-ros2) by extensions ['cmake', 'python']
[0.254s] Level 1:colcon.colcon_core.package_identification:_identify(racecar-ros2) by extension 'cmake'
[0.254s] Level 1:colcon.colcon_core.package_identification:_identify(racecar-ros2) by extension 'python'
[0.254s] Level 1:colcon.colcon_core.package_identification:_identify(racecar-ros2) by extensions ['python_setup_py']
[0.254s] Level 1:colcon.colcon_core.package_identification:_identify(racecar-ros2) by extension 'python_setup_py'
[0.254s] Level 1:colcon.colcon_core.package_identification:_identify(racecar-ros2/doc) by extensions ['ignore', 'ignore_ament_install']
[0.254s] Level 1:colcon.colcon_core.package_identification:_identify(racecar-ros2/doc) by extension 'ignore'
[0.255s] Level 1:colcon.colcon_core.package_identification:_identify(racecar-ros2/doc) by extension 'ignore_ament_install'
[0.255s] Level 1:colcon.colcon_core.package_identification:_identify(racecar-ros2/doc) by extensions ['colcon_pkg']
[0.255s] Level 1:colcon.colcon_core.package_identification:_identify(racecar-ros2/doc) by extension 'colcon_pkg'
[0.255s] Level 1:colcon.colcon_core.package_identification:_identify(racecar-ros2/doc) by extensions ['colcon_meta']
[0.255s] Level 1:colcon.colcon_core.package_identification:_identify(racecar-ros2/doc) by extension 'colcon_meta'
[0.255s] Level 1:colcon.colcon_core.package_identification:_identify(racecar-ros2/doc) by extensions ['ros']
[0.255s] Level 1:colcon.colcon_core.package_identification:_identify(racecar-ros2/doc) by extension 'ros'
[0.255s] Level 1:colcon.colcon_core.package_identification:_identify(racecar-ros2/doc) by extensions ['cmake', 'python']
[0.255s] Level 1:colcon.colcon_core.package_identification:_identify(racecar-ros2/doc) by extension 'cmake'
[0.255s] Level 1:colcon.colcon_core.package_identification:_identify(racecar-ros2/doc) by extension 'python'
[0.255s] Level 1:colcon.colcon_core.package_identification:_identify(racecar-ros2/doc) by extensions ['python_setup_py']
[0.255s] Level 1:colcon.colcon_core.package_identification:_identify(racecar-ros2/doc) by extension 'python_setup_py'
[0.255s] Level 1:colcon.colcon_core.package_identification:_identify(racecar-ros2/images) by extensions ['ignore', 'ignore_ament_install']
[0.255s] Level 1:colcon.colcon_core.package_identification:_identify(racecar-ros2/images) by extension 'ignore'
[0.255s] Level 1:colcon.colcon_core.package_identification:_identify(racecar-ros2/images) by extension 'ignore_ament_install'
[0.255s] Level 1:colcon.colcon_core.package_identification:_identify(racecar-ros2/images) by extensions ['colcon_pkg']
[0.255s] Level 1:colcon.colcon_core.package_identification:_identify(racecar-ros2/images) by extension 'colcon_pkg'
[0.255s] Level 1:colcon.colcon_core.package_identification:_identify(racecar-ros2/images) by extensions ['colcon_meta']
[0.255s] Level 1:colcon.colcon_core.package_identification:_identify(racecar-ros2/images) by extension 'colcon_meta'
[0.255s] Level 1:colcon.colcon_core.package_identification:_identify(racecar-ros2/images) by extensions ['ros']
[0.255s] Level 1:colcon.colcon_core.package_identification:_identify(racecar-ros2/images) by extension 'ros'
[0.256s] Level 1:colcon.colcon_core.package_identification:_identify(racecar-ros2/images) by extensions ['cmake', 'python']
[0.256s] Level 1:colcon.colcon_core.package_identification:_identify(racecar-ros2/images) by extension 'cmake'
[0.256s] Level 1:colcon.colcon_core.package_identification:_identify(racecar-ros2/images) by extension 'python'
[0.256s] Level 1:colcon.colcon_core.package_identification:_identify(racecar-ros2/images) by extensions ['python_setup_py']
[0.256s] Level 1:colcon.colcon_core.package_identification:_identify(racecar-ros2/images) by extension 'python_setup_py'
[0.256s] Level 1:colcon.colcon_core.package_identification:_identify(racecar-ros2/racecar_arduino) by extensions ['ignore', 'ignore_ament_install']
[0.256s] Level 1:colcon.colcon_core.package_identification:_identify(racecar-ros2/racecar_arduino) by extension 'ignore'
[0.256s] Level 1:colcon.colcon_core.package_identification:_identify(racecar-ros2/racecar_arduino) by extension 'ignore_ament_install'
[0.256s] Level 1:colcon.colcon_core.package_identification:_identify(racecar-ros2/racecar_arduino) by extensions ['colcon_pkg']
[0.256s] Level 1:colcon.colcon_core.package_identification:_identify(racecar-ros2/racecar_arduino) by extension 'colcon_pkg'
[0.256s] Level 1:colcon.colcon_core.package_identification:_identify(racecar-ros2/racecar_arduino) by extensions ['colcon_meta']
[0.256s] Level 1:colcon.colcon_core.package_identification:_identify(racecar-ros2/racecar_arduino) by extension 'colcon_meta'
[0.256s] Level 1:colcon.colcon_core.package_identification:_identify(racecar-ros2/racecar_arduino) by extensions ['ros']
[0.256s] Level 1:colcon.colcon_core.package_identification:_identify(racecar-ros2/racecar_arduino) by extension 'ros'
[0.256s] Level 1:colcon.colcon_core.package_identification:_identify(racecar-ros2/racecar_arduino) by extensions ['cmake', 'python']
[0.256s] Level 1:colcon.colcon_core.package_identification:_identify(racecar-ros2/racecar_arduino) by extension 'cmake'
[0.256s] Level 1:colcon.colcon_core.package_identification:_identify(racecar-ros2/racecar_arduino) by extension 'python'
[0.256s] Level 1:colcon.colcon_core.package_identification:_identify(racecar-ros2/racecar_arduino) by extensions ['python_setup_py']
[0.256s] Level 1:colcon.colcon_core.package_identification:_identify(racecar-ros2/racecar_arduino) by extension 'python_setup_py'
[0.256s] Level 1:colcon.colcon_core.package_identification:_identify(racecar-ros2/racecar_arduino/Controller) by extensions ['ignore', 'ignore_ament_install']
[0.257s] Level 1:colcon.colcon_core.package_identification:_identify(racecar-ros2/racecar_arduino/Controller) by extension 'ignore'
[0.257s] Level 1:colcon.colcon_core.package_identification:_identify(racecar-ros2/racecar_arduino/Controller) by extension 'ignore_ament_install'
[0.257s] Level 1:colcon.colcon_core.package_identification:_identify(racecar-ros2/racecar_arduino/Controller) by extensions ['colcon_pkg']
[0.257s] Level 1:colcon.colcon_core.package_identification:_identify(racecar-ros2/racecar_arduino/Controller) by extension 'colcon_pkg'
[0.257s] Level 1:colcon.colcon_core.package_identification:_identify(racecar-ros2/racecar_arduino/Controller) by extensions ['colcon_meta']
[0.257s] Level 1:colcon.colcon_core.package_identification:_identify(racecar-ros2/racecar_arduino/Controller) by extension 'colcon_meta'
[0.257s] Level 1:colcon.colcon_core.package_identification:_identify(racecar-ros2/racecar_arduino/Controller) by extensions ['ros']
[0.257s] Level 1:colcon.colcon_core.package_identification:_identify(racecar-ros2/racecar_arduino/Controller) by extension 'ros'
[0.257s] Level 1:colcon.colcon_core.package_identification:_identify(racecar-ros2/racecar_arduino/Controller) by extensions ['cmake', 'python']
[0.257s] Level 1:colcon.colcon_core.package_identification:_identify(racecar-ros2/racecar_arduino/Controller) by extension 'cmake'
[0.257s] Level 1:colcon.colcon_core.package_identification:_identify(racecar-ros2/racecar_arduino/Controller) by extension 'python'
[0.257s] Level 1:colcon.colcon_core.package_identification:_identify(racecar-ros2/racecar_arduino/Controller) by extensions ['python_setup_py']
[0.257s] Level 1:colcon.colcon_core.package_identification:_identify(racecar-ros2/racecar_arduino/Controller) by extension 'python_setup_py'
[0.257s] Level 1:colcon.colcon_core.package_identification:_identify(racecar-ros2/racecar_arduino/Controller/include) by extensions ['ignore', 'ignore_ament_install']
[0.257s] Level 1:colcon.colcon_core.package_identification:_identify(racecar-ros2/racecar_arduino/Controller/include) by extension 'ignore'
[0.257s] Level 1:colcon.colcon_core.package_identification:_identify(racecar-ros2/racecar_arduino/Controller/include) by extension 'ignore_ament_install'
[0.257s] Level 1:colcon.colcon_core.package_identification:_identify(racecar-ros2/racecar_arduino/Controller/include) by extensions ['colcon_pkg']
[0.257s] Level 1:colcon.colcon_core.package_identification:_identify(racecar-ros2/racecar_arduino/Controller/include) by extension 'colcon_pkg'
[0.258s] Level 1:colcon.colcon_core.package_identification:_identify(racecar-ros2/racecar_arduino/Controller/include) by extensions ['colcon_meta']
[0.258s] Level 1:colcon.colcon_core.package_identification:_identify(racecar-ros2/racecar_arduino/Controller/include) by extension 'colcon_meta'
[0.258s] Level 1:colcon.colcon_core.package_identification:_identify(racecar-ros2/racecar_arduino/Controller/include) by extensions ['ros']
[0.258s] Level 1:colcon.colcon_core.package_identification:_identify(racecar-ros2/racecar_arduino/Controller/include) by extension 'ros'
[0.258s] Level 1:colcon.colcon_core.package_identification:_identify(racecar-ros2/racecar_arduino/Controller/include) by extensions ['cmake', 'python']
[0.258s] Level 1:colcon.colcon_core.package_identification:_identify(racecar-ros2/racecar_arduino/Controller/include) by extension 'cmake'
[0.258s] Level 1:colcon.colcon_core.package_identification:_identify(racecar-ros2/racecar_arduino/Controller/include) by extension 'python'
[0.258s] Level 1:colcon.colcon_core.package_identification:_identify(racecar-ros2/racecar_arduino/Controller/include) by extensions ['python_setup_py']
[0.258s] Level 1:colcon.colcon_core.package_identification:_identify(racecar-ros2/racecar_arduino/Controller/include) by extension 'python_setup_py'
[0.258s] Level 1:colcon.colcon_core.package_identification:_identify(racecar-ros2/racecar_arduino/Controller/src) by extensions ['ignore', 'ignore_ament_install']
[0.258s] Level 1:colcon.colcon_core.package_identification:_identify(racecar-ros2/racecar_arduino/Controller/src) by extension 'ignore'
[0.258s] Level 1:colcon.colcon_core.package_identification:_identify(racecar-ros2/racecar_arduino/Controller/src) by extension 'ignore_ament_install'
[0.258s] Level 1:colcon.colcon_core.package_identification:_identify(racecar-ros2/racecar_arduino/Controller/src) by extensions ['colcon_pkg']
[0.258s] Level 1:colcon.colcon_core.package_identification:_identify(racecar-ros2/racecar_arduino/Controller/src) by extension 'colcon_pkg'
[0.258s] Level 1:colcon.colcon_core.package_identification:_identify(racecar-ros2/racecar_arduino/Controller/src) by extensions ['colcon_meta']
[0.258s] Level 1:colcon.colcon_core.package_identification:_identify(racecar-ros2/racecar_arduino/Controller/src) by extension 'colcon_meta'
[0.258s] Level 1:colcon.colcon_core.package_identification:_identify(racecar-ros2/racecar_arduino/Controller/src) by extensions ['ros']
[0.258s] Level 1:colcon.colcon_core.package_identification:_identify(racecar-ros2/racecar_arduino/Controller/src) by extension 'ros'
[0.259s] Level 1:colcon.colcon_core.package_identification:_identify(racecar-ros2/racecar_arduino/Controller/src) by extensions ['cmake', 'python']
[0.259s] Level 1:colcon.colcon_core.package_identification:_identify(racecar-ros2/racecar_arduino/Controller/src) by extension 'cmake'
[0.259s] Level 1:colcon.colcon_core.package_identification:_identify(racecar-ros2/racecar_arduino/Controller/src) by extension 'python'
[0.259s] Level 1:colcon.colcon_core.package_identification:_identify(racecar-ros2/racecar_arduino/Controller/src) by extensions ['python_setup_py']
[0.259s] Level 1:colcon.colcon_core.package_identification:_identify(racecar-ros2/racecar_arduino/Controller/src) by extension 'python_setup_py'
[0.259s] Level 1:colcon.colcon_core.package_identification:_identify(racecar-ros2/racecar_autopilot) by extensions ['ignore', 'ignore_ament_install']
[0.259s] Level 1:colcon.colcon_core.package_identification:_identify(racecar-ros2/racecar_autopilot) by extension 'ignore'
[0.259s] Level 1:colcon.colcon_core.package_identification:_identify(racecar-ros2/racecar_autopilot) by extension 'ignore_ament_install'
[0.259s] Level 1:colcon.colcon_core.package_identification:_identify(racecar-ros2/racecar_autopilot) by extensions ['colcon_pkg']
[0.259s] Level 1:colcon.colcon_core.package_identification:_identify(racecar-ros2/racecar_autopilot) by extension 'colcon_pkg'
[0.259s] Level 1:colcon.colcon_core.package_identification:_identify(racecar-ros2/racecar_autopilot) by extensions ['colcon_meta']
[0.259s] Level 1:colcon.colcon_core.package_identification:_identify(racecar-ros2/racecar_autopilot) by extension 'colcon_meta'
[0.259s] Level 1:colcon.colcon_core.package_identification:_identify(racecar-ros2/racecar_autopilot) by extensions ['ros']
[0.259s] Level 1:colcon.colcon_core.package_identification:_identify(racecar-ros2/racecar_autopilot) by extension 'ros'
[0.263s] DEBUG:colcon.colcon_core.package_identification:Package 'racecar-ros2/racecar_autopilot' with type 'ros.ament_python' and name 'racecar_autopilot'
[0.263s] Level 1:colcon.colcon_core.package_identification:_identify(racecar-ros2/racecar_beacon) by extensions ['ignore', 'ignore_ament_install']
[0.263s] Level 1:colcon.colcon_core.package_identification:_identify(racecar-ros2/racecar_beacon) by extension 'ignore'
[0.263s] Level 1:colcon.colcon_core.package_identification:_identify(racecar-ros2/racecar_beacon) by extension 'ignore_ament_install'
[0.263s] Level 1:colcon.colcon_core.package_identification:_identify(racecar-ros2/racecar_beacon) by extensions ['colcon_pkg']
[0.263s] Level 1:colcon.colcon_core.package_identification:_identify(racecar-ros2/racecar_beacon) by extension 'colcon_pkg'
[0.264s] Level 1:colcon.colcon_core.package_identification:_identify(racecar-ros2/racecar_beacon) by extensions ['colcon_meta']
[0.264s] Level 1:colcon.colcon_core.package_identification:_identify(racecar-ros2/racecar_beacon) by extension 'colcon_meta'
[0.264s] Level 1:colcon.colcon_core.package_identification:_identify(racecar-ros2/racecar_beacon) by extensions ['ros']
[0.264s] Level 1:colcon.colcon_core.package_identification:_identify(racecar-ros2/racecar_beacon) by extension 'ros'
[0.265s] DEBUG:colcon.colcon_core.package_identification:Package 'racecar-ros2/racecar_beacon' with type 'ros.ament_python' and name 'racecar_beacon'
[0.265s] Level 1:colcon.colcon_core.package_identification:_identify(racecar-ros2/racecar_behaviors) by extensions ['ignore', 'ignore_ament_install']
[0.265s] Level 1:colcon.colcon_core.package_identification:_identify(racecar-ros2/racecar_behaviors) by extension 'ignore'
[0.265s] Level 1:colcon.colcon_core.package_identification:_identify(racecar-ros2/racecar_behaviors) by extension 'ignore_ament_install'
[0.265s] Level 1:colcon.colcon_core.package_identification:_identify(racecar-ros2/racecar_behaviors) by extensions ['colcon_pkg']
[0.265s] Level 1:colcon.colcon_core.package_identification:_identify(racecar-ros2/racecar_behaviors) by extension 'colcon_pkg'
[0.265s] Level 1:colcon.colcon_core.package_identification:_identify(racecar-ros2/racecar_behaviors) by extensions ['colcon_meta']
[0.265s] Level 1:colcon.colcon_core.package_identification:_identify(racecar-ros2/racecar_behaviors) by extension 'colcon_meta'
[0.265s] Level 1:colcon.colcon_core.package_identification:_identify(racecar-ros2/racecar_behaviors) by extensions ['ros']
[0.265s] Level 1:colcon.colcon_core.package_identification:_identify(racecar-ros2/racecar_behaviors) by extension 'ros'
[0.266s] DEBUG:colcon.colcon_core.package_identification:Package 'racecar-ros2/racecar_behaviors' with type 'ros.ament_python' and name 'racecar_behaviors'
[0.267s] Level 1:colcon.colcon_core.package_identification:_identify(racecar-ros2/racecar_bringup) by extensions ['ignore', 'ignore_ament_install']
[0.267s] Level 1:colcon.colcon_core.package_identification:_identify(racecar-ros2/racecar_bringup) by extension 'ignore'
[0.267s] Level 1:colcon.colcon_core.package_identification:_identify(racecar-ros2/racecar_bringup) by extension 'ignore_ament_install'
[0.267s] Level 1:colcon.colcon_core.package_identification:_identify(racecar-ros2/racecar_bringup) by extensions ['colcon_pkg']
[0.267s] Level 1:colcon.colcon_core.package_identification:_identify(racecar-ros2/racecar_bringup) by extension 'colcon_pkg'
[0.267s] Level 1:colcon.colcon_core.package_identification:_identify(racecar-ros2/racecar_bringup) by extensions ['colcon_meta']
[0.267s] Level 1:colcon.colcon_core.package_identification:_identify(racecar-ros2/racecar_bringup) by extension 'colcon_meta'
[0.267s] Level 1:colcon.colcon_core.package_identification:_identify(racecar-ros2/racecar_bringup) by extensions ['ros']
[0.267s] Level 1:colcon.colcon_core.package_identification:_identify(racecar-ros2/racecar_bringup) by extension 'ros'
[0.268s] DEBUG:colcon.colcon_core.package_identification:Package 'racecar-ros2/racecar_bringup' with type 'ros.ament_python' and name 'racecar_bringup'
[0.268s] Level 1:colcon.colcon_core.package_identification:_identify(racecar-ros2/racecar_description) by extensions ['ignore', 'ignore_ament_install']
[0.268s] Level 1:colcon.colcon_core.package_identification:_identify(racecar-ros2/racecar_description) by extension 'ignore'
[0.268s] Level 1:colcon.colcon_core.package_identification:_identify(racecar-ros2/racecar_description) by extension 'ignore_ament_install'
[0.268s] Level 1:colcon.colcon_core.package_identification:_identify(racecar-ros2/racecar_description) by extensions ['colcon_pkg']
[0.268s] Level 1:colcon.colcon_core.package_identification:_identify(racecar-ros2/racecar_description) by extension 'colcon_pkg'
[0.268s] Level 1:colcon.colcon_core.package_identification:_identify(racecar-ros2/racecar_description) by extensions ['colcon_meta']
[0.268s] Level 1:colcon.colcon_core.package_identification:_identify(racecar-ros2/racecar_description) by extension 'colcon_meta'
[0.268s] Level 1:colcon.colcon_core.package_identification:_identify(racecar-ros2/racecar_description) by extensions ['ros']
[0.268s] Level 1:colcon.colcon_core.package_identification:_identify(racecar-ros2/racecar_description) by extension 'ros'
[0.269s] DEBUG:colcon.colcon_core.package_identification:Package 'racecar-ros2/racecar_description' with type 'ros.ament_python' and name 'racecar_description'
[0.269s] Level 1:colcon.colcon_core.package_identification:_identify(racecar-ros2/racecar_gazebo) by extensions ['ignore', 'ignore_ament_install']
[0.269s] Level 1:colcon.colcon_core.package_identification:_identify(racecar-ros2/racecar_gazebo) by extension 'ignore'
[0.269s] Level 1:colcon.colcon_core.package_identification:_identify(racecar-ros2/racecar_gazebo) by extension 'ignore_ament_install'
[0.269s] Level 1:colcon.colcon_core.package_identification:_identify(racecar-ros2/racecar_gazebo) by extensions ['colcon_pkg']
[0.269s] Level 1:colcon.colcon_core.package_identification:_identify(racecar-ros2/racecar_gazebo) by extension 'colcon_pkg'
[0.269s] Level 1:colcon.colcon_core.package_identification:_identify(racecar-ros2/racecar_gazebo) by extensions ['colcon_meta']
[0.269s] Level 1:colcon.colcon_core.package_identification:_identify(racecar-ros2/racecar_gazebo) by extension 'colcon_meta'
[0.269s] Level 1:colcon.colcon_core.package_identification:_identify(racecar-ros2/racecar_gazebo) by extensions ['ros']
[0.269s] Level 1:colcon.colcon_core.package_identification:_identify(racecar-ros2/racecar_gazebo) by extension 'ros'
[0.270s] DEBUG:colcon.colcon_core.package_identification:Package 'racecar-ros2/racecar_gazebo' with type 'ros.ament_python' and name 'racecar_gazebo'
[0.270s] Level 1:colcon.colcon_core.package_identification:_identify(racecar-ros2/racecar_navigation) by extensions ['ignore', 'ignore_ament_install']
[0.270s] Level 1:colcon.colcon_core.package_identification:_identify(racecar-ros2/racecar_navigation) by extension 'ignore'
[0.270s] Level 1:colcon.colcon_core.package_identification:_identify(racecar-ros2/racecar_navigation) by extension 'ignore_ament_install'
[0.271s] Level 1:colcon.colcon_core.package_identification:_identify(racecar-ros2/racecar_navigation) by extensions ['colcon_pkg']
[0.271s] Level 1:colcon.colcon_core.package_identification:_identify(racecar-ros2/racecar_navigation) by extension 'colcon_pkg'
[0.271s] Level 1:colcon.colcon_core.package_identification:_identify(racecar-ros2/racecar_navigation) by extensions ['colcon_meta']
[0.271s] Level 1:colcon.colcon_core.package_identification:_identify(racecar-ros2/racecar_navigation) by extension 'colcon_meta'
[0.271s] Level 1:colcon.colcon_core.package_identification:_identify(racecar-ros2/racecar_navigation) by extensions ['ros']
[0.271s] Level 1:colcon.colcon_core.package_identification:_identify(racecar-ros2/racecar_navigation) by extension 'ros'
[0.272s] DEBUG:colcon.colcon_core.package_identification:Package 'racecar-ros2/racecar_navigation' with type 'ros.ament_python' and name 'racecar_navigation'
[0.272s] Level 1:colcon.colcon_core.package_identification:_identify(racecar-ros2/racecar_serial) by extensions ['ignore', 'ignore_ament_install']
[0.272s] Level 1:colcon.colcon_core.package_identification:_identify(racecar-ros2/racecar_serial) by extension 'ignore'
[0.272s] Level 1:colcon.colcon_core.package_identification:_identify(racecar-ros2/racecar_serial) by extension 'ignore_ament_install'
[0.272s] Level 1:colcon.colcon_core.package_identification:_identify(racecar-ros2/racecar_serial) by extensions ['colcon_pkg']
[0.272s] Level 1:colcon.colcon_core.package_identification:_identify(racecar-ros2/racecar_serial) by extension 'colcon_pkg'
[0.272s] Level 1:colcon.colcon_core.package_identification:_identify(racecar-ros2/racecar_serial) by extensions ['colcon_meta']
[0.272s] Level 1:colcon.colcon_core.package_identification:_identify(racecar-ros2/racecar_serial) by extension 'colcon_meta'
[0.272s] Level 1:colcon.colcon_core.package_identification:_identify(racecar-ros2/racecar_serial) by extensions ['ros']
[0.272s] Level 1:colcon.colcon_core.package_identification:_identify(racecar-ros2/racecar_serial) by extension 'ros'
[0.272s] Level 1:colcon.colcon_core.package_identification:_identify(racecar-ros2/racecar_serial) by extensions ['cmake', 'python']
[0.272s] Level 1:colcon.colcon_core.package_identification:_identify(racecar-ros2/racecar_serial) by extension 'cmake'
[0.272s] Level 1:colcon.colcon_core.package_identification:_identify(racecar-ros2/racecar_serial) by extension 'python'
[0.272s] Level 1:colcon.colcon_core.package_identification:_identify(racecar-ros2/racecar_serial) by extensions ['python_setup_py']
[0.272s] Level 1:colcon.colcon_core.package_identification:_identify(racecar-ros2/racecar_serial) by extension 'python_setup_py'
[0.272s] Level 1:colcon.colcon_core.package_identification:_identify(racecar-ros2/racecar_serial/libserial) by extensions ['ignore', 'ignore_ament_install']
[0.272s] Level 1:colcon.colcon_core.package_identification:_identify(racecar-ros2/racecar_serial/libserial) by extension 'ignore'
[0.273s] Level 1:colcon.colcon_core.package_identification:_identify(racecar-ros2/racecar_serial/libserial) by extension 'ignore_ament_install'
[0.273s] Level 1:colcon.colcon_core.package_identification:_identify(racecar-ros2/racecar_serial/libserial) by extensions ['colcon_pkg']
[0.273s] Level 1:colcon.colcon_core.package_identification:_identify(racecar-ros2/racecar_serial/libserial) by extension 'colcon_pkg'
[0.273s] Level 1:colcon.colcon_core.package_identification:_identify(racecar-ros2/racecar_serial/libserial) by extensions ['colcon_meta']
[0.273s] Level 1:colcon.colcon_core.package_identification:_identify(racecar-ros2/racecar_serial/libserial) by extension 'colcon_meta'
[0.273s] Level 1:colcon.colcon_core.package_identification:_identify(racecar-ros2/racecar_serial/libserial) by extensions ['ros']
[0.273s] Level 1:colcon.colcon_core.package_identification:_identify(racecar-ros2/racecar_serial/libserial) by extension 'ros'
[0.273s] DEBUG:colcon.colcon_core.package_identification:Package 'racecar-ros2/racecar_serial/libserial' with type 'ros.ament_cmake' and name 'serial'
[0.274s] Level 1:colcon.colcon_core.package_identification:_identify(racecar-ros2/racecar_serial/pb2roscpp) by extensions ['ignore', 'ignore_ament_install']
[0.274s] Level 1:colcon.colcon_core.package_identification:_identify(racecar-ros2/racecar_serial/pb2roscpp) by extension 'ignore'
[0.274s] Level 1:colcon.colcon_core.package_identification:_identify(racecar-ros2/racecar_serial/pb2roscpp) by extension 'ignore_ament_install'
[0.274s] Level 1:colcon.colcon_core.package_identification:_identify(racecar-ros2/racecar_serial/pb2roscpp) by extensions ['colcon_pkg']
[0.274s] Level 1:colcon.colcon_core.package_identification:_identify(racecar-ros2/racecar_serial/pb2roscpp) by extension 'colcon_pkg'
[0.274s] Level 1:colcon.colcon_core.package_identification:_identify(racecar-ros2/racecar_serial/pb2roscpp) by extensions ['colcon_meta']
[0.274s] Level 1:colcon.colcon_core.package_identification:_identify(racecar-ros2/racecar_serial/pb2roscpp) by extension 'colcon_meta'
[0.274s] Level 1:colcon.colcon_core.package_identification:_identify(racecar-ros2/racecar_serial/pb2roscpp) by extensions ['ros']
[0.274s] Level 1:colcon.colcon_core.package_identification:_identify(racecar-ros2/racecar_serial/pb2roscpp) by extension 'ros'
[0.275s] DEBUG:colcon.colcon_core.package_identification:Package 'racecar-ros2/racecar_serial/pb2roscpp' with type 'ros.ament_cmake' and name 'pb2roscpp'
[0.275s] Level 1:colcon.colcon_core.package_identification:_identify(racecar-ros2/racecar_teleop) by extensions ['ignore', 'ignore_ament_install']
[0.275s] Level 1:colcon.colcon_core.package_identification:_identify(racecar-ros2/racecar_teleop) by extension 'ignore'
[0.275s] Level 1:colcon.colcon_core.package_identification:_identify(racecar-ros2/racecar_teleop) by extension 'ignore_ament_install'
[0.275s] Level 1:colcon.colcon_core.package_identification:_identify(racecar-ros2/racecar_teleop) by extensions ['colcon_pkg']
[0.275s] Level 1:colcon.colcon_core.package_identification:_identify(racecar-ros2/racecar_teleop) by extension 'colcon_pkg'
[0.275s] Level 1:colcon.colcon_core.package_identification:_identify(racecar-ros2/racecar_teleop) by extensions ['colcon_meta']
[0.275s] Level 1:colcon.colcon_core.package_identification:_identify(racecar-ros2/racecar_teleop) by extension 'colcon_meta'
[0.275s] Level 1:colcon.colcon_core.package_identification:_identify(racecar-ros2/racecar_teleop) by extensions ['ros']
[0.275s] Level 1:colcon.colcon_core.package_identification:_identify(racecar-ros2/racecar_teleop) by extension 'ros'
[0.275s] DEBUG:colcon.colcon_core.package_identification:Package 'racecar-ros2/racecar_teleop' with type 'ros.ament_python' and name 'racecar_teleop'
[0.276s] Level 1:colcon.colcon_core.package_identification:_identify(racecar-ros2/racecar_web_interface) by extensions ['ignore', 'ignore_ament_install']
[0.276s] Level 1:colcon.colcon_core.package_identification:_identify(racecar-ros2/racecar_web_interface) by extension 'ignore'
[0.276s] Level 1:colcon.colcon_core.package_identification:_identify(racecar-ros2/racecar_web_interface) by extension 'ignore_ament_install'
[0.276s] Level 1:colcon.colcon_core.package_identification:_identify(racecar-ros2/racecar_web_interface) by extensions ['colcon_pkg']
[0.276s] Level 1:colcon.colcon_core.package_identification:_identify(racecar-ros2/racecar_web_interface) by extension 'colcon_pkg'
[0.276s] Level 1:colcon.colcon_core.package_identification:_identify(racecar-ros2/racecar_web_interface) by extensions ['colcon_meta']
[0.276s] Level 1:colcon.colcon_core.package_identification:_identify(racecar-ros2/racecar_web_interface) by extension 'colcon_meta'
[0.276s] Level 1:colcon.colcon_core.package_identification:_identify(racecar-ros2/racecar_web_interface) by extensions ['ros']
[0.276s] Level 1:colcon.colcon_core.package_identification:_identify(racecar-ros2/racecar_web_interface) by extension 'ros'
[0.276s] Level 1:colcon.colcon_core.package_identification:_identify(racecar-ros2/racecar_web_interface) by extensions ['cmake', 'python']
[0.276s] Level 1:colcon.colcon_core.package_identification:_identify(racecar-ros2/racecar_web_interface) by extension 'cmake'
[0.276s] Level 1:colcon.colcon_core.package_identification:_identify(racecar-ros2/racecar_web_interface) by extension 'python'
[0.276s] Level 1:colcon.colcon_core.package_identification:_identify(racecar-ros2/racecar_web_interface) by extensions ['python_setup_py']
[0.276s] Level 1:colcon.colcon_core.package_identification:_identify(racecar-ros2/racecar_web_interface) by extension 'python_setup_py'
[0.276s] Level 1:colcon.colcon_core.package_identification:_identify(racecar-ros2/racecar_web_interface/css) by extensions ['ignore', 'ignore_ament_install']
[0.276s] Level 1:colcon.colcon_core.package_identification:_identify(racecar-ros2/racecar_web_interface/css) by extension 'ignore'
[0.276s] Level 1:colcon.colcon_core.package_identification:_identify(racecar-ros2/racecar_web_interface/css) by extension 'ignore_ament_install'
[0.276s] Level 1:colcon.colcon_core.package_identification:_identify(racecar-ros2/racecar_web_interface/css) by extensions ['colcon_pkg']
[0.277s] Level 1:colcon.colcon_core.package_identification:_identify(racecar-ros2/racecar_web_interface/css) by extension 'colcon_pkg'
[0.277s] Level 1:colcon.colcon_core.package_identification:_identify(racecar-ros2/racecar_web_interface/css) by extensions ['colcon_meta']
[0.277s] Level 1:colcon.colcon_core.package_identification:_identify(racecar-ros2/racecar_web_interface/css) by extension 'colcon_meta'
[0.277s] Level 1:colcon.colcon_core.package_identification:_identify(racecar-ros2/racecar_web_interface/css) by extensions ['ros']
[0.277s] Level 1:colcon.colcon_core.package_identification:_identify(racecar-ros2/racecar_web_interface/css) by extension 'ros'
[0.277s] Level 1:colcon.colcon_core.package_identification:_identify(racecar-ros2/racecar_web_interface/css) by extensions ['cmake', 'python']
[0.277s] Level 1:colcon.colcon_core.package_identification:_identify(racecar-ros2/racecar_web_interface/css) by extension 'cmake'
[0.277s] Level 1:colcon.colcon_core.package_identification:_identify(racecar-ros2/racecar_web_interface/css) by extension 'python'
[0.277s] Level 1:colcon.colcon_core.package_identification:_identify(racecar-ros2/racecar_web_interface/css) by extensions ['python_setup_py']
[0.277s] Level 1:colcon.colcon_core.package_identification:_identify(racecar-ros2/racecar_web_interface/css) by extension 'python_setup_py'
[0.277s] Level 1:colcon.colcon_core.package_identification:_identify(racecar-ros2/racecar_web_interface/js) by extensions ['ignore', 'ignore_ament_install']
[0.277s] Level 1:colcon.colcon_core.package_identification:_identify(racecar-ros2/racecar_web_interface/js) by extension 'ignore'
[0.277s] Level 1:colcon.colcon_core.package_identification:_identify(racecar-ros2/racecar_web_interface/js) by extension 'ignore_ament_install'
[0.277s] Level 1:colcon.colcon_core.package_identification:_identify(racecar-ros2/racecar_web_interface/js) by extensions ['colcon_pkg']
[0.277s] Level 1:colcon.colcon_core.package_identification:_identify(racecar-ros2/racecar_web_interface/js) by extension 'colcon_pkg'
[0.277s] Level 1:colcon.colcon_core.package_identification:_identify(racecar-ros2/racecar_web_interface/js) by extensions ['colcon_meta']
[0.277s] Level 1:colcon.colcon_core.package_identification:_identify(racecar-ros2/racecar_web_interface/js) by extension 'colcon_meta'
[0.277s] Level 1:colcon.colcon_core.package_identification:_identify(racecar-ros2/racecar_web_interface/js) by extensions ['ros']
[0.277s] Level 1:colcon.colcon_core.package_identification:_identify(racecar-ros2/racecar_web_interface/js) by extension 'ros'
[0.277s] Level 1:colcon.colcon_core.package_identification:_identify(racecar-ros2/racecar_web_interface/js) by extensions ['cmake', 'python']
[0.277s] Level 1:colcon.colcon_core.package_identification:_identify(racecar-ros2/racecar_web_interface/js) by extension 'cmake'
[0.278s] Level 1:colcon.colcon_core.package_identification:_identify(racecar-ros2/racecar_web_interface/js) by extension 'python'
[0.278s] Level 1:colcon.colcon_core.package_identification:_identify(racecar-ros2/racecar_web_interface/js) by extensions ['python_setup_py']
[0.278s] Level 1:colcon.colcon_core.package_identification:_identify(racecar-ros2/racecar_web_interface/js) by extension 'python_setup_py'
[0.278s] Level 1:colcon.colcon_core.package_discovery:discover_packages(recursive) using defaults
[0.278s] Level 1:colcon.colcon_core.package_discovery:discover_packages(ignore) discover
[0.278s] Level 1:colcon.colcon_core.package_discovery:discover_packages(ignore) using defaults
[0.278s] Level 1:colcon.colcon_core.package_discovery:discover_packages(path) discover
[0.278s] Level 1:colcon.colcon_core.package_discovery:discover_packages(path) using defaults
[0.306s] Level 5:colcon.colcon_core.verb:set package 'racecar_autopilot' build argument 'cmake_args' from command line to 'None'
[0.306s] Level 5:colcon.colcon_core.verb:set package 'racecar_autopilot' build argument 'cmake_target' from command line to 'None'
[0.306s] Level 5:colcon.colcon_core.verb:set package 'racecar_autopilot' build argument 'cmake_target_skip_unavailable' from command line to 'False'
[0.306s] Level 5:colcon.colcon_core.verb:set package 'racecar_autopilot' build argument 'cmake_clean_cache' from command line to 'False'
[0.306s] Level 5:colcon.colcon_core.verb:set package 'racecar_autopilot' build argument 'cmake_clean_first' from command line to 'False'
[0.306s] Level 5:colcon.colcon_core.verb:set package 'racecar_autopilot' build argument 'cmake_force_configure' from command line to 'False'
[0.306s] Level 5:colcon.colcon_core.verb:set package 'racecar_autopilot' build argument 'ament_cmake_args' from command line to 'None'
[0.306s] Level 5:colcon.colcon_core.verb:set package 'racecar_autopilot' build argument 'catkin_cmake_args' from command line to 'None'
[0.306s] Level 5:colcon.colcon_core.verb:set package 'racecar_autopilot' build argument 'catkin_skip_building_tests' from command line to 'False'
[0.307s] DEBUG:colcon.colcon_core.verb:Building package 'racecar_autopilot' with the following arguments: {'ament_cmake_args': None, 'build_base': '/home/racecar/ros2_ws/src/Team10_GROS5/build/racecar_autopilot', 'catkin_cmake_args': None, 'catkin_skip_building_tests': False, 'cmake_args': None, 'cmake_clean_cache': False, 'cmake_clean_first': False, 'cmake_force_configure': False, 'cmake_target': None, 'cmake_target_skip_unavailable': False, 'install_base': '/home/racecar/ros2_ws/src/Team10_GROS5/install/racecar_autopilot', 'merge_install': False, 'path': '/home/racecar/ros2_ws/src/Team10_GROS5/racecar-ros2/racecar_autopilot', 'symlink_install': False, 'test_result_base': None}
[0.307s] Level 5:colcon.colcon_core.verb:set package 'racecar_beacon' build argument 'cmake_args' from command line to 'None'
[0.307s] Level 5:colcon.colcon_core.verb:set package 'racecar_beacon' build argument 'cmake_target' from command line to 'None'
[0.307s] Level 5:colcon.colcon_core.verb:set package 'racecar_beacon' build argument 'cmake_target_skip_unavailable' from command line to 'False'
[0.307s] Level 5:colcon.colcon_core.verb:set package 'racecar_beacon' build argument 'cmake_clean_cache' from command line to 'False'
[0.307s] Level 5:colcon.colcon_core.verb:set package 'racecar_beacon' build argument 'cmake_clean_first' from command line to 'False'
[0.307s] Level 5:colcon.colcon_core.verb:set package 'racecar_beacon' build argument 'cmake_force_configure' from command line to 'False'
[0.307s] Level 5:colcon.colcon_core.verb:set package 'racecar_beacon' build argument 'ament_cmake_args' from command line to 'None'
[0.307s] Level 5:colcon.colcon_core.verb:set package 'racecar_beacon' build argument 'catkin_cmake_args' from command line to 'None'
[0.307s] Level 5:colcon.colcon_core.verb:set package 'racecar_beacon' build argument 'catkin_skip_building_tests' from command line to 'False'
[0.307s] DEBUG:colcon.colcon_core.verb:Building package 'racecar_beacon' with the following arguments: {'ament_cmake_args': None, 'build_base': '/home/racecar/ros2_ws/src/Team10_GROS5/build/racecar_beacon', 'catkin_cmake_args': None, 'catkin_skip_building_tests': False, 'cmake_args': None, 'cmake_clean_cache': False, 'cmake_clean_first': False, 'cmake_force_configure': False, 'cmake_target': None, 'cmake_target_skip_unavailable': False, 'install_base': '/home/racecar/ros2_ws/src/Team10_GROS5/install/racecar_beacon', 'merge_install': False, 'path': '/home/racecar/ros2_ws/src/Team10_GROS5/racecar-ros2/racecar_beacon', 'symlink_install': False, 'test_result_base': None}
[0.307s] Level 5:colcon.colcon_core.verb:set package 'racecar_behaviors' build argument 'cmake_args' from command line to 'None'
[0.307s] Level 5:colcon.colcon_core.verb:set package 'racecar_behaviors' build argument 'cmake_target' from command line to 'None'
[0.307s] Level 5:colcon.colcon_core.verb:set package 'racecar_behaviors' build argument 'cmake_target_skip_unavailable' from command line to 'False'
[0.308s] Level 5:colcon.colcon_core.verb:set package 'racecar_behaviors' build argument 'cmake_clean_cache' from command line to 'False'
[0.308s] Level 5:colcon.colcon_core.verb:set package 'racecar_behaviors' build argument 'cmake_clean_first' from command line to 'False'
[0.308s] Level 5:colcon.colcon_core.verb:set package 'racecar_behaviors' build argument 'cmake_force_configure' from command line to 'False'
[0.308s] Level 5:colcon.colcon_core.verb:set package 'racecar_behaviors' build argument 'ament_cmake_args' from command line to 'None'
[0.308s] Level 5:colcon.colcon_core.verb:set package 'racecar_behaviors' build argument 'catkin_cmake_args' from command line to 'None'
[0.308s] Level 5:colcon.colcon_core.verb:set package 'racecar_behaviors' build argument 'catkin_skip_building_tests' from command line to 'False'
[0.308s] DEBUG:colcon.colcon_core.verb:Building package 'racecar_behaviors' with the following arguments: {'ament_cmake_args': None, 'build_base': '/home/racecar/ros2_ws/src/Team10_GROS5/build/racecar_behaviors', 'catkin_cmake_args': None, 'catkin_skip_building_tests': False, 'cmake_args': None, 'cmake_clean_cache': False, 'cmake_clean_first': False, 'cmake_force_configure': False, 'cmake_target': None, 'cmake_target_skip_unavailable': False, 'install_base': '/home/racecar/ros2_ws/src/Team10_GROS5/install/racecar_behaviors', 'merge_install': False, 'path': '/home/racecar/ros2_ws/src/Team10_GROS5/racecar-ros2/racecar_behaviors', 'symlink_install': False, 'test_result_base': None}
[0.308s] Level 5:colcon.colcon_core.verb:set package 'racecar_bringup' build argument 'cmake_args' from command line to 'None'
[0.308s] Level 5:colcon.colcon_core.verb:set package 'racecar_bringup' build argument 'cmake_target' from command line to 'None'
[0.308s] Level 5:colcon.colcon_core.verb:set package 'racecar_bringup' build argument 'cmake_target_skip_unavailable' from command line to 'False'
[0.308s] Level 5:colcon.colcon_core.verb:set package 'racecar_bringup' build argument 'cmake_clean_cache' from command line to 'False'
[0.308s] Level 5:colcon.colcon_core.verb:set package 'racecar_bringup' build argument 'cmake_clean_first' from command line to 'False'
[0.308s] Level 5:colcon.colcon_core.verb:set package 'racecar_bringup' build argument 'cmake_force_configure' from command line to 'False'
[0.308s] Level 5:colcon.colcon_core.verb:set package 'racecar_bringup' build argument 'ament_cmake_args' from command line to 'None'
[0.308s] Level 5:colcon.colcon_core.verb:set package 'racecar_bringup' build argument 'catkin_cmake_args' from command line to 'None'
[0.308s] Level 5:colcon.colcon_core.verb:set package 'racecar_bringup' build argument 'catkin_skip_building_tests' from command line to 'False'
[0.308s] DEBUG:colcon.colcon_core.verb:Building package 'racecar_bringup' with the following arguments: {'ament_cmake_args': None, 'build_base': '/home/racecar/ros2_ws/src/Team10_GROS5/build/racecar_bringup', 'catkin_cmake_args': None, 'catkin_skip_building_tests': False, 'cmake_args': None, 'cmake_clean_cache': False, 'cmake_clean_first': False, 'cmake_force_configure': False, 'cmake_target': None, 'cmake_target_skip_unavailable': False, 'install_base': '/home/racecar/ros2_ws/src/Team10_GROS5/install/racecar_bringup', 'merge_install': False, 'path': '/home/racecar/ros2_ws/src/Team10_GROS5/racecar-ros2/racecar_bringup', 'symlink_install': False, 'test_result_base': None}
[0.308s] Level 5:colcon.colcon_core.verb:set package 'racecar_description' build argument 'cmake_args' from command line to 'None'
[0.309s] Level 5:colcon.colcon_core.verb:set package 'racecar_description' build argument 'cmake_target' from command line to 'None'
[0.309s] Level 5:colcon.colcon_core.verb:set package 'racecar_description' build argument 'cmake_target_skip_unavailable' from command line to 'False'
[0.309s] Level 5:colcon.colcon_core.verb:set package 'racecar_description' build argument 'cmake_clean_cache' from command line to 'False'
[0.309s] Level 5:colcon.colcon_core.verb:set package 'racecar_description' build argument 'cmake_clean_first' from command line to 'False'
[0.309s] Level 5:colcon.colcon_core.verb:set package 'racecar_description' build argument 'cmake_force_configure' from command line to 'False'
[0.309s] Level 5:colcon.colcon_core.verb:set package 'racecar_description' build argument 'ament_cmake_args' from command line to 'None'
[0.309s] Level 5:colcon.colcon_core.verb:set package 'racecar_description' build argument 'catkin_cmake_args' from command line to 'None'
[0.309s] Level 5:colcon.colcon_core.verb:set package 'racecar_description' build argument 'catkin_skip_building_tests' from command line to 'False'
[0.309s] DEBUG:colcon.colcon_core.verb:Building package 'racecar_description' with the following arguments: {'ament_cmake_args': None, 'build_base': '/home/racecar/ros2_ws/src/Team10_GROS5/build/racecar_description', 'catkin_cmake_args': None, 'catkin_skip_building_tests': False, 'cmake_args': None, 'cmake_clean_cache': False, 'cmake_clean_first': False, 'cmake_force_configure': False, 'cmake_target': None, 'cmake_target_skip_unavailable': False, 'install_base': '/home/racecar/ros2_ws/src/Team10_GROS5/install/racecar_description', 'merge_install': False, 'path': '/home/racecar/ros2_ws/src/Team10_GROS5/racecar-ros2/racecar_description', 'symlink_install': False, 'test_result_base': None}
[0.309s] Level 5:colcon.colcon_core.verb:set package 'racecar_gazebo' build argument 'cmake_args' from command line to 'None'
[0.309s] Level 5:colcon.colcon_core.verb:set package 'racecar_gazebo' build argument 'cmake_target' from command line to 'None'
[0.309s] Level 5:colcon.colcon_core.verb:set package 'racecar_gazebo' build argument 'cmake_target_skip_unavailable' from command line to 'False'
[0.309s] Level 5:colcon.colcon_core.verb:set package 'racecar_gazebo' build argument 'cmake_clean_cache' from command line to 'False'
[0.309s] Level 5:colcon.colcon_core.verb:set package 'racecar_gazebo' build argument 'cmake_clean_first' from command line to 'False'
[0.309s] Level 5:colcon.colcon_core.verb:set package 'racecar_gazebo' build argument 'cmake_force_configure' from command line to 'False'
[0.309s] Level 5:colcon.colcon_core.verb:set package 'racecar_gazebo' build argument 'ament_cmake_args' from command line to 'None'
[0.309s] Level 5:colcon.colcon_core.verb:set package 'racecar_gazebo' build argument 'catkin_cmake_args' from command line to 'None'
[0.309s] Level 5:colcon.colcon_core.verb:set package 'racecar_gazebo' build argument 'catkin_skip_building_tests' from command line to 'False'
[0.309s] DEBUG:colcon.colcon_core.verb:Building package 'racecar_gazebo' with the following arguments: {'ament_cmake_args': None, 'build_base': '/home/racecar/ros2_ws/src/Team10_GROS5/build/racecar_gazebo', 'catkin_cmake_args': None, 'catkin_skip_building_tests': False, 'cmake_args': None, 'cmake_clean_cache': False, 'cmake_clean_first': False, 'cmake_force_configure': False, 'cmake_target': None, 'cmake_target_skip_unavailable': False, 'install_base': '/home/racecar/ros2_ws/src/Team10_GROS5/install/racecar_gazebo', 'merge_install': False, 'path': '/home/racecar/ros2_ws/src/Team10_GROS5/racecar-ros2/racecar_gazebo', 'symlink_install': False, 'test_result_base': None}
[0.309s] Level 5:colcon.colcon_core.verb:set package 'racecar_teleop' build argument 'cmake_args' from command line to 'None'
[0.310s] Level 5:colcon.colcon_core.verb:set package 'racecar_teleop' build argument 'cmake_target' from command line to 'None'
[0.310s] Level 5:colcon.colcon_core.verb:set package 'racecar_teleop' build argument 'cmake_target_skip_unavailable' from command line to 'False'
[0.310s] Level 5:colcon.colcon_core.verb:set package 'racecar_teleop' build argument 'cmake_clean_cache' from command line to 'False'
[0.310s] Level 5:colcon.colcon_core.verb:set package 'racecar_teleop' build argument 'cmake_clean_first' from command line to 'False'
[0.310s] Level 5:colcon.colcon_core.verb:set package 'racecar_teleop' build argument 'cmake_force_configure' from command line to 'False'
[0.310s] Level 5:colcon.colcon_core.verb:set package 'racecar_teleop' build argument 'ament_cmake_args' from command line to 'None'
[0.310s] Level 5:colcon.colcon_core.verb:set package 'racecar_teleop' build argument 'catkin_cmake_args' from command line to 'None'
[0.310s] Level 5:colcon.colcon_core.verb:set package 'racecar_teleop' build argument 'catkin_skip_building_tests' from command line to 'False'
[0.310s] DEBUG:colcon.colcon_core.verb:Building package 'racecar_teleop' with the following arguments: {'ament_cmake_args': None, 'build_base': '/home/racecar/ros2_ws/src/Team10_GROS5/build/racecar_teleop', 'catkin_cmake_args': None, 'catkin_skip_building_tests': False, 'cmake_args': None, 'cmake_clean_cache': False, 'cmake_clean_first': False, 'cmake_force_configure': False, 'cmake_target': None, 'cmake_target_skip_unavailable': False, 'install_base': '/home/racecar/ros2_ws/src/Team10_GROS5/install/racecar_teleop', 'merge_install': False, 'path': '/home/racecar/ros2_ws/src/Team10_GROS5/racecar-ros2/racecar_teleop', 'symlink_install': False, 'test_result_base': None}
[0.310s] Level 5:colcon.colcon_core.verb:set package 'serial' build argument 'cmake_args' from command line to 'None'
[0.310s] Level 5:colcon.colcon_core.verb:set package 'serial' build argument 'cmake_target' from command line to 'None'
[0.310s] Level 5:colcon.colcon_core.verb:set package 'serial' build argument 'cmake_target_skip_unavailable' from command line to 'False'
[0.310s] Level 5:colcon.colcon_core.verb:set package 'serial' build argument 'cmake_clean_cache' from command line to 'False'
[0.310s] Level 5:colcon.colcon_core.verb:set package 'serial' build argument 'cmake_clean_first' from command line to 'False'
[0.310s] Level 5:colcon.colcon_core.verb:set package 'serial' build argument 'cmake_force_configure' from command line to 'False'
[0.310s] Level 5:colcon.colcon_core.verb:set package 'serial' build argument 'ament_cmake_args' from command line to 'None'
[0.310s] Level 5:colcon.colcon_core.verb:set package 'serial' build argument 'catkin_cmake_args' from command line to 'None'
[0.310s] Level 5:colcon.colcon_core.verb:set package 'serial' build argument 'catkin_skip_building_tests' from command line to 'False'
[0.310s] DEBUG:colcon.colcon_core.verb:Building package 'serial' with the following arguments: {'ament_cmake_args': None, 'build_base': '/home/racecar/ros2_ws/src/Team10_GROS5/build/serial', 'catkin_cmake_args': None, 'catkin_skip_building_tests': False, 'cmake_args': None, 'cmake_clean_cache': False, 'cmake_clean_first': False, 'cmake_force_configure': False, 'cmake_target': None, 'cmake_target_skip_unavailable': False, 'install_base': '/home/racecar/ros2_ws/src/Team10_GROS5/install/serial', 'merge_install': False, 'path': '/home/racecar/ros2_ws/src/Team10_GROS5/racecar-ros2/racecar_serial/libserial', 'symlink_install': False, 'test_result_base': None}
[0.311s] Level 5:colcon.colcon_core.verb:set package 'pb2roscpp' build argument 'cmake_args' from command line to 'None'
[0.311s] Level 5:colcon.colcon_core.verb:set package 'pb2roscpp' build argument 'cmake_target' from command line to 'None'
[0.311s] Level 5:colcon.colcon_core.verb:set package 'pb2roscpp' build argument 'cmake_target_skip_unavailable' from command line to 'False'
[0.311s] Level 5:colcon.colcon_core.verb:set package 'pb2roscpp' build argument 'cmake_clean_cache' from command line to 'False'
[0.311s] Level 5:colcon.colcon_core.verb:set package 'pb2roscpp' build argument 'cmake_clean_first' from command line to 'False'
[0.311s] Level 5:colcon.colcon_core.verb:set package 'pb2roscpp' build argument 'cmake_force_configure' from command line to 'False'
[0.311s] Level 5:colcon.colcon_core.verb:set package 'pb2roscpp' build argument 'ament_cmake_args' from command line to 'None'
[0.311s] Level 5:colcon.colcon_core.verb:set package 'pb2roscpp' build argument 'catkin_cmake_args' from command line to 'None'
[0.311s] Level 5:colcon.colcon_core.verb:set package 'pb2roscpp' build argument 'catkin_skip_building_tests' from command line to 'False'
[0.311s] DEBUG:colcon.colcon_core.verb:Building package 'pb2roscpp' with the following arguments: {'ament_cmake_args': None, 'build_base': '/home/racecar/ros2_ws/src/Team10_GROS5/build/pb2roscpp', 'catkin_cmake_args': None, 'catkin_skip_building_tests': False, 'cmake_args': None, 'cmake_clean_cache': False, 'cmake_clean_first': False, 'cmake_force_configure': False, 'cmake_target': None, 'cmake_target_skip_unavailable': False, 'install_base': '/home/racecar/ros2_ws/src/Team10_GROS5/install/pb2roscpp', 'merge_install': False, 'path': '/home/racecar/ros2_ws/src/Team10_GROS5/racecar-ros2/racecar_serial/pb2roscpp', 'symlink_install': False, 'test_result_base': None}
[0.311s] Level 5:colcon.colcon_core.verb:set package 'racecar_navigation' build argument 'cmake_args' from command line to 'None'
[0.311s] Level 5:colcon.colcon_core.verb:set package 'racecar_navigation' build argument 'cmake_target' from command line to 'None'
[0.311s] Level 5:colcon.colcon_core.verb:set package 'racecar_navigation' build argument 'cmake_target_skip_unavailable' from command line to 'False'
[0.311s] Level 5:colcon.colcon_core.verb:set package 'racecar_navigation' build argument 'cmake_clean_cache' from command line to 'False'
[0.311s] Level 5:colcon.colcon_core.verb:set package 'racecar_navigation' build argument 'cmake_clean_first' from command line to 'False'
[0.311s] Level 5:colcon.colcon_core.verb:set package 'racecar_navigation' build argument 'cmake_force_configure' from command line to 'False'
[0.311s] Level 5:colcon.colcon_core.verb:set package 'racecar_navigation' build argument 'ament_cmake_args' from command line to 'None'
[0.311s] Level 5:colcon.colcon_core.verb:set package 'racecar_navigation' build argument 'catkin_cmake_args' from command line to 'None'
[0.311s] Level 5:colcon.colcon_core.verb:set package 'racecar_navigation' build argument 'catkin_skip_building_tests' from command line to 'False'
[0.311s] DEBUG:colcon.colcon_core.verb:Building package 'racecar_navigation' with the following arguments: {'ament_cmake_args': None, 'build_base': '/home/racecar/ros2_ws/src/Team10_GROS5/build/racecar_navigation', 'catkin_cmake_args': None, 'catkin_skip_building_tests': False, 'cmake_args': None, 'cmake_clean_cache': False, 'cmake_clean_first': False, 'cmake_force_configure': False, 'cmake_target': None, 'cmake_target_skip_unavailable': False, 'install_base': '/home/racecar/ros2_ws/src/Team10_GROS5/install/racecar_navigation', 'merge_install': False, 'path': '/home/racecar/ros2_ws/src/Team10_GROS5/racecar-ros2/racecar_navigation', 'symlink_install': False, 'test_result_base': None}
[0.311s] INFO:colcon.colcon_core.executor:Executing jobs using 'parallel' executor
[0.313s] DEBUG:colcon.colcon_parallel_executor.executor.parallel:run_until_complete
[0.313s] INFO:colcon.colcon_ros.task.ament_python.build:Building ROS package in '/home/racecar/ros2_ws/src/Team10_GROS5/racecar-ros2/racecar_behaviors' with build type 'ament_python'
[0.313s] Level 1:colcon.colcon_core.shell:create_environment_hook('racecar_behaviors', 'ament_prefix_path')
[0.322s] INFO:colcon.colcon_core.plugin_system:Skipping extension 'colcon_core.shell.bat': Not used on non-Windows systems
[0.322s] INFO:colcon.colcon_core.shell:Creating environment hook '/home/racecar/ros2_ws/src/Team10_GROS5/install/racecar_behaviors/share/racecar_behaviors/hook/ament_prefix_path.ps1'
[0.326s] INFO:colcon.colcon_core.shell:Creating environment descriptor '/home/racecar/ros2_ws/src/Team10_GROS5/install/racecar_behaviors/share/racecar_behaviors/hook/ament_prefix_path.dsv'
[0.328s] INFO:colcon.colcon_core.shell:Creating environment hook '/home/racecar/ros2_ws/src/Team10_GROS5/install/racecar_behaviors/share/racecar_behaviors/hook/ament_prefix_path.sh'
[0.333s] INFO:colcon.colcon_core.shell:Skip shell extension 'powershell' for command environment: Not usable outside of PowerShell
[0.334s] DEBUG:colcon.colcon_core.shell:Skip shell extension 'dsv' for command environment
[0.347s] INFO:colcon.colcon_ros.task.ament_python.build:Building ROS package in '/home/racecar/ros2_ws/src/Team10_GROS5/racecar-ros2/racecar_bringup' with build type 'ament_python'
[0.347s] Level 1:colcon.colcon_core.shell:create_environment_hook('racecar_bringup', 'ament_prefix_path')
[0.347s] INFO:colcon.colcon_core.shell:Creating environment hook '/home/racecar/ros2_ws/src/Team10_GROS5/install/racecar_bringup/share/racecar_bringup/hook/ament_prefix_path.ps1'
[0.348s] INFO:colcon.colcon_core.shell:Creating environment descriptor '/home/racecar/ros2_ws/src/Team10_GROS5/install/racecar_bringup/share/racecar_bringup/hook/ament_prefix_path.dsv'
[0.349s] INFO:colcon.colcon_core.shell:Creating environment hook '/home/racecar/ros2_ws/src/Team10_GROS5/install/racecar_bringup/share/racecar_bringup/hook/ament_prefix_path.sh'
[0.350s] INFO:colcon.colcon_core.shell:Skip shell extension 'powershell' for command environment: Not usable outside of PowerShell
[0.350s] DEBUG:colcon.colcon_core.shell:Skip shell extension 'dsv' for command environment
[0.356s] INFO:colcon.colcon_ros.task.ament_cmake.build:Building ROS package in '/home/racecar/ros2_ws/src/Team10_GROS5/racecar-ros2/racecar_serial/libserial' with build type 'ament_cmake'
[0.356s] INFO:colcon.colcon_cmake.task.cmake.build:Building CMake package in '/home/racecar/ros2_ws/src/Team10_GROS5/racecar-ros2/racecar_serial/libserial'
[0.356s] INFO:colcon.colcon_core.shell:Skip shell extension 'powershell' for command environment: Not usable outside of PowerShell
[0.356s] DEBUG:colcon.colcon_core.shell:Skip shell extension 'dsv' for command environment
[0.366s] INFO:colcon.colcon_ros.task.ament_python.build:Building ROS package in '/home/racecar/ros2_ws/src/Team10_GROS5/racecar-ros2/racecar_autopilot' with build type 'ament_python'
[0.366s] Level 1:colcon.colcon_core.shell:create_environment_hook('racecar_autopilot', 'ament_prefix_path')
[0.367s] INFO:colcon.colcon_core.shell:Creating environment hook '/home/racecar/ros2_ws/src/Team10_GROS5/install/racecar_autopilot/share/racecar_autopilot/hook/ament_prefix_path.ps1'
[0.368s] INFO:colcon.colcon_core.shell:Creating environment descriptor '/home/racecar/ros2_ws/src/Team10_GROS5/install/racecar_autopilot/share/racecar_autopilot/hook/ament_prefix_path.dsv'
[0.369s] INFO:colcon.colcon_core.shell:Creating environment hook '/home/racecar/ros2_ws/src/Team10_GROS5/install/racecar_autopilot/share/racecar_autopilot/hook/ament_prefix_path.sh'
[0.370s] INFO:colcon.colcon_core.shell:Skip shell extension 'powershell' for command environment: Not usable outside of PowerShell
[0.371s] DEBUG:colcon.colcon_core.shell:Skip shell extension 'dsv' for command environment
[0.846s] INFO:colcon.colcon_core.task.python.build:Building Python package in '/home/racecar/ros2_ws/src/Team10_GROS5/racecar-ros2/racecar_behaviors'
[0.846s] INFO:colcon.colcon_core.shell:Skip shell extension 'powershell' for command environment: Not usable outside of PowerShell
[0.846s] DEBUG:colcon.colcon_core.shell:Skip shell extension 'dsv' for command environment
[1.261s] INFO:colcon.colcon_core.task.python.build:Building Python package in '/home/racecar/ros2_ws/src/Team10_GROS5/racecar-ros2/racecar_bringup'
[1.261s] INFO:colcon.colcon_core.shell:Skip shell extension 'powershell' for command environment: Not usable outside of PowerShell
[1.261s] DEBUG:colcon.colcon_core.shell:Skip shell extension 'dsv' for command environment
[1.276s] DEBUG:colcon.colcon_core.event_handler.log_command:Invoking command in '/home/racecar/ros2_ws/src/Team10_GROS5/build/serial': CMAKE_PREFIX_PATH=${CMAKE_PREFIX_PATH}:/home/racecar/ros2_ws/install/racecar_teleop:/home/racecar/ros2_ws/install/racecar_navigation:/home/racecar/ros2_ws/install/racecar_gazebo:/home/racecar/ros2_ws/install/racecar_description:/home/racecar/ros2_ws/install/racecar_bringup:/home/racecar/ros2_ws/install/racecar_behaviors:/home/racecar/ros2_ws/install/racecar_beacon:/home/racecar/ros2_ws/install/racecar_autopilot:/opt/ros/jazzy DEBUGINFOD_URLS=https://debuginfod.ubuntu.com /usr/bin/cmake --build /home/racecar/ros2_ws/src/Team10_GROS5/build/serial -- -j4 -l4
[1.750s] INFO:colcon.colcon_core.task.python.build:Building Python package in '/home/racecar/ros2_ws/src/Team10_GROS5/racecar-ros2/racecar_autopilot'
[1.751s] INFO:colcon.colcon_core.shell:Skip shell extension 'powershell' for command environment: Not usable outside of PowerShell
[1.751s] DEBUG:colcon.colcon_core.shell:Skip shell extension 'dsv' for command environment
[1.776s] DEBUG:colcon.colcon_core.event_handler.log_command:Invoked command in '/home/racecar/ros2_ws/src/Team10_GROS5/build/serial' returned '0': CMAKE_PREFIX_PATH=${CMAKE_PREFIX_PATH}:/home/racecar/ros2_ws/install/racecar_teleop:/home/racecar/ros2_ws/install/racecar_navigation:/home/racecar/ros2_ws/install/racecar_gazebo:/home/racecar/ros2_ws/install/racecar_description:/home/racecar/ros2_ws/install/racecar_bringup:/home/racecar/ros2_ws/install/racecar_behaviors:/home/racecar/ros2_ws/install/racecar_beacon:/home/racecar/ros2_ws/install/racecar_autopilot:/opt/ros/jazzy DEBUGINFOD_URLS=https://debuginfod.ubuntu.com /usr/bin/cmake --build /home/racecar/ros2_ws/src/Team10_GROS5/build/serial -- -j4 -l4
[1.816s] DEBUG:colcon.colcon_core.event_handler.log_command:Invoking command in '/home/racecar/ros2_ws/src/Team10_GROS5/build/serial': CMAKE_PREFIX_PATH=${CMAKE_PREFIX_PATH}:/home/racecar/ros2_ws/install/racecar_teleop:/home/racecar/ros2_ws/install/racecar_navigation:/home/racecar/ros2_ws/install/racecar_gazebo:/home/racecar/ros2_ws/install/racecar_description:/home/racecar/ros2_ws/install/racecar_bringup:/home/racecar/ros2_ws/install/racecar_behaviors:/home/racecar/ros2_ws/install/racecar_beacon:/home/racecar/ros2_ws/install/racecar_autopilot:/opt/ros/jazzy DEBUGINFOD_URLS=https://debuginfod.ubuntu.com /usr/bin/cmake --install /home/racecar/ros2_ws/src/Team10_GROS5/build/serial
[1.921s] Level 1:colcon.colcon_core.environment:create_environment_scripts_only(serial)
[1.922s] DEBUG:colcon.colcon_core.event_handler.log_command:Invoked command in '/home/racecar/ros2_ws/src/Team10_GROS5/build/serial' returned '0': CMAKE_PREFIX_PATH=${CMAKE_PREFIX_PATH}:/home/racecar/ros2_ws/install/racecar_teleop:/home/racecar/ros2_ws/install/racecar_navigation:/home/racecar/ros2_ws/install/racecar_gazebo:/home/racecar/ros2_ws/install/racecar_description:/home/racecar/ros2_ws/install/racecar_bringup:/home/racecar/ros2_ws/install/racecar_behaviors:/home/racecar/ros2_ws/install/racecar_beacon:/home/racecar/ros2_ws/install/racecar_autopilot:/opt/ros/jazzy DEBUGINFOD_URLS=https://debuginfod.ubuntu.com /usr/bin/cmake --install /home/racecar/ros2_ws/src/Team10_GROS5/build/serial
[1.931s] Level 1:colcon.colcon_core.environment:checking '/home/racecar/ros2_ws/src/Team10_GROS5/install/serial' for CMake module files
[1.939s] Level 1:colcon.colcon_core.environment:checking '/home/racecar/ros2_ws/src/Team10_GROS5/install/serial' for CMake config files
[1.941s] Level 1:colcon.colcon_core.shell:create_environment_hook('serial', 'cmake_prefix_path')
[1.941s] INFO:colcon.colcon_core.shell:Creating environment hook '/home/racecar/ros2_ws/src/Team10_GROS5/install/serial/share/serial/hook/cmake_prefix_path.ps1'
[1.943s] INFO:colcon.colcon_core.shell:Creating environment descriptor '/home/racecar/ros2_ws/src/Team10_GROS5/install/serial/share/serial/hook/cmake_prefix_path.dsv'
[1.947s] INFO:colcon.colcon_core.shell:Creating environment hook '/home/racecar/ros2_ws/src/Team10_GROS5/install/serial/share/serial/hook/cmake_prefix_path.sh'
[1.954s] Level 1:colcon.colcon_core.environment:checking '/home/racecar/ros2_ws/src/Team10_GROS5/install/serial/lib'
[1.955s] Level 1:colcon.colcon_core.environment:checking '/home/racecar/ros2_ws/src/Team10_GROS5/install/serial/bin'
[1.955s] Level 1:colcon.colcon_core.environment:checking '/home/racecar/ros2_ws/src/Team10_GROS5/install/serial/lib/pkgconfig/serial.pc'
[1.955s] Level 1:colcon.colcon_core.environment:checking '/home/racecar/ros2_ws/src/Team10_GROS5/install/serial/lib/python3.12/site-packages'
[1.956s] Level 1:colcon.colcon_core.environment:checking '/home/racecar/ros2_ws/src/Team10_GROS5/install/serial/bin'
[1.957s] INFO:colcon.colcon_core.shell:Creating package script '/home/racecar/ros2_ws/src/Team10_GROS5/install/serial/share/serial/package.ps1'
[1.959s] INFO:colcon.colcon_core.shell:Creating package descriptor '/home/racecar/ros2_ws/src/Team10_GROS5/install/serial/share/serial/package.dsv'
[1.960s] INFO:colcon.colcon_core.shell:Creating package script '/home/racecar/ros2_ws/src/Team10_GROS5/install/serial/share/serial/package.sh'
[1.962s] INFO:colcon.colcon_core.shell:Creating package script '/home/racecar/ros2_ws/src/Team10_GROS5/install/serial/share/serial/package.bash'
[1.963s] INFO:colcon.colcon_core.shell:Creating package script '/home/racecar/ros2_ws/src/Team10_GROS5/install/serial/share/serial/package.zsh'
[1.965s] Level 1:colcon.colcon_core.environment:create_file_with_runtime_dependencies(/home/racecar/ros2_ws/src/Team10_GROS5/install/serial/share/colcon-core/packages/serial)
[1.966s] Level 1:colcon.colcon_core.environment:create_environment_scripts_only(serial)
[1.966s] Level 1:colcon.colcon_core.environment:checking '/home/racecar/ros2_ws/src/Team10_GROS5/install/serial' for CMake module files
[1.968s] Level 1:colcon.colcon_core.environment:checking '/home/racecar/ros2_ws/src/Team10_GROS5/install/serial' for CMake config files
[1.968s] Level 1:colcon.colcon_core.shell:create_environment_hook('serial', 'cmake_prefix_path')
[1.969s] INFO:colcon.colcon_core.shell:Creating environment hook '/home/racecar/ros2_ws/src/Team10_GROS5/install/serial/share/serial/hook/cmake_prefix_path.ps1'
[1.970s] INFO:colcon.colcon_core.shell:Creating environment descriptor '/home/racecar/ros2_ws/src/Team10_GROS5/install/serial/share/serial/hook/cmake_prefix_path.dsv'
[1.972s] INFO:colcon.colcon_core.shell:Creating environment hook '/home/racecar/ros2_ws/src/Team10_GROS5/install/serial/share/serial/hook/cmake_prefix_path.sh'
[1.973s] Level 1:colcon.colcon_core.environment:checking '/home/racecar/ros2_ws/src/Team10_GROS5/install/serial/lib'
[1.973s] Level 1:colcon.colcon_core.environment:checking '/home/racecar/ros2_ws/src/Team10_GROS5/install/serial/bin'
[1.973s] Level 1:colcon.colcon_core.environment:checking '/home/racecar/ros2_ws/src/Team10_GROS5/install/serial/lib/pkgconfig/serial.pc'
[1.974s] Level 1:colcon.colcon_core.environment:checking '/home/racecar/ros2_ws/src/Team10_GROS5/install/serial/lib/python3.12/site-packages'
[1.974s] Level 1:colcon.colcon_core.environment:checking '/home/racecar/ros2_ws/src/Team10_GROS5/install/serial/bin'
[1.975s] INFO:colcon.colcon_core.shell:Creating package script '/home/racecar/ros2_ws/src/Team10_GROS5/install/serial/share/serial/package.ps1'
[1.977s] INFO:colcon.colcon_core.shell:Creating package descriptor '/home/racecar/ros2_ws/src/Team10_GROS5/install/serial/share/serial/package.dsv'
[1.978s] INFO:colcon.colcon_core.shell:Creating package script '/home/racecar/ros2_ws/src/Team10_GROS5/install/serial/share/serial/package.sh'
[1.980s] INFO:colcon.colcon_core.shell:Creating package script '/home/racecar/ros2_ws/src/Team10_GROS5/install/serial/share/serial/package.bash'
[1.981s] INFO:colcon.colcon_core.shell:Creating package script '/home/racecar/ros2_ws/src/Team10_GROS5/install/serial/share/serial/package.zsh'
[1.982s] Level 1:colcon.colcon_core.environment:create_file_with_runtime_dependencies(/home/racecar/ros2_ws/src/Team10_GROS5/install/serial/share/colcon-core/packages/serial)
[1.983s] INFO:colcon.colcon_ros.task.ament_python.build:Building ROS package in '/home/racecar/ros2_ws/src/Team10_GROS5/racecar-ros2/racecar_beacon' with build type 'ament_python'
[1.984s] Level 1:colcon.colcon_core.shell:create_environment_hook('racecar_beacon', 'ament_prefix_path')
[1.985s] INFO:colcon.colcon_core.shell:Creating environment hook '/home/racecar/ros2_ws/src/Team10_GROS5/install/racecar_beacon/share/racecar_beacon/hook/ament_prefix_path.ps1'
[1.994s] INFO:colcon.colcon_core.shell:Creating environment descriptor '/home/racecar/ros2_ws/src/Team10_GROS5/install/racecar_beacon/share/racecar_beacon/hook/ament_prefix_path.dsv'
[1.995s] INFO:colcon.colcon_core.shell:Creating environment hook '/home/racecar/ros2_ws/src/Team10_GROS5/install/racecar_beacon/share/racecar_beacon/hook/ament_prefix_path.sh'
[2.002s] INFO:colcon.colcon_core.shell:Skip shell extension 'powershell' for command environment: Not usable outside of PowerShell
[2.005s] DEBUG:colcon.colcon_core.shell:Skip shell extension 'dsv' for command environment
[2.867s] INFO:colcon.colcon_core.task.python.build:Building Python package in '/home/racecar/ros2_ws/src/Team10_GROS5/racecar-ros2/racecar_beacon'
[2.867s] INFO:colcon.colcon_core.shell:Skip shell extension 'powershell' for command environment: Not usable outside of PowerShell
[2.868s] DEBUG:colcon.colcon_core.shell:Skip shell extension 'dsv' for command environment
[3.834s] DEBUG:colcon.colcon_core.event_handler.log_command:Invoking command in '/home/racecar/ros2_ws/src/Team10_GROS5/racecar-ros2/racecar_behaviors': DEBUGINFOD_URLS=https://debuginfod.ubuntu.com PYTHONPATH=/home/racecar/ros2_ws/src/Team10_GROS5/build/racecar_behaviors/prefix_override:/usr/lib/python3/dist-packages/colcon_core/task/python/colcon_distutils_commands:/home/racecar/ros2_ws/src/Team10_GROS5/install/racecar_behaviors/lib/python3.12/site-packages:${PYTHONPATH} /usr/bin/python3 -W ignore:setup.py install is deprecated -W ignore:easy_install command is deprecated setup.py egg_info --egg-base ../../build/racecar_behaviors build --build-base /home/racecar/ros2_ws/src/Team10_GROS5/build/racecar_behaviors/build install --record /home/racecar/ros2_ws/src/Team10_GROS5/build/racecar_behaviors/install.log --single-version-externally-managed install_data
[3.935s] DEBUG:colcon.colcon_core.event_handler.log_command:Invoking command in '/home/racecar/ros2_ws/src/Team10_GROS5/racecar-ros2/racecar_autopilot': DEBUGINFOD_URLS=https://debuginfod.ubuntu.com PYTHONPATH=/home/racecar/ros2_ws/src/Team10_GROS5/build/racecar_autopilot/prefix_override:/usr/lib/python3/dist-packages/colcon_core/task/python/colcon_distutils_commands:/home/racecar/ros2_ws/src/Team10_GROS5/install/racecar_autopilot/lib/python3.12/site-packages:${PYTHONPATH} /usr/bin/python3 -W ignore:setup.py install is deprecated -W ignore:easy_install command is deprecated setup.py egg_info --egg-base ../../build/racecar_autopilot build --build-base /home/racecar/ros2_ws/src/Team10_GROS5/build/racecar_autopilot/build install --record /home/racecar/ros2_ws/src/Team10_GROS5/build/racecar_autopilot/install.log --single-version-externally-managed install_data
[4.171s] DEBUG:colcon.colcon_core.event_handler.log_command:Invoking command in '/home/racecar/ros2_ws/src/Team10_GROS5/racecar-ros2/racecar_bringup': DEBUGINFOD_URLS=https://debuginfod.ubuntu.com PYTHONPATH=/home/racecar/ros2_ws/src/Team10_GROS5/build/racecar_bringup/prefix_override:/usr/lib/python3/dist-packages/colcon_core/task/python/colcon_distutils_commands:/home/racecar/ros2_ws/src/Team10_GROS5/install/racecar_bringup/lib/python3.12/site-packages:${PYTHONPATH} /usr/bin/python3 -W ignore:setup.py install is deprecated -W ignore:easy_install command is deprecated setup.py egg_info --egg-base ../../build/racecar_bringup build --build-base /home/racecar/ros2_ws/src/Team10_GROS5/build/racecar_bringup/build install --record /home/racecar/ros2_ws/src/Team10_GROS5/build/racecar_bringup/install.log --single-version-externally-managed install_data
[4.899s] DEBUG:colcon.colcon_core.event_handler.log_command:Invoking command in '/home/racecar/ros2_ws/src/Team10_GROS5/racecar-ros2/racecar_beacon': DEBUGINFOD_URLS=https://debuginfod.ubuntu.com PYTHONPATH=/home/racecar/ros2_ws/src/Team10_GROS5/build/racecar_beacon/prefix_override:/usr/lib/python3/dist-packages/colcon_core/task/python/colcon_distutils_commands:/home/racecar/ros2_ws/src/Team10_GROS5/install/racecar_beacon/lib/python3.12/site-packages:${PYTHONPATH} /usr/bin/python3 -W ignore:setup.py install is deprecated -W ignore:easy_install command is deprecated setup.py egg_info --egg-base ../../build/racecar_beacon build --build-base /home/racecar/ros2_ws/src/Team10_GROS5/build/racecar_beacon/build install --record /home/racecar/ros2_ws/src/Team10_GROS5/build/racecar_beacon/install.log --single-version-externally-managed install_data
[5.681s] Level 1:colcon.colcon_core.environment:checking '/home/racecar/ros2_ws/src/Team10_GROS5/install/racecar_behaviors' for CMake module files
[5.688s] DEBUG:colcon.colcon_core.event_handler.log_command:Invoked command in '/home/racecar/ros2_ws/src/Team10_GROS5/racecar-ros2/racecar_behaviors' returned '0': DEBUGINFOD_URLS=https://debuginfod.ubuntu.com PYTHONPATH=/home/racecar/ros2_ws/src/Team10_GROS5/build/racecar_behaviors/prefix_override:/usr/lib/python3/dist-packages/colcon_core/task/python/colcon_distutils_commands:/home/racecar/ros2_ws/src/Team10_GROS5/install/racecar_behaviors/lib/python3.12/site-packages:${PYTHONPATH} /usr/bin/python3 -W ignore:setup.py install is deprecated -W ignore:easy_install command is deprecated setup.py egg_info --egg-base ../../build/racecar_behaviors build --build-base /home/racecar/ros2_ws/src/Team10_GROS5/build/racecar_behaviors/build install --record /home/racecar/ros2_ws/src/Team10_GROS5/build/racecar_behaviors/install.log --single-version-externally-managed install_data
[5.690s] Level 1:colcon.colcon_core.environment:checking '/home/racecar/ros2_ws/src/Team10_GROS5/install/racecar_behaviors' for CMake config files
[5.692s] Level 1:colcon.colcon_core.environment:checking '/home/racecar/ros2_ws/src/Team10_GROS5/install/racecar_behaviors/lib'
[5.693s] Level 1:colcon.colcon_core.environment:checking '/home/racecar/ros2_ws/src/Team10_GROS5/install/racecar_behaviors/bin'
[5.693s] Level 1:colcon.colcon_core.environment:checking '/home/racecar/ros2_ws/src/Team10_GROS5/install/racecar_behaviors/lib/pkgconfig/racecar_behaviors.pc'
[5.693s] Level 1:colcon.colcon_core.environment:checking '/home/racecar/ros2_ws/src/Team10_GROS5/install/racecar_behaviors/lib/python3.12/site-packages'
[5.694s] Level 1:colcon.colcon_core.shell:create_environment_hook('racecar_behaviors', 'pythonpath')
[5.695s] INFO:colcon.colcon_core.shell:Creating environment hook '/home/racecar/ros2_ws/src/Team10_GROS5/install/racecar_behaviors/share/racecar_behaviors/hook/pythonpath.ps1'
[5.696s] INFO:colcon.colcon_core.shell:Creating environment descriptor '/home/racecar/ros2_ws/src/Team10_GROS5/install/racecar_behaviors/share/racecar_behaviors/hook/pythonpath.dsv'
[5.697s] INFO:colcon.colcon_core.shell:Creating environment hook '/home/racecar/ros2_ws/src/Team10_GROS5/install/racecar_behaviors/share/racecar_behaviors/hook/pythonpath.sh'
[5.699s] Level 1:colcon.colcon_core.environment:checking '/home/racecar/ros2_ws/src/Team10_GROS5/install/racecar_behaviors/bin'
[5.699s] Level 1:colcon.colcon_core.environment:create_environment_scripts_only(racecar_behaviors)
[5.700s] INFO:colcon.colcon_core.shell:Creating package script '/home/racecar/ros2_ws/src/Team10_GROS5/install/racecar_behaviors/share/racecar_behaviors/package.ps1'
[5.705s] INFO:colcon.colcon_core.shell:Creating package descriptor '/home/racecar/ros2_ws/src/Team10_GROS5/install/racecar_behaviors/share/racecar_behaviors/package.dsv'
[5.707s] INFO:colcon.colcon_core.shell:Creating package script '/home/racecar/ros2_ws/src/Team10_GROS5/install/racecar_behaviors/share/racecar_behaviors/package.sh'
[5.708s] INFO:colcon.colcon_core.shell:Creating package script '/home/racecar/ros2_ws/src/Team10_GROS5/install/racecar_behaviors/share/racecar_behaviors/package.bash'
[5.709s] INFO:colcon.colcon_core.shell:Creating package script '/home/racecar/ros2_ws/src/Team10_GROS5/install/racecar_behaviors/share/racecar_behaviors/package.zsh'
[5.710s] Level 1:colcon.colcon_core.environment:create_file_with_runtime_dependencies(/home/racecar/ros2_ws/src/Team10_GROS5/install/racecar_behaviors/share/colcon-core/packages/racecar_behaviors)
[5.711s] INFO:colcon.colcon_ros.task.ament_python.build:Building ROS package in '/home/racecar/ros2_ws/src/Team10_GROS5/racecar-ros2/racecar_description' with build type 'ament_python'
[5.711s] Level 1:colcon.colcon_core.shell:create_environment_hook('racecar_description', 'ament_prefix_path')
[5.712s] INFO:colcon.colcon_core.shell:Creating environment hook '/home/racecar/ros2_ws/src/Team10_GROS5/install/racecar_description/share/racecar_description/hook/ament_prefix_path.ps1'
[5.714s] INFO:colcon.colcon_core.shell:Creating environment descriptor '/home/racecar/ros2_ws/src/Team10_GROS5/install/racecar_description/share/racecar_description/hook/ament_prefix_path.dsv'
[5.714s] INFO:colcon.colcon_core.shell:Creating environment hook '/home/racecar/ros2_ws/src/Team10_GROS5/install/racecar_description/share/racecar_description/hook/ament_prefix_path.sh'
[5.715s] INFO:colcon.colcon_core.shell:Skip shell extension 'powershell' for command environment: Not usable outside of PowerShell
[5.716s] DEBUG:colcon.colcon_core.shell:Skip shell extension 'dsv' for command environment
[6.394s] INFO:colcon.colcon_core.task.python.build:Building Python package in '/home/racecar/ros2_ws/src/Team10_GROS5/racecar-ros2/racecar_description'
[6.395s] INFO:colcon.colcon_core.shell:Skip shell extension 'powershell' for command environment: Not usable outside of PowerShell
[6.395s] DEBUG:colcon.colcon_core.shell:Skip shell extension 'dsv' for command environment
[6.428s] Level 1:colcon.colcon_core.environment:checking '/home/racecar/ros2_ws/src/Team10_GROS5/install/racecar_bringup' for CMake module files
[6.431s] DEBUG:colcon.colcon_core.event_handler.log_command:Invoked command in '/home/racecar/ros2_ws/src/Team10_GROS5/racecar-ros2/racecar_bringup' returned '0': DEBUGINFOD_URLS=https://debuginfod.ubuntu.com PYTHONPATH=/home/racecar/ros2_ws/src/Team10_GROS5/build/racecar_bringup/prefix_override:/usr/lib/python3/dist-packages/colcon_core/task/python/colcon_distutils_commands:/home/racecar/ros2_ws/src/Team10_GROS5/install/racecar_bringup/lib/python3.12/site-packages:${PYTHONPATH} /usr/bin/python3 -W ignore:setup.py install is deprecated -W ignore:easy_install command is deprecated setup.py egg_info --egg-base ../../build/racecar_bringup build --build-base /home/racecar/ros2_ws/src/Team10_GROS5/build/racecar_bringup/build install --record /home/racecar/ros2_ws/src/Team10_GROS5/build/racecar_bringup/install.log --single-version-externally-managed install_data
[6.436s] Level 1:colcon.colcon_core.environment:checking '/home/racecar/ros2_ws/src/Team10_GROS5/install/racecar_bringup' for CMake config files
[6.439s] Level 1:colcon.colcon_core.environment:checking '/home/racecar/ros2_ws/src/Team10_GROS5/install/racecar_bringup/lib'
[6.439s] Level 1:colcon.colcon_core.environment:checking '/home/racecar/ros2_ws/src/Team10_GROS5/install/racecar_bringup/bin'
[6.440s] Level 1:colcon.colcon_core.environment:checking '/home/racecar/ros2_ws/src/Team10_GROS5/install/racecar_bringup/lib/pkgconfig/racecar_bringup.pc'
[6.441s] Level 1:colcon.colcon_core.environment:checking '/home/racecar/ros2_ws/src/Team10_GROS5/install/racecar_bringup/lib/python3.12/site-packages'
[6.441s] Level 1:colcon.colcon_core.shell:create_environment_hook('racecar_bringup', 'pythonpath')
[6.442s] INFO:colcon.colcon_core.shell:Creating environment hook '/home/racecar/ros2_ws/src/Team10_GROS5/install/racecar_bringup/share/racecar_bringup/hook/pythonpath.ps1'
[6.445s] INFO:colcon.colcon_core.shell:Creating environment descriptor '/home/racecar/ros2_ws/src/Team10_GROS5/install/racecar_bringup/share/racecar_bringup/hook/pythonpath.dsv'
[6.447s] INFO:colcon.colcon_core.shell:Creating environment hook '/home/racecar/ros2_ws/src/Team10_GROS5/install/racecar_bringup/share/racecar_bringup/hook/pythonpath.sh'
[6.449s] Level 1:colcon.colcon_core.environment:checking '/home/racecar/ros2_ws/src/Team10_GROS5/install/racecar_bringup/bin'
[6.449s] Level 1:colcon.colcon_core.environment:create_environment_scripts_only(racecar_bringup)
[6.450s] INFO:colcon.colcon_core.shell:Creating package script '/home/racecar/ros2_ws/src/Team10_GROS5/install/racecar_bringup/share/racecar_bringup/package.ps1'
[6.452s] INFO:colcon.colcon_core.shell:Creating package descriptor '/home/racecar/ros2_ws/src/Team10_GROS5/install/racecar_bringup/share/racecar_bringup/package.dsv'
[6.454s] INFO:colcon.colcon_core.shell:Creating package script '/home/racecar/ros2_ws/src/Team10_GROS5/install/racecar_bringup/share/racecar_bringup/package.sh'
[6.456s] INFO:colcon.colcon_core.shell:Creating package script '/home/racecar/ros2_ws/src/Team10_GROS5/install/racecar_bringup/share/racecar_bringup/package.bash'
[6.458s] INFO:colcon.colcon_core.shell:Creating package script '/home/racecar/ros2_ws/src/Team10_GROS5/install/racecar_bringup/share/racecar_bringup/package.zsh'
[6.461s] Level 1:colcon.colcon_core.environment:create_file_with_runtime_dependencies(/home/racecar/ros2_ws/src/Team10_GROS5/install/racecar_bringup/share/colcon-core/packages/racecar_bringup)
[6.465s] INFO:colcon.colcon_ros.task.ament_python.build:Building ROS package in '/home/racecar/ros2_ws/src/Team10_GROS5/racecar-ros2/racecar_gazebo' with build type 'ament_python'
[6.465s] Level 1:colcon.colcon_core.shell:create_environment_hook('racecar_gazebo', 'ament_prefix_path')
[6.466s] INFO:colcon.colcon_core.shell:Creating environment hook '/home/racecar/ros2_ws/src/Team10_GROS5/install/racecar_gazebo/share/racecar_gazebo/hook/ament_prefix_path.ps1'
[6.468s] INFO:colcon.colcon_core.shell:Creating environment descriptor '/home/racecar/ros2_ws/src/Team10_GROS5/install/racecar_gazebo/share/racecar_gazebo/hook/ament_prefix_path.dsv'
[6.470s] INFO:colcon.colcon_core.shell:Creating environment hook '/home/racecar/ros2_ws/src/Team10_GROS5/install/racecar_gazebo/share/racecar_gazebo/hook/ament_prefix_path.sh'
[6.473s] INFO:colcon.colcon_core.shell:Skip shell extension 'powershell' for command environment: Not usable outside of PowerShell
[6.473s] DEBUG:colcon.colcon_core.shell:Skip shell extension 'dsv' for command environment
[6.499s] Level 1:colcon.colcon_core.environment:checking '/home/racecar/ros2_ws/src/Team10_GROS5/install/racecar_autopilot' for CMake module files
[6.505s] Level 1:colcon.colcon_core.environment:checking '/home/racecar/ros2_ws/src/Team10_GROS5/install/racecar_autopilot' for CMake config files
[6.506s] DEBUG:colcon.colcon_core.event_handler.log_command:Invoked command in '/home/racecar/ros2_ws/src/Team10_GROS5/racecar-ros2/racecar_autopilot' returned '0': DEBUGINFOD_URLS=https://debuginfod.ubuntu.com PYTHONPATH=/home/racecar/ros2_ws/src/Team10_GROS5/build/racecar_autopilot/prefix_override:/usr/lib/python3/dist-packages/colcon_core/task/python/colcon_distutils_commands:/home/racecar/ros2_ws/src/Team10_GROS5/install/racecar_autopilot/lib/python3.12/site-packages:${PYTHONPATH} /usr/bin/python3 -W ignore:setup.py install is deprecated -W ignore:easy_install command is deprecated setup.py egg_info --egg-base ../../build/racecar_autopilot build --build-base /home/racecar/ros2_ws/src/Team10_GROS5/build/racecar_autopilot/build install --record /home/racecar/ros2_ws/src/Team10_GROS5/build/racecar_autopilot/install.log --single-version-externally-managed install_data
[6.509s] Level 1:colcon.colcon_core.environment:checking '/home/racecar/ros2_ws/src/Team10_GROS5/install/racecar_autopilot/lib'
[6.510s] Level 1:colcon.colcon_core.environment:checking '/home/racecar/ros2_ws/src/Team10_GROS5/install/racecar_autopilot/bin'
[6.510s] Level 1:colcon.colcon_core.environment:checking '/home/racecar/ros2_ws/src/Team10_GROS5/install/racecar_autopilot/lib/pkgconfig/racecar_autopilot.pc'
[6.511s] Level 1:colcon.colcon_core.environment:checking '/home/racecar/ros2_ws/src/Team10_GROS5/install/racecar_autopilot/lib/python3.12/site-packages'
[6.511s] Level 1:colcon.colcon_core.shell:create_environment_hook('racecar_autopilot', 'pythonpath')
[6.512s] INFO:colcon.colcon_core.shell:Creating environment hook '/home/racecar/ros2_ws/src/Team10_GROS5/install/racecar_autopilot/share/racecar_autopilot/hook/pythonpath.ps1'
[6.514s] INFO:colcon.colcon_core.shell:Creating environment descriptor '/home/racecar/ros2_ws/src/Team10_GROS5/install/racecar_autopilot/share/racecar_autopilot/hook/pythonpath.dsv'
[6.516s] INFO:colcon.colcon_core.shell:Creating environment hook '/home/racecar/ros2_ws/src/Team10_GROS5/install/racecar_autopilot/share/racecar_autopilot/hook/pythonpath.sh'
[6.519s] Level 1:colcon.colcon_core.environment:checking '/home/racecar/ros2_ws/src/Team10_GROS5/install/racecar_autopilot/bin'
[6.519s] Level 1:colcon.colcon_core.environment:create_environment_scripts_only(racecar_autopilot)
[6.520s] INFO:colcon.colcon_core.shell:Creating package script '/home/racecar/ros2_ws/src/Team10_GROS5/install/racecar_autopilot/share/racecar_autopilot/package.ps1'
[6.522s] INFO:colcon.colcon_core.shell:Creating package descriptor '/home/racecar/ros2_ws/src/Team10_GROS5/install/racecar_autopilot/share/racecar_autopilot/package.dsv'
[6.525s] INFO:colcon.colcon_core.shell:Creating package script '/home/racecar/ros2_ws/src/Team10_GROS5/install/racecar_autopilot/share/racecar_autopilot/package.sh'
[6.527s] INFO:colcon.colcon_core.shell:Creating package script '/home/racecar/ros2_ws/src/Team10_GROS5/install/racecar_autopilot/share/racecar_autopilot/package.bash'
[6.531s] INFO:colcon.colcon_core.shell:Creating package script '/home/racecar/ros2_ws/src/Team10_GROS5/install/racecar_autopilot/share/racecar_autopilot/package.zsh'
[6.532s] Level 1:colcon.colcon_core.environment:create_file_with_runtime_dependencies(/home/racecar/ros2_ws/src/Team10_GROS5/install/racecar_autopilot/share/colcon-core/packages/racecar_autopilot)
[6.535s] INFO:colcon.colcon_ros.task.ament_python.build:Building ROS package in '/home/racecar/ros2_ws/src/Team10_GROS5/racecar-ros2/racecar_teleop' with build type 'ament_python'
[6.536s] Level 1:colcon.colcon_core.shell:create_environment_hook('racecar_teleop', 'ament_prefix_path')
[6.536s] INFO:colcon.colcon_core.shell:Creating environment hook '/home/racecar/ros2_ws/src/Team10_GROS5/install/racecar_teleop/share/racecar_teleop/hook/ament_prefix_path.ps1'
[6.537s] INFO:colcon.colcon_core.shell:Creating environment descriptor '/home/racecar/ros2_ws/src/Team10_GROS5/install/racecar_teleop/share/racecar_teleop/hook/ament_prefix_path.dsv'
[6.538s] INFO:colcon.colcon_core.shell:Creating environment hook '/home/racecar/ros2_ws/src/Team10_GROS5/install/racecar_teleop/share/racecar_teleop/hook/ament_prefix_path.sh'
[6.540s] INFO:colcon.colcon_core.shell:Skip shell extension 'powershell' for command environment: Not usable outside of PowerShell
[6.540s] DEBUG:colcon.colcon_core.shell:Skip shell extension 'dsv' for command environment
[7.159s] INFO:colcon.colcon_core.task.python.build:Building Python package in '/home/racecar/ros2_ws/src/Team10_GROS5/racecar-ros2/racecar_gazebo'
[7.160s] INFO:colcon.colcon_core.shell:Skip shell extension 'powershell' for command environment: Not usable outside of PowerShell
[7.160s] DEBUG:colcon.colcon_core.shell:Skip shell extension 'dsv' for command environment
[7.657s] INFO:colcon.colcon_core.task.python.build:Building Python package in '/home/racecar/ros2_ws/src/Team10_GROS5/racecar-ros2/racecar_teleop'
[7.658s] INFO:colcon.colcon_core.shell:Skip shell extension 'powershell' for command environment: Not usable outside of PowerShell
[7.658s] DEBUG:colcon.colcon_core.shell:Skip shell extension 'dsv' for command environment
[7.674s] Level 1:colcon.colcon_core.environment:checking '/home/racecar/ros2_ws/src/Team10_GROS5/install/racecar_beacon' for CMake module files
[7.676s] DEBUG:colcon.colcon_core.event_handler.log_command:Invoked command in '/home/racecar/ros2_ws/src/Team10_GROS5/racecar-ros2/racecar_beacon' returned '0': DEBUGINFOD_URLS=https://debuginfod.ubuntu.com PYTHONPATH=/home/racecar/ros2_ws/src/Team10_GROS5/build/racecar_beacon/prefix_override:/usr/lib/python3/dist-packages/colcon_core/task/python/colcon_distutils_commands:/home/racecar/ros2_ws/src/Team10_GROS5/install/racecar_beacon/lib/python3.12/site-packages:${PYTHONPATH} /usr/bin/python3 -W ignore:setup.py install is deprecated -W ignore:easy_install command is deprecated setup.py egg_info --egg-base ../../build/racecar_beacon build --build-base /home/racecar/ros2_ws/src/Team10_GROS5/build/racecar_beacon/build install --record /home/racecar/ros2_ws/src/Team10_GROS5/build/racecar_beacon/install.log --single-version-externally-managed install_data
[7.677s] Level 1:colcon.colcon_core.environment:checking '/home/racecar/ros2_ws/src/Team10_GROS5/install/racecar_beacon' for CMake config files
[7.678s] Level 1:colcon.colcon_core.environment:checking '/home/racecar/ros2_ws/src/Team10_GROS5/install/racecar_beacon/lib'
[7.679s] Level 1:colcon.colcon_core.environment:checking '/home/racecar/ros2_ws/src/Team10_GROS5/install/racecar_beacon/bin'
[7.679s] Level 1:colcon.colcon_core.environment:checking '/home/racecar/ros2_ws/src/Team10_GROS5/install/racecar_beacon/lib/pkgconfig/racecar_beacon.pc'
[7.680s] Level 1:colcon.colcon_core.environment:checking '/home/racecar/ros2_ws/src/Team10_GROS5/install/racecar_beacon/lib/python3.12/site-packages'
[7.680s] Level 1:colcon.colcon_core.shell:create_environment_hook('racecar_beacon', 'pythonpath')
[7.681s] INFO:colcon.colcon_core.shell:Creating environment hook '/home/racecar/ros2_ws/src/Team10_GROS5/install/racecar_beacon/share/racecar_beacon/hook/pythonpath.ps1'
[7.682s] INFO:colcon.colcon_core.shell:Creating environment descriptor '/home/racecar/ros2_ws/src/Team10_GROS5/install/racecar_beacon/share/racecar_beacon/hook/pythonpath.dsv'
[7.683s] INFO:colcon.colcon_core.shell:Creating environment hook '/home/racecar/ros2_ws/src/Team10_GROS5/install/racecar_beacon/share/racecar_beacon/hook/pythonpath.sh'
[7.685s] Level 1:colcon.colcon_core.environment:checking '/home/racecar/ros2_ws/src/Team10_GROS5/install/racecar_beacon/bin'
[7.685s] Level 1:colcon.colcon_core.environment:create_environment_scripts_only(racecar_beacon)
[7.686s] INFO:colcon.colcon_core.shell:Creating package script '/home/racecar/ros2_ws/src/Team10_GROS5/install/racecar_beacon/share/racecar_beacon/package.ps1'
[7.687s] INFO:colcon.colcon_core.shell:Creating package descriptor '/home/racecar/ros2_ws/src/Team10_GROS5/install/racecar_beacon/share/racecar_beacon/package.dsv'
[7.688s] INFO:colcon.colcon_core.shell:Creating package script '/home/racecar/ros2_ws/src/Team10_GROS5/install/racecar_beacon/share/racecar_beacon/package.sh'
[7.689s] INFO:colcon.colcon_core.shell:Creating package script '/home/racecar/ros2_ws/src/Team10_GROS5/install/racecar_beacon/share/racecar_beacon/package.bash'
[7.690s] INFO:colcon.colcon_core.shell:Creating package script '/home/racecar/ros2_ws/src/Team10_GROS5/install/racecar_beacon/share/racecar_beacon/package.zsh'
[7.691s] Level 1:colcon.colcon_core.environment:create_file_with_runtime_dependencies(/home/racecar/ros2_ws/src/Team10_GROS5/install/racecar_beacon/share/colcon-core/packages/racecar_beacon)
[7.694s] INFO:colcon.colcon_ros.task.ament_cmake.build:Building ROS package in '/home/racecar/ros2_ws/src/Team10_GROS5/racecar-ros2/racecar_serial/pb2roscpp' with build type 'ament_cmake'
[7.695s] INFO:colcon.colcon_cmake.task.cmake.build:Building CMake package in '/home/racecar/ros2_ws/src/Team10_GROS5/racecar-ros2/racecar_serial/pb2roscpp'
[7.695s] INFO:colcon.colcon_core.shell:Skip shell extension 'powershell' for command environment: Not usable outside of PowerShell
[7.695s] DEBUG:colcon.colcon_core.shell:Skip shell extension 'dsv' for command environment
[7.740s] DEBUG:colcon.colcon_core.event_handler.log_command:Invoking command in '/home/racecar/ros2_ws/src/Team10_GROS5/build/pb2roscpp': AMENT_PREFIX_PATH=/home/racecar/ros2_ws/src/Team10_GROS5/install/serial:${AMENT_PREFIX_PATH} CMAKE_PREFIX_PATH=/home/racecar/ros2_ws/src/Team10_GROS5/install/serial:/home/racecar/rplidar_ws/install/rplidar_ros:/home/racecar/ros2_ws/install/pb2roscpp:/home/racecar/ros2_ws/install/serial:/opt/ros/jazzy/opt/gz_sim_vendor:/opt/ros/jazzy/opt/gz_sensors_vendor:/opt/ros/jazzy/opt/gz_physics_vendor:/opt/ros/jazzy/opt/sdformat_vendor:/opt/ros/jazzy/opt/gz_gui_vendor:/opt/ros/jazzy/opt/gz_transport_vendor:/opt/ros/jazzy/opt/gz_rendering_vendor:/opt/ros/jazzy/opt/gz_plugin_vendor:/opt/ros/jazzy/opt/gz_fuel_tools_vendor:/opt/ros/jazzy/opt/gz_msgs_vendor:/opt/ros/jazzy/opt/gz_common_vendor:/opt/ros/jazzy/opt/gz_math_vendor:/opt/ros/jazzy/opt/gz_utils_vendor:/opt/ros/jazzy/opt/gz_tools_vendor:/opt/ros/jazzy/opt/gz_ogre_next_vendor:/opt/ros/jazzy/opt/gz_dartsim_vendor:/opt/ros/jazzy/opt/gz_cmake_vendor:/home/racecar/ros2_ws/install/racecar_teleop:/home/racecar/ros2_ws/install/racecar_navigation:/home/racecar/ros2_ws/install/racecar_gazebo:/home/racecar/ros2_ws/install/racecar_description:/home/racecar/ros2_ws/install/racecar_bringup:/home/racecar/ros2_ws/install/racecar_behaviors:/home/racecar/ros2_ws/install/racecar_beacon:/home/racecar/ros2_ws/install/racecar_autopilot:/opt/ros/jazzy DEBUGINFOD_URLS=https://debuginfod.ubuntu.com LD_LIBRARY_PATH=/home/racecar/ros2_ws/src/Team10_GROS5/install/serial/lib:${LD_LIBRARY_PATH} /usr/bin/cmake --build /home/racecar/ros2_ws/src/Team10_GROS5/build/pb2roscpp -- -j4 -l4
[7.974s] DEBUG:colcon.colcon_core.event_handler.log_command:Invoked command in '/home/racecar/ros2_ws/src/Team10_GROS5/build/pb2roscpp' returned '0': AMENT_PREFIX_PATH=/home/racecar/ros2_ws/src/Team10_GROS5/install/serial:${AMENT_PREFIX_PATH} CMAKE_PREFIX_PATH=/home/racecar/ros2_ws/src/Team10_GROS5/install/serial:/home/racecar/rplidar_ws/install/rplidar_ros:/home/racecar/ros2_ws/install/pb2roscpp:/home/racecar/ros2_ws/install/serial:/opt/ros/jazzy/opt/gz_sim_vendor:/opt/ros/jazzy/opt/gz_sensors_vendor:/opt/ros/jazzy/opt/gz_physics_vendor:/opt/ros/jazzy/opt/sdformat_vendor:/opt/ros/jazzy/opt/gz_gui_vendor:/opt/ros/jazzy/opt/gz_transport_vendor:/opt/ros/jazzy/opt/gz_rendering_vendor:/opt/ros/jazzy/opt/gz_plugin_vendor:/opt/ros/jazzy/opt/gz_fuel_tools_vendor:/opt/ros/jazzy/opt/gz_msgs_vendor:/opt/ros/jazzy/opt/gz_common_vendor:/opt/ros/jazzy/opt/gz_math_vendor:/opt/ros/jazzy/opt/gz_utils_vendor:/opt/ros/jazzy/opt/gz_tools_vendor:/opt/ros/jazzy/opt/gz_ogre_next_vendor:/opt/ros/jazzy/opt/gz_dartsim_vendor:/opt/ros/jazzy/opt/gz_cmake_vendor:/home/racecar/ros2_ws/install/racecar_teleop:/home/racecar/ros2_ws/install/racecar_navigation:/home/racecar/ros2_ws/install/racecar_gazebo:/home/racecar/ros2_ws/install/racecar_description:/home/racecar/ros2_ws/install/racecar_bringup:/home/racecar/ros2_ws/install/racecar_behaviors:/home/racecar/ros2_ws/install/racecar_beacon:/home/racecar/ros2_ws/install/racecar_autopilot:/opt/ros/jazzy DEBUGINFOD_URLS=https://debuginfod.ubuntu.com LD_LIBRARY_PATH=/home/racecar/ros2_ws/src/Team10_GROS5/install/serial/lib:${LD_LIBRARY_PATH} /usr/bin/cmake --build /home/racecar/ros2_ws/src/Team10_GROS5/build/pb2roscpp -- -j4 -l4
[7.980s] DEBUG:colcon.colcon_core.event_handler.log_command:Invoking command in '/home/racecar/ros2_ws/src/Team10_GROS5/build/pb2roscpp': AMENT_PREFIX_PATH=/home/racecar/ros2_ws/src/Team10_GROS5/install/serial:${AMENT_PREFIX_PATH} CMAKE_PREFIX_PATH=/home/racecar/ros2_ws/src/Team10_GROS5/install/serial:/home/racecar/rplidar_ws/install/rplidar_ros:/home/racecar/ros2_ws/install/pb2roscpp:/home/racecar/ros2_ws/install/serial:/opt/ros/jazzy/opt/gz_sim_vendor:/opt/ros/jazzy/opt/gz_sensors_vendor:/opt/ros/jazzy/opt/gz_physics_vendor:/opt/ros/jazzy/opt/sdformat_vendor:/opt/ros/jazzy/opt/gz_gui_vendor:/opt/ros/jazzy/opt/gz_transport_vendor:/opt/ros/jazzy/opt/gz_rendering_vendor:/opt/ros/jazzy/opt/gz_plugin_vendor:/opt/ros/jazzy/opt/gz_fuel_tools_vendor:/opt/ros/jazzy/opt/gz_msgs_vendor:/opt/ros/jazzy/opt/gz_common_vendor:/opt/ros/jazzy/opt/gz_math_vendor:/opt/ros/jazzy/opt/gz_utils_vendor:/opt/ros/jazzy/opt/gz_tools_vendor:/opt/ros/jazzy/opt/gz_ogre_next_vendor:/opt/ros/jazzy/opt/gz_dartsim_vendor:/opt/ros/jazzy/opt/gz_cmake_vendor:/home/racecar/ros2_ws/install/racecar_teleop:/home/racecar/ros2_ws/install/racecar_navigation:/home/racecar/ros2_ws/install/racecar_gazebo:/home/racecar/ros2_ws/install/racecar_description:/home/racecar/ros2_ws/install/racecar_bringup:/home/racecar/ros2_ws/install/racecar_behaviors:/home/racecar/ros2_ws/install/racecar_beacon:/home/racecar/ros2_ws/install/racecar_autopilot:/opt/ros/jazzy DEBUGINFOD_URLS=https://debuginfod.ubuntu.com LD_LIBRARY_PATH=/home/racecar/ros2_ws/src/Team10_GROS5/install/serial/lib:${LD_LIBRARY_PATH} /usr/bin/cmake --install /home/racecar/ros2_ws/src/Team10_GROS5/build/pb2roscpp
[8.174s] Level 1:colcon.colcon_core.environment:create_environment_scripts_only(pb2roscpp)
[8.174s] Level 1:colcon.colcon_core.environment:checking '/home/racecar/ros2_ws/src/Team10_GROS5/install/pb2roscpp' for CMake module files
[8.176s] DEBUG:colcon.colcon_core.event_handler.log_command:Invoked command in '/home/racecar/ros2_ws/src/Team10_GROS5/build/pb2roscpp' returned '0': AMENT_PREFIX_PATH=/home/racecar/ros2_ws/src/Team10_GROS5/install/serial:${AMENT_PREFIX_PATH} CMAKE_PREFIX_PATH=/home/racecar/ros2_ws/src/Team10_GROS5/install/serial:/home/racecar/rplidar_ws/install/rplidar_ros:/home/racecar/ros2_ws/install/pb2roscpp:/home/racecar/ros2_ws/install/serial:/opt/ros/jazzy/opt/gz_sim_vendor:/opt/ros/jazzy/opt/gz_sensors_vendor:/opt/ros/jazzy/opt/gz_physics_vendor:/opt/ros/jazzy/opt/sdformat_vendor:/opt/ros/jazzy/opt/gz_gui_vendor:/opt/ros/jazzy/opt/gz_transport_vendor:/opt/ros/jazzy/opt/gz_rendering_vendor:/opt/ros/jazzy/opt/gz_plugin_vendor:/opt/ros/jazzy/opt/gz_fuel_tools_vendor:/opt/ros/jazzy/opt/gz_msgs_vendor:/opt/ros/jazzy/opt/gz_common_vendor:/opt/ros/jazzy/opt/gz_math_vendor:/opt/ros/jazzy/opt/gz_utils_vendor:/opt/ros/jazzy/opt/gz_tools_vendor:/opt/ros/jazzy/opt/gz_ogre_next_vendor:/opt/ros/jazzy/opt/gz_dartsim_vendor:/opt/ros/jazzy/opt/gz_cmake_vendor:/home/racecar/ros2_ws/install/racecar_teleop:/home/racecar/ros2_ws/install/racecar_navigation:/home/racecar/ros2_ws/install/racecar_gazebo:/home/racecar/ros2_ws/install/racecar_description:/home/racecar/ros2_ws/install/racecar_bringup:/home/racecar/ros2_ws/install/racecar_behaviors:/home/racecar/ros2_ws/install/racecar_beacon:/home/racecar/ros2_ws/install/racecar_autopilot:/opt/ros/jazzy DEBUGINFOD_URLS=https://debuginfod.ubuntu.com LD_LIBRARY_PATH=/home/racecar/ros2_ws/src/Team10_GROS5/install/serial/lib:${LD_LIBRARY_PATH} /usr/bin/cmake --install /home/racecar/ros2_ws/src/Team10_GROS5/build/pb2roscpp
[8.179s] Level 1:colcon.colcon_core.environment:checking '/home/racecar/ros2_ws/src/Team10_GROS5/install/pb2roscpp' for CMake config files
[8.181s] Level 1:colcon.colcon_core.shell:create_environment_hook('pb2roscpp', 'cmake_prefix_path')
[8.184s] INFO:colcon.colcon_core.shell:Creating environment hook '/home/racecar/ros2_ws/src/Team10_GROS5/install/pb2roscpp/share/pb2roscpp/hook/cmake_prefix_path.ps1'
[8.186s] INFO:colcon.colcon_core.shell:Creating environment descriptor '/home/racecar/ros2_ws/src/Team10_GROS5/install/pb2roscpp/share/pb2roscpp/hook/cmake_prefix_path.dsv'
[8.191s] INFO:colcon.colcon_core.shell:Creating environment hook '/home/racecar/ros2_ws/src/Team10_GROS5/install/pb2roscpp/share/pb2roscpp/hook/cmake_prefix_path.sh'
[8.193s] Level 1:colcon.colcon_core.environment:checking '/home/racecar/ros2_ws/src/Team10_GROS5/install/pb2roscpp/lib'
[8.193s] Level 1:colcon.colcon_core.environment:checking '/home/racecar/ros2_ws/src/Team10_GROS5/install/pb2roscpp/bin'
[8.193s] Level 1:colcon.colcon_core.environment:checking '/home/racecar/ros2_ws/src/Team10_GROS5/install/pb2roscpp/lib/pkgconfig/pb2roscpp.pc'
[8.194s] Level 1:colcon.colcon_core.environment:checking '/home/racecar/ros2_ws/src/Team10_GROS5/install/pb2roscpp/lib/python3.12/site-packages'
[8.194s] Level 1:colcon.colcon_core.environment:checking '/home/racecar/ros2_ws/src/Team10_GROS5/install/pb2roscpp/bin'
[8.195s] INFO:colcon.colcon_core.shell:Creating package script '/home/racecar/ros2_ws/src/Team10_GROS5/install/pb2roscpp/share/pb2roscpp/package.ps1'
[8.196s] INFO:colcon.colcon_core.shell:Creating package descriptor '/home/racecar/ros2_ws/src/Team10_GROS5/install/pb2roscpp/share/pb2roscpp/package.dsv'
[8.196s] INFO:colcon.colcon_core.shell:Creating package script '/home/racecar/ros2_ws/src/Team10_GROS5/install/pb2roscpp/share/pb2roscpp/package.sh'
[8.197s] INFO:colcon.colcon_core.shell:Creating package script '/home/racecar/ros2_ws/src/Team10_GROS5/install/pb2roscpp/share/pb2roscpp/package.bash'
[8.198s] INFO:colcon.colcon_core.shell:Creating package script '/home/racecar/ros2_ws/src/Team10_GROS5/install/pb2roscpp/share/pb2roscpp/package.zsh'
[8.200s] Level 1:colcon.colcon_core.environment:create_file_with_runtime_dependencies(/home/racecar/ros2_ws/src/Team10_GROS5/install/pb2roscpp/share/colcon-core/packages/pb2roscpp)
[8.201s] Level 1:colcon.colcon_core.environment:create_environment_scripts_only(pb2roscpp)
[8.203s] Level 1:colcon.colcon_core.environment:checking '/home/racecar/ros2_ws/src/Team10_GROS5/install/pb2roscpp' for CMake module files
[8.204s] Level 1:colcon.colcon_core.environment:checking '/home/racecar/ros2_ws/src/Team10_GROS5/install/pb2roscpp' for CMake config files
[8.205s] Level 1:colcon.colcon_core.shell:create_environment_hook('pb2roscpp', 'cmake_prefix_path')
[8.206s] INFO:colcon.colcon_core.shell:Creating environment hook '/home/racecar/ros2_ws/src/Team10_GROS5/install/pb2roscpp/share/pb2roscpp/hook/cmake_prefix_path.ps1'
[8.207s] INFO:colcon.colcon_core.shell:Creating environment descriptor '/home/racecar/ros2_ws/src/Team10_GROS5/install/pb2roscpp/share/pb2roscpp/hook/cmake_prefix_path.dsv'
[8.209s] INFO:colcon.colcon_core.shell:Creating environment hook '/home/racecar/ros2_ws/src/Team10_GROS5/install/pb2roscpp/share/pb2roscpp/hook/cmake_prefix_path.sh'
[8.211s] Level 1:colcon.colcon_core.environment:checking '/home/racecar/ros2_ws/src/Team10_GROS5/install/pb2roscpp/lib'
[8.212s] Level 1:colcon.colcon_core.environment:checking '/home/racecar/ros2_ws/src/Team10_GROS5/install/pb2roscpp/bin'
[8.212s] Level 1:colcon.colcon_core.environment:checking '/home/racecar/ros2_ws/src/Team10_GROS5/install/pb2roscpp/lib/pkgconfig/pb2roscpp.pc'
[8.212s] Level 1:colcon.colcon_core.environment:checking '/home/racecar/ros2_ws/src/Team10_GROS5/install/pb2roscpp/lib/python3.12/site-packages'
[8.213s] Level 1:colcon.colcon_core.environment:checking '/home/racecar/ros2_ws/src/Team10_GROS5/install/pb2roscpp/bin'
[8.215s] INFO:colcon.colcon_core.shell:Creating package script '/home/racecar/ros2_ws/src/Team10_GROS5/install/pb2roscpp/share/pb2roscpp/package.ps1'
[8.218s] INFO:colcon.colcon_core.shell:Creating package descriptor '/home/racecar/ros2_ws/src/Team10_GROS5/install/pb2roscpp/share/pb2roscpp/package.dsv'
[8.219s] INFO:colcon.colcon_core.shell:Creating package script '/home/racecar/ros2_ws/src/Team10_GROS5/install/pb2roscpp/share/pb2roscpp/package.sh'
[8.220s] INFO:colcon.colcon_core.shell:Creating package script '/home/racecar/ros2_ws/src/Team10_GROS5/install/pb2roscpp/share/pb2roscpp/package.bash'
[8.222s] INFO:colcon.colcon_core.shell:Creating package script '/home/racecar/ros2_ws/src/Team10_GROS5/install/pb2roscpp/share/pb2roscpp/package.zsh'
[8.223s] Level 1:colcon.colcon_core.environment:create_file_with_runtime_dependencies(/home/racecar/ros2_ws/src/Team10_GROS5/install/pb2roscpp/share/colcon-core/packages/pb2roscpp)
[8.230s] INFO:colcon.colcon_ros.task.ament_python.build:Building ROS package in '/home/racecar/ros2_ws/src/Team10_GROS5/racecar-ros2/racecar_navigation' with build type 'ament_python'
[8.231s] Level 1:colcon.colcon_core.shell:create_environment_hook('racecar_navigation', 'ament_prefix_path')
[8.231s] INFO:colcon.colcon_core.shell:Creating environment hook '/home/racecar/ros2_ws/src/Team10_GROS5/install/racecar_navigation/share/racecar_navigation/hook/ament_prefix_path.ps1'
[8.233s] INFO:colcon.colcon_core.shell:Creating environment descriptor '/home/racecar/ros2_ws/src/Team10_GROS5/install/racecar_navigation/share/racecar_navigation/hook/ament_prefix_path.dsv'
[8.235s] INFO:colcon.colcon_core.shell:Creating environment hook '/home/racecar/ros2_ws/src/Team10_GROS5/install/racecar_navigation/share/racecar_navigation/hook/ament_prefix_path.sh'
[8.237s] INFO:colcon.colcon_core.shell:Skip shell extension 'powershell' for command environment: Not usable outside of PowerShell
[8.237s] DEBUG:colcon.colcon_core.shell:Skip shell extension 'dsv' for command environment
[8.270s] DEBUG:colcon.colcon_core.event_handler.log_command:Invoking command in '/home/racecar/ros2_ws/src/Team10_GROS5/racecar-ros2/racecar_description': DEBUGINFOD_URLS=https://debuginfod.ubuntu.com PYTHONPATH=/home/racecar/ros2_ws/src/Team10_GROS5/build/racecar_description/prefix_override:/usr/lib/python3/dist-packages/colcon_core/task/python/colcon_distutils_commands:/home/racecar/ros2_ws/src/Team10_GROS5/install/racecar_description/lib/python3.12/site-packages:${PYTHONPATH} /usr/bin/python3 -W ignore:setup.py install is deprecated -W ignore:easy_install command is deprecated setup.py egg_info --egg-base ../../build/racecar_description build --build-base /home/racecar/ros2_ws/src/Team10_GROS5/build/racecar_description/build install --record /home/racecar/ros2_ws/src/Team10_GROS5/build/racecar_description/install.log --single-version-externally-managed install_data
[8.964s] INFO:colcon.colcon_core.task.python.build:Building Python package in '/home/racecar/ros2_ws/src/Team10_GROS5/racecar-ros2/racecar_navigation'
[8.965s] INFO:colcon.colcon_core.shell:Skip shell extension 'powershell' for command environment: Not usable outside of PowerShell
[8.965s] DEBUG:colcon.colcon_core.shell:Skip shell extension 'dsv' for command environment
[9.569s] DEBUG:colcon.colcon_core.event_handler.log_command:Invoking command in '/home/racecar/ros2_ws/src/Team10_GROS5/racecar-ros2/racecar_teleop': DEBUGINFOD_URLS=https://debuginfod.ubuntu.com PYTHONPATH=/home/racecar/ros2_ws/src/Team10_GROS5/build/racecar_teleop/prefix_override:/usr/lib/python3/dist-packages/colcon_core/task/python/colcon_distutils_commands:/home/racecar/ros2_ws/src/Team10_GROS5/install/racecar_teleop/lib/python3.12/site-packages:${PYTHONPATH} /usr/bin/python3 -W ignore:setup.py install is deprecated -W ignore:easy_install command is deprecated setup.py egg_info --egg-base ../../build/racecar_teleop build --build-base /home/racecar/ros2_ws/src/Team10_GROS5/build/racecar_teleop/build install --record /home/racecar/ros2_ws/src/Team10_GROS5/build/racecar_teleop/install.log --single-version-externally-managed install_data
[9.602s] DEBUG:colcon.colcon_core.event_handler.log_command:Invoking command in '/home/racecar/ros2_ws/src/Team10_GROS5/racecar-ros2/racecar_gazebo': DEBUGINFOD_URLS=https://debuginfod.ubuntu.com PYTHONPATH=/home/racecar/ros2_ws/src/Team10_GROS5/build/racecar_gazebo/prefix_override:/usr/lib/python3/dist-packages/colcon_core/task/python/colcon_distutils_commands:/home/racecar/ros2_ws/src/Team10_GROS5/install/racecar_gazebo/lib/python3.12/site-packages:${PYTHONPATH} /usr/bin/python3 -W ignore:setup.py install is deprecated -W ignore:easy_install command is deprecated setup.py egg_info --egg-base ../../build/racecar_gazebo build --build-base /home/racecar/ros2_ws/src/Team10_GROS5/build/racecar_gazebo/build install --record /home/racecar/ros2_ws/src/Team10_GROS5/build/racecar_gazebo/install.log --single-version-externally-managed install_data
[9.869s] Level 1:colcon.colcon_core.environment:checking '/home/racecar/ros2_ws/src/Team10_GROS5/install/racecar_description' for CMake module files
[9.869s] Level 1:colcon.colcon_core.environment:checking '/home/racecar/ros2_ws/src/Team10_GROS5/install/racecar_description' for CMake config files
[9.871s] Level 1:colcon.colcon_core.environment:checking '/home/racecar/ros2_ws/src/Team10_GROS5/install/racecar_description/lib'
[9.872s] DEBUG:colcon.colcon_core.event_handler.log_command:Invoked command in '/home/racecar/ros2_ws/src/Team10_GROS5/racecar-ros2/racecar_description' returned '0': DEBUGINFOD_URLS=https://debuginfod.ubuntu.com PYTHONPATH=/home/racecar/ros2_ws/src/Team10_GROS5/build/racecar_description/prefix_override:/usr/lib/python3/dist-packages/colcon_core/task/python/colcon_distutils_commands:/home/racecar/ros2_ws/src/Team10_GROS5/install/racecar_description/lib/python3.12/site-packages:${PYTHONPATH} /usr/bin/python3 -W ignore:setup.py install is deprecated -W ignore:easy_install command is deprecated setup.py egg_info --egg-base ../../build/racecar_description build --build-base /home/racecar/ros2_ws/src/Team10_GROS5/build/racecar_description/build install --record /home/racecar/ros2_ws/src/Team10_GROS5/build/racecar_description/install.log --single-version-externally-managed install_data
[9.872s] Level 1:colcon.colcon_core.environment:checking '/home/racecar/ros2_ws/src/Team10_GROS5/install/racecar_description/bin'
[9.872s] Level 1:colcon.colcon_core.environment:checking '/home/racecar/ros2_ws/src/Team10_GROS5/install/racecar_description/lib/pkgconfig/racecar_description.pc'
[9.873s] Level 1:colcon.colcon_core.environment:checking '/home/racecar/ros2_ws/src/Team10_GROS5/install/racecar_description/lib/python3.12/site-packages'
[9.873s] Level 1:colcon.colcon_core.shell:create_environment_hook('racecar_description', 'pythonpath')
[9.874s] INFO:colcon.colcon_core.shell:Creating environment hook '/home/racecar/ros2_ws/src/Team10_GROS5/install/racecar_description/share/racecar_description/hook/pythonpath.ps1'
[9.876s] INFO:colcon.colcon_core.shell:Creating environment descriptor '/home/racecar/ros2_ws/src/Team10_GROS5/install/racecar_description/share/racecar_description/hook/pythonpath.dsv'
[9.877s] INFO:colcon.colcon_core.shell:Creating environment hook '/home/racecar/ros2_ws/src/Team10_GROS5/install/racecar_description/share/racecar_description/hook/pythonpath.sh'
[9.879s] Level 1:colcon.colcon_core.environment:checking '/home/racecar/ros2_ws/src/Team10_GROS5/install/racecar_description/bin'
[9.880s] Level 1:colcon.colcon_core.environment:create_environment_scripts_only(racecar_description)
[9.881s] INFO:colcon.colcon_core.shell:Creating package script '/home/racecar/ros2_ws/src/Team10_GROS5/install/racecar_description/share/racecar_description/package.ps1'
[9.882s] INFO:colcon.colcon_core.shell:Creating package descriptor '/home/racecar/ros2_ws/src/Team10_GROS5/install/racecar_description/share/racecar_description/package.dsv'
[9.884s] INFO:colcon.colcon_core.shell:Creating package script '/home/racecar/ros2_ws/src/Team10_GROS5/install/racecar_description/share/racecar_description/package.sh'
[9.886s] INFO:colcon.colcon_core.shell:Creating package script '/home/racecar/ros2_ws/src/Team10_GROS5/install/racecar_description/share/racecar_description/package.bash'
[9.887s] INFO:colcon.colcon_core.shell:Creating package script '/home/racecar/ros2_ws/src/Team10_GROS5/install/racecar_description/share/racecar_description/package.zsh'
[9.888s] Level 1:colcon.colcon_core.environment:create_file_with_runtime_dependencies(/home/racecar/ros2_ws/src/Team10_GROS5/install/racecar_description/share/colcon-core/packages/racecar_description)
[10.805s] DEBUG:colcon.colcon_core.event_handler.log_command:Invoking command in '/home/racecar/ros2_ws/src/Team10_GROS5/racecar-ros2/racecar_navigation': AMENT_PREFIX_PATH=/home/racecar/ros2_ws/src/Team10_GROS5/install/racecar_bringup:/home/racecar/ros2_ws/src/Team10_GROS5/install/racecar_behaviors:${AMENT_PREFIX_PATH} DEBUGINFOD_URLS=https://debuginfod.ubuntu.com PYTHONPATH=/home/racecar/ros2_ws/src/Team10_GROS5/build/racecar_navigation/prefix_override:/usr/lib/python3/dist-packages/colcon_core/task/python/colcon_distutils_commands:/home/racecar/ros2_ws/src/Team10_GROS5/install/racecar_navigation/lib/python3.12/site-packages:/home/racecar/ros2_ws/src/Team10_GROS5/install/racecar_bringup/lib/python3.12/site-packages:/home/racecar/ros2_ws/src/Team10_GROS5/install/racecar_behaviors/lib/python3.12/site-packages:${PYTHONPATH} /usr/bin/python3 -W ignore:setup.py install is deprecated -W ignore:easy_install command is deprecated setup.py egg_info --egg-base ../../build/racecar_navigation build --build-base /home/racecar/ros2_ws/src/Team10_GROS5/build/racecar_navigation/build install --record /home/racecar/ros2_ws/src/Team10_GROS5/build/racecar_navigation/install.log --single-version-externally-managed install_data
[11.168s] Level 1:colcon.colcon_core.environment:checking '/home/racecar/ros2_ws/src/Team10_GROS5/install/racecar_teleop' for CMake module files
[11.169s] Level 1:colcon.colcon_core.environment:checking '/home/racecar/ros2_ws/src/Team10_GROS5/install/racecar_teleop' for CMake config files
[11.171s] DEBUG:colcon.colcon_core.event_handler.log_command:Invoked command in '/home/racecar/ros2_ws/src/Team10_GROS5/racecar-ros2/racecar_teleop' returned '0': DEBUGINFOD_URLS=https://debuginfod.ubuntu.com PYTHONPATH=/home/racecar/ros2_ws/src/Team10_GROS5/build/racecar_teleop/prefix_override:/usr/lib/python3/dist-packages/colcon_core/task/python/colcon_distutils_commands:/home/racecar/ros2_ws/src/Team10_GROS5/install/racecar_teleop/lib/python3.12/site-packages:${PYTHONPATH} /usr/bin/python3 -W ignore:setup.py install is deprecated -W ignore:easy_install command is deprecated setup.py egg_info --egg-base ../../build/racecar_teleop build --build-base /home/racecar/ros2_ws/src/Team10_GROS5/build/racecar_teleop/build install --record /home/racecar/ros2_ws/src/Team10_GROS5/build/racecar_teleop/install.log --single-version-externally-managed install_data
[11.172s] Level 1:colcon.colcon_core.environment:checking '/home/racecar/ros2_ws/src/Team10_GROS5/install/racecar_teleop/lib'
[11.172s] Level 1:colcon.colcon_core.environment:checking '/home/racecar/ros2_ws/src/Team10_GROS5/install/racecar_teleop/bin'
[11.173s] Level 1:colcon.colcon_core.environment:checking '/home/racecar/ros2_ws/src/Team10_GROS5/install/racecar_teleop/lib/pkgconfig/racecar_teleop.pc'
[11.173s] Level 1:colcon.colcon_core.environment:checking '/home/racecar/ros2_ws/src/Team10_GROS5/install/racecar_teleop/lib/python3.12/site-packages'
[11.174s] Level 1:colcon.colcon_core.shell:create_environment_hook('racecar_teleop', 'pythonpath')
[11.175s] INFO:colcon.colcon_core.shell:Creating environment hook '/home/racecar/ros2_ws/src/Team10_GROS5/install/racecar_teleop/share/racecar_teleop/hook/pythonpath.ps1'
[11.176s] INFO:colcon.colcon_core.shell:Creating environment descriptor '/home/racecar/ros2_ws/src/Team10_GROS5/install/racecar_teleop/share/racecar_teleop/hook/pythonpath.dsv'
[11.178s] INFO:colcon.colcon_core.shell:Creating environment hook '/home/racecar/ros2_ws/src/Team10_GROS5/install/racecar_teleop/share/racecar_teleop/hook/pythonpath.sh'
[11.180s] Level 1:colcon.colcon_core.environment:checking '/home/racecar/ros2_ws/src/Team10_GROS5/install/racecar_teleop/bin'
[11.180s] Level 1:colcon.colcon_core.environment:create_environment_scripts_only(racecar_teleop)
[11.181s] INFO:colcon.colcon_core.shell:Creating package script '/home/racecar/ros2_ws/src/Team10_GROS5/install/racecar_teleop/share/racecar_teleop/package.ps1'
[11.183s] INFO:colcon.colcon_core.shell:Creating package descriptor '/home/racecar/ros2_ws/src/Team10_GROS5/install/racecar_teleop/share/racecar_teleop/package.dsv'
[11.185s] INFO:colcon.colcon_core.shell:Creating package script '/home/racecar/ros2_ws/src/Team10_GROS5/install/racecar_teleop/share/racecar_teleop/package.sh'
[11.187s] INFO:colcon.colcon_core.shell:Creating package script '/home/racecar/ros2_ws/src/Team10_GROS5/install/racecar_teleop/share/racecar_teleop/package.bash'
[11.189s] INFO:colcon.colcon_core.shell:Creating package script '/home/racecar/ros2_ws/src/Team10_GROS5/install/racecar_teleop/share/racecar_teleop/package.zsh'
[11.190s] Level 1:colcon.colcon_core.environment:create_file_with_runtime_dependencies(/home/racecar/ros2_ws/src/Team10_GROS5/install/racecar_teleop/share/colcon-core/packages/racecar_teleop)
[11.232s] Level 1:colcon.colcon_core.environment:checking '/home/racecar/ros2_ws/src/Team10_GROS5/install/racecar_gazebo' for CMake module files
[11.232s] DEBUG:colcon.colcon_core.event_handler.log_command:Invoked command in '/home/racecar/ros2_ws/src/Team10_GROS5/racecar-ros2/racecar_gazebo' returned '0': DEBUGINFOD_URLS=https://debuginfod.ubuntu.com PYTHONPATH=/home/racecar/ros2_ws/src/Team10_GROS5/build/racecar_gazebo/prefix_override:/usr/lib/python3/dist-packages/colcon_core/task/python/colcon_distutils_commands:/home/racecar/ros2_ws/src/Team10_GROS5/install/racecar_gazebo/lib/python3.12/site-packages:${PYTHONPATH} /usr/bin/python3 -W ignore:setup.py install is deprecated -W ignore:easy_install command is deprecated setup.py egg_info --egg-base ../../build/racecar_gazebo build --build-base /home/racecar/ros2_ws/src/Team10_GROS5/build/racecar_gazebo/build install --record /home/racecar/ros2_ws/src/Team10_GROS5/build/racecar_gazebo/install.log --single-version-externally-managed install_data
[11.233s] Level 1:colcon.colcon_core.environment:checking '/home/racecar/ros2_ws/src/Team10_GROS5/install/racecar_gazebo' for CMake config files
[11.235s] Level 1:colcon.colcon_core.environment:checking '/home/racecar/ros2_ws/src/Team10_GROS5/install/racecar_gazebo/lib'
[11.235s] Level 1:colcon.colcon_core.environment:checking '/home/racecar/ros2_ws/src/Team10_GROS5/install/racecar_gazebo/bin'
[11.235s] Level 1:colcon.colcon_core.environment:checking '/home/racecar/ros2_ws/src/Team10_GROS5/install/racecar_gazebo/lib/pkgconfig/racecar_gazebo.pc'
[11.235s] Level 1:colcon.colcon_core.environment:checking '/home/racecar/ros2_ws/src/Team10_GROS5/install/racecar_gazebo/lib/python3.12/site-packages'
[11.235s] Level 1:colcon.colcon_core.shell:create_environment_hook('racecar_gazebo', 'pythonpath')
[11.236s] INFO:colcon.colcon_core.shell:Creating environment hook '/home/racecar/ros2_ws/src/Team10_GROS5/install/racecar_gazebo/share/racecar_gazebo/hook/pythonpath.ps1'
[11.236s] INFO:colcon.colcon_core.shell:Creating environment descriptor '/home/racecar/ros2_ws/src/Team10_GROS5/install/racecar_gazebo/share/racecar_gazebo/hook/pythonpath.dsv'
[11.238s] INFO:colcon.colcon_core.shell:Creating environment hook '/home/racecar/ros2_ws/src/Team10_GROS5/install/racecar_gazebo/share/racecar_gazebo/hook/pythonpath.sh'
[11.240s] Level 1:colcon.colcon_core.environment:checking '/home/racecar/ros2_ws/src/Team10_GROS5/install/racecar_gazebo/bin'
[11.240s] Level 1:colcon.colcon_core.environment:create_environment_scripts_only(racecar_gazebo)
[11.240s] INFO:colcon.colcon_core.shell:Creating package script '/home/racecar/ros2_ws/src/Team10_GROS5/install/racecar_gazebo/share/racecar_gazebo/package.ps1'
[11.241s] INFO:colcon.colcon_core.shell:Creating package descriptor '/home/racecar/ros2_ws/src/Team10_GROS5/install/racecar_gazebo/share/racecar_gazebo/package.dsv'
[11.243s] INFO:colcon.colcon_core.shell:Creating package script '/home/racecar/ros2_ws/src/Team10_GROS5/install/racecar_gazebo/share/racecar_gazebo/package.sh'
[11.244s] INFO:colcon.colcon_core.shell:Creating package script '/home/racecar/ros2_ws/src/Team10_GROS5/install/racecar_gazebo/share/racecar_gazebo/package.bash'
[11.246s] INFO:colcon.colcon_core.shell:Creating package script '/home/racecar/ros2_ws/src/Team10_GROS5/install/racecar_gazebo/share/racecar_gazebo/package.zsh'
[11.247s] Level 1:colcon.colcon_core.environment:create_file_with_runtime_dependencies(/home/racecar/ros2_ws/src/Team10_GROS5/install/racecar_gazebo/share/colcon-core/packages/racecar_gazebo)
[12.181s] Level 1:colcon.colcon_core.environment:checking '/home/racecar/ros2_ws/src/Team10_GROS5/install/racecar_navigation' for CMake module files
[12.182s] DEBUG:colcon.colcon_core.event_handler.log_command:Invoked command in '/home/racecar/ros2_ws/src/Team10_GROS5/racecar-ros2/racecar_navigation' returned '0': AMENT_PREFIX_PATH=/home/racecar/ros2_ws/src/Team10_GROS5/install/racecar_bringup:/home/racecar/ros2_ws/src/Team10_GROS5/install/racecar_behaviors:${AMENT_PREFIX_PATH} DEBUGINFOD_URLS=https://debuginfod.ubuntu.com PYTHONPATH=/home/racecar/ros2_ws/src/Team10_GROS5/build/racecar_navigation/prefix_override:/usr/lib/python3/dist-packages/colcon_core/task/python/colcon_distutils_commands:/home/racecar/ros2_ws/src/Team10_GROS5/install/racecar_navigation/lib/python3.12/site-packages:/home/racecar/ros2_ws/src/Team10_GROS5/install/racecar_bringup/lib/python3.12/site-packages:/home/racecar/ros2_ws/src/Team10_GROS5/install/racecar_behaviors/lib/python3.12/site-packages:${PYTHONPATH} /usr/bin/python3 -W ignore:setup.py install is deprecated -W ignore:easy_install command is deprecated setup.py egg_info --egg-base ../../build/racecar_navigation build --build-base /home/racecar/ros2_ws/src/Team10_GROS5/build/racecar_navigation/build install --record /home/racecar/ros2_ws/src/Team10_GROS5/build/racecar_navigation/install.log --single-version-externally-managed install_data
[12.183s] Level 1:colcon.colcon_core.environment:checking '/home/racecar/ros2_ws/src/Team10_GROS5/install/racecar_navigation' for CMake config files
[12.185s] Level 1:colcon.colcon_core.environment:checking '/home/racecar/ros2_ws/src/Team10_GROS5/install/racecar_navigation/lib'
[12.186s] Level 1:colcon.colcon_core.environment:checking '/home/racecar/ros2_ws/src/Team10_GROS5/install/racecar_navigation/bin'
[12.186s] Level 1:colcon.colcon_core.environment:checking '/home/racecar/ros2_ws/src/Team10_GROS5/install/racecar_navigation/lib/pkgconfig/racecar_navigation.pc'
[12.187s] Level 1:colcon.colcon_core.environment:checking '/home/racecar/ros2_ws/src/Team10_GROS5/install/racecar_navigation/lib/python3.12/site-packages'
[12.188s] Level 1:colcon.colcon_core.shell:create_environment_hook('racecar_navigation', 'pythonpath')
[12.188s] INFO:colcon.colcon_core.shell:Creating environment hook '/home/racecar/ros2_ws/src/Team10_GROS5/install/racecar_navigation/share/racecar_navigation/hook/pythonpath.ps1'
[12.190s] INFO:colcon.colcon_core.shell:Creating environment descriptor '/home/racecar/ros2_ws/src/Team10_GROS5/install/racecar_navigation/share/racecar_navigation/hook/pythonpath.dsv'
[12.191s] INFO:colcon.colcon_core.shell:Creating environment hook '/home/racecar/ros2_ws/src/Team10_GROS5/install/racecar_navigation/share/racecar_navigation/hook/pythonpath.sh'
[12.192s] Level 1:colcon.colcon_core.environment:checking '/home/racecar/ros2_ws/src/Team10_GROS5/install/racecar_navigation/bin'
[12.192s] Level 1:colcon.colcon_core.environment:create_environment_scripts_only(racecar_navigation)
[12.193s] INFO:colcon.colcon_core.shell:Creating package script '/home/racecar/ros2_ws/src/Team10_GROS5/install/racecar_navigation/share/racecar_navigation/package.ps1'
[12.194s] INFO:colcon.colcon_core.shell:Creating package descriptor '/home/racecar/ros2_ws/src/Team10_GROS5/install/racecar_navigation/share/racecar_navigation/package.dsv'
[12.195s] INFO:colcon.colcon_core.shell:Creating package script '/home/racecar/ros2_ws/src/Team10_GROS5/install/racecar_navigation/share/racecar_navigation/package.sh'
[12.197s] INFO:colcon.colcon_core.shell:Creating package script '/home/racecar/ros2_ws/src/Team10_GROS5/install/racecar_navigation/share/racecar_navigation/package.bash'
[12.198s] INFO:colcon.colcon_core.shell:Creating package script '/home/racecar/ros2_ws/src/Team10_GROS5/install/racecar_navigation/share/racecar_navigation/package.zsh'
[12.199s] Level 1:colcon.colcon_core.environment:create_file_with_runtime_dependencies(/home/racecar/ros2_ws/src/Team10_GROS5/install/racecar_navigation/share/colcon-core/packages/racecar_navigation)
[12.201s] DEBUG:colcon.colcon_parallel_executor.executor.parallel:closing loop
[12.201s] DEBUG:colcon.colcon_parallel_executor.executor.parallel:loop closed
[12.201s] DEBUG:colcon.colcon_parallel_executor.executor.parallel:run_until_complete finished with '0'
[12.201s] DEBUG:colcon.colcon_core.event_reactor:joining thread
[12.215s] INFO:colcon.colcon_core.plugin_system:Skipping extension 'colcon_notification.desktop_notification.terminal_notifier': Not used on non-Darwin systems
[12.215s] INFO:colcon.colcon_core.plugin_system:Skipping extension 'colcon_notification.desktop_notification.win32': Not used on non-Windows systems
[12.215s] INFO:colcon.colcon_notification.desktop_notification:Sending desktop notification using 'notify2'
[12.247s] DEBUG:colcon.colcon_core.event_reactor:joined thread
[12.248s] INFO:colcon.colcon_core.shell:Creating prefix script '/home/racecar/ros2_ws/src/Team10_GROS5/install/local_setup.ps1'
[12.249s] INFO:colcon.colcon_core.shell:Creating prefix util module '/home/racecar/ros2_ws/src/Team10_GROS5/install/_local_setup_util_ps1.py'
[12.251s] INFO:colcon.colcon_core.shell:Creating prefix chain script '/home/racecar/ros2_ws/src/Team10_GROS5/install/setup.ps1'
[12.253s] INFO:colcon.colcon_core.shell:Creating prefix script '/home/racecar/ros2_ws/src/Team10_GROS5/install/local_setup.sh'
[12.258s] INFO:colcon.colcon_core.shell:Creating prefix util module '/home/racecar/ros2_ws/src/Team10_GROS5/install/_local_setup_util_sh.py'
[12.259s] INFO:colcon.colcon_core.shell:Creating prefix chain script '/home/racecar/ros2_ws/src/Team10_GROS5/install/setup.sh'
[12.261s] INFO:colcon.colcon_core.shell:Creating prefix script '/home/racecar/ros2_ws/src/Team10_GROS5/install/local_setup.bash'
[12.262s] INFO:colcon.colcon_core.shell:Creating prefix chain script '/home/racecar/ros2_ws/src/Team10_GROS5/install/setup.bash'
[12.265s] INFO:colcon.colcon_core.shell:Creating prefix script '/home/racecar/ros2_ws/src/Team10_GROS5/install/local_setup.zsh'
[12.266s] INFO:colcon.colcon_core.shell:Creating prefix chain script '/home/racecar/ros2_ws/src/Team10_GROS5/install/setup.zsh'
