[0.153s] DEBUG:colcon:Command line arguments: ['/usr/bin/colcon', 'build']
[0.153s] DEBUG:colcon:Parsed command line arguments: Namespace(log_base=None, log_level=None, verb_name='build', build_base='build', install_base='install', merge_install=False, symlink_install=False, test_result_base=None, continue_on_error=False, executor='parallel', parallel_workers=4, event_handlers=None, ignore_user_meta=False, metas=['./colcon.meta'], base_paths=['.'], packages_ignore=None, packages_ignore_regex=None, paths=None, packages_up_to=None, packages_up_to_regex=None, packages_above=None, packages_above_and_dependencies=None, packages_above_depth=None, packages_select_by_dep=None, packages_skip_by_dep=None, packages_skip_up_to=None, packages_select_build_failed=False, packages_skip_build_finished=False, packages_select_test_failures=False, packages_skip_test_passed=False, packages_select=None, packages_skip=None, packages_select_regex=None, packages_skip_regex=None, packages_start=None, packages_end=None, cmake_args=None, cmake_target=None, cmake_target_skip_unavailable=False, cmake_clean_cache=False, cmake_clean_first=False, cmake_force_configure=False, ament_cmake_args=None, catkin_cmake_args=None, catkin_skip_building_tests=False, mixin_files=None, mixin=None, verb_parser=<colcon_mixin.mixin.mixin_argument.MixinArgumentDecorator object at 0xffff877f1850>, verb_extension=<colcon_core.verb.build.BuildVerb object at 0xffff879cdfd0>, main=<bound method BuildVerb.main of <colcon_core.verb.build.BuildVerb object at 0xffff879cdfd0>>, mixin_verb=('build',))
[0.210s] Level 1:colcon.colcon_core.package_discovery:discover_packages(colcon_meta) check parameters
[0.211s] Level 1:colcon.colcon_core.package_discovery:discover_packages(recursive) check parameters
[0.211s] Level 1:colcon.colcon_core.package_discovery:discover_packages(ignore) check parameters
[0.211s] Level 1:colcon.colcon_core.package_discovery:discover_packages(path) check parameters
[0.211s] Level 1:colcon.colcon_core.package_discovery:discover_packages(colcon_meta) discover
[0.211s] Level 1:colcon.colcon_core.package_discovery:discover_packages(recursive) discover
[0.211s] INFO:colcon.colcon_core.package_discovery:Crawling recursively for packages in '/home/racecar/ros2_ws/src/Team10_GROS5'
[0.211s] Level 1:colcon.colcon_core.package_identification:_identify(.) by extensions ['ignore', 'ignore_ament_install']
[0.211s] Level 1:colcon.colcon_core.package_identification:_identify(.) by extension 'ignore'
[0.211s] Level 1:colcon.colcon_core.package_identification:_identify(.) by extension 'ignore_ament_install'
[0.211s] Level 1:colcon.colcon_core.package_identification:_identify(.) by extensions ['colcon_pkg']
[0.211s] Level 1:colcon.colcon_core.package_identification:_identify(.) by extension 'colcon_pkg'
[0.211s] Level 1:colcon.colcon_core.package_identification:_identify(.) by extensions ['colcon_meta']
[0.211s] Level 1:colcon.colcon_core.package_identification:_identify(.) by extension 'colcon_meta'
[0.211s] Level 1:colcon.colcon_core.package_identification:_identify(.) by extensions ['ros']
[0.211s] Level 1:colcon.colcon_core.package_identification:_identify(.) by extension 'ros'
[0.250s] Level 1:colcon.colcon_core.package_identification:_identify(.) by extensions ['cmake', 'python']
[0.250s] Level 1:colcon.colcon_core.package_identification:_identify(.) by extension 'cmake'
[0.250s] Level 1:colcon.colcon_core.package_identification:_identify(.) by extension 'python'
[0.250s] Level 1:colcon.colcon_core.package_identification:_identify(.) by extensions ['python_setup_py']
[0.250s] Level 1:colcon.colcon_core.package_identification:_identify(.) by extension 'python_setup_py'
[0.250s] Level 1:colcon.colcon_core.package_identification:_identify(build) by extensions ['ignore', 'ignore_ament_install']
[0.250s] Level 1:colcon.colcon_core.package_identification:_identify(build) by extension 'ignore'
[0.250s] Level 1:colcon.colcon_core.package_identification:_identify(build) ignored
[0.250s] Level 1:colcon.colcon_core.package_identification:_identify(install) by extensions ['ignore', 'ignore_ament_install']
[0.250s] Level 1:colcon.colcon_core.package_identification:_identify(install) by extension 'ignore'
[0.250s] Level 1:colcon.colcon_core.package_identification:_identify(install) ignored
[0.251s] Level 1:colcon.colcon_core.package_identification:_identify(log) by extensions ['ignore', 'ignore_ament_install']
[0.251s] Level 1:colcon.colcon_core.package_identification:_identify(log) by extension 'ignore'
[0.251s] Level 1:colcon.colcon_core.package_identification:_identify(log) ignored
[0.251s] Level 1:colcon.colcon_core.package_identification:_identify(racecar-ros2) by extensions ['ignore', 'ignore_ament_install']
[0.251s] Level 1:colcon.colcon_core.package_identification:_identify(racecar-ros2) by extension 'ignore'
[0.251s] Level 1:colcon.colcon_core.package_identification:_identify(racecar-ros2) by extension 'ignore_ament_install'
[0.251s] Level 1:colcon.colcon_core.package_identification:_identify(racecar-ros2) by extensions ['colcon_pkg']
[0.251s] Level 1:colcon.colcon_core.package_identification:_identify(racecar-ros2) by extension 'colcon_pkg'
[0.251s] Level 1:colcon.colcon_core.package_identification:_identify(racecar-ros2) by extensions ['colcon_meta']
[0.251s] Level 1:colcon.colcon_core.package_identification:_identify(racecar-ros2) by extension 'colcon_meta'
[0.251s] Level 1:colcon.colcon_core.package_identification:_identify(racecar-ros2) by extensions ['ros']
[0.251s] Level 1:colcon.colcon_core.package_identification:_identify(racecar-ros2) by extension 'ros'
[0.251s] Level 1:colcon.colcon_core.package_identification:_identify(racecar-ros2) by extensions ['cmake', 'python']
[0.251s] Level 1:colcon.colcon_core.package_identification:_identify(racecar-ros2) by extension 'cmake'
[0.251s] Level 1:colcon.colcon_core.package_identification:_identify(racecar-ros2) by extension 'python'
[0.251s] Level 1:colcon.colcon_core.package_identification:_identify(racecar-ros2) by extensions ['python_setup_py']
[0.252s] Level 1:colcon.colcon_core.package_identification:_identify(racecar-ros2) by extension 'python_setup_py'
[0.252s] Level 1:colcon.colcon_core.package_identification:_identify(racecar-ros2/doc) by extensions ['ignore', 'ignore_ament_install']
[0.252s] Level 1:colcon.colcon_core.package_identification:_identify(racecar-ros2/doc) by extension 'ignore'
[0.252s] Level 1:colcon.colcon_core.package_identification:_identify(racecar-ros2/doc) by extension 'ignore_ament_install'
[0.252s] Level 1:colcon.colcon_core.package_identification:_identify(racecar-ros2/doc) by extensions ['colcon_pkg']
[0.252s] Level 1:colcon.colcon_core.package_identification:_identify(racecar-ros2/doc) by extension 'colcon_pkg'
[0.252s] Level 1:colcon.colcon_core.package_identification:_identify(racecar-ros2/doc) by extensions ['colcon_meta']
[0.252s] Level 1:colcon.colcon_core.package_identification:_identify(racecar-ros2/doc) by extension 'colcon_meta'
[0.252s] Level 1:colcon.colcon_core.package_identification:_identify(racecar-ros2/doc) by extensions ['ros']
[0.252s] Level 1:colcon.colcon_core.package_identification:_identify(racecar-ros2/doc) by extension 'ros'
[0.252s] Level 1:colcon.colcon_core.package_identification:_identify(racecar-ros2/doc) by extensions ['cmake', 'python']
[0.252s] Level 1:colcon.colcon_core.package_identification:_identify(racecar-ros2/doc) by extension 'cmake'
[0.252s] Level 1:colcon.colcon_core.package_identification:_identify(racecar-ros2/doc) by extension 'python'
[0.252s] Level 1:colcon.colcon_core.package_identification:_identify(racecar-ros2/doc) by extensions ['python_setup_py']
[0.252s] Level 1:colcon.colcon_core.package_identification:_identify(racecar-ros2/doc) by extension 'python_setup_py'
[0.252s] Level 1:colcon.colcon_core.package_identification:_identify(racecar-ros2/images) by extensions ['ignore', 'ignore_ament_install']
[0.252s] Level 1:colcon.colcon_core.package_identification:_identify(racecar-ros2/images) by extension 'ignore'
[0.252s] Level 1:colcon.colcon_core.package_identification:_identify(racecar-ros2/images) by extension 'ignore_ament_install'
[0.253s] Level 1:colcon.colcon_core.package_identification:_identify(racecar-ros2/images) by extensions ['colcon_pkg']
[0.253s] Level 1:colcon.colcon_core.package_identification:_identify(racecar-ros2/images) by extension 'colcon_pkg'
[0.253s] Level 1:colcon.colcon_core.package_identification:_identify(racecar-ros2/images) by extensions ['colcon_meta']
[0.253s] Level 1:colcon.colcon_core.package_identification:_identify(racecar-ros2/images) by extension 'colcon_meta'
[0.253s] Level 1:colcon.colcon_core.package_identification:_identify(racecar-ros2/images) by extensions ['ros']
[0.253s] Level 1:colcon.colcon_core.package_identification:_identify(racecar-ros2/images) by extension 'ros'
[0.253s] Level 1:colcon.colcon_core.package_identification:_identify(racecar-ros2/images) by extensions ['cmake', 'python']
[0.253s] Level 1:colcon.colcon_core.package_identification:_identify(racecar-ros2/images) by extension 'cmake'
[0.253s] Level 1:colcon.colcon_core.package_identification:_identify(racecar-ros2/images) by extension 'python'
[0.253s] Level 1:colcon.colcon_core.package_identification:_identify(racecar-ros2/images) by extensions ['python_setup_py']
[0.253s] Level 1:colcon.colcon_core.package_identification:_identify(racecar-ros2/images) by extension 'python_setup_py'
[0.253s] Level 1:colcon.colcon_core.package_identification:_identify(racecar-ros2/racecar_arduino) by extensions ['ignore', 'ignore_ament_install']
[0.253s] Level 1:colcon.colcon_core.package_identification:_identify(racecar-ros2/racecar_arduino) by extension 'ignore'
[0.253s] Level 1:colcon.colcon_core.package_identification:_identify(racecar-ros2/racecar_arduino) by extension 'ignore_ament_install'
[0.253s] Level 1:colcon.colcon_core.package_identification:_identify(racecar-ros2/racecar_arduino) by extensions ['colcon_pkg']
[0.253s] Level 1:colcon.colcon_core.package_identification:_identify(racecar-ros2/racecar_arduino) by extension 'colcon_pkg'
[0.253s] Level 1:colcon.colcon_core.package_identification:_identify(racecar-ros2/racecar_arduino) by extensions ['colcon_meta']
[0.253s] Level 1:colcon.colcon_core.package_identification:_identify(racecar-ros2/racecar_arduino) by extension 'colcon_meta'
[0.253s] Level 1:colcon.colcon_core.package_identification:_identify(racecar-ros2/racecar_arduino) by extensions ['ros']
[0.253s] Level 1:colcon.colcon_core.package_identification:_identify(racecar-ros2/racecar_arduino) by extension 'ros'
[0.253s] Level 1:colcon.colcon_core.package_identification:_identify(racecar-ros2/racecar_arduino) by extensions ['cmake', 'python']
[0.253s] Level 1:colcon.colcon_core.package_identification:_identify(racecar-ros2/racecar_arduino) by extension 'cmake'
[0.254s] Level 1:colcon.colcon_core.package_identification:_identify(racecar-ros2/racecar_arduino) by extension 'python'
[0.254s] Level 1:colcon.colcon_core.package_identification:_identify(racecar-ros2/racecar_arduino) by extensions ['python_setup_py']
[0.254s] Level 1:colcon.colcon_core.package_identification:_identify(racecar-ros2/racecar_arduino) by extension 'python_setup_py'
[0.254s] Level 1:colcon.colcon_core.package_identification:_identify(racecar-ros2/racecar_arduino/Controller) by extensions ['ignore', 'ignore_ament_install']
[0.254s] Level 1:colcon.colcon_core.package_identification:_identify(racecar-ros2/racecar_arduino/Controller) by extension 'ignore'
[0.254s] Level 1:colcon.colcon_core.package_identification:_identify(racecar-ros2/racecar_arduino/Controller) by extension 'ignore_ament_install'
[0.254s] Level 1:colcon.colcon_core.package_identification:_identify(racecar-ros2/racecar_arduino/Controller) by extensions ['colcon_pkg']
[0.254s] Level 1:colcon.colcon_core.package_identification:_identify(racecar-ros2/racecar_arduino/Controller) by extension 'colcon_pkg'
[0.254s] Level 1:colcon.colcon_core.package_identification:_identify(racecar-ros2/racecar_arduino/Controller) by extensions ['colcon_meta']
[0.254s] Level 1:colcon.colcon_core.package_identification:_identify(racecar-ros2/racecar_arduino/Controller) by extension 'colcon_meta'
[0.254s] Level 1:colcon.colcon_core.package_identification:_identify(racecar-ros2/racecar_arduino/Controller) by extensions ['ros']
[0.254s] Level 1:colcon.colcon_core.package_identification:_identify(racecar-ros2/racecar_arduino/Controller) by extension 'ros'
[0.254s] Level 1:colcon.colcon_core.package_identification:_identify(racecar-ros2/racecar_arduino/Controller) by extensions ['cmake', 'python']
[0.254s] Level 1:colcon.colcon_core.package_identification:_identify(racecar-ros2/racecar_arduino/Controller) by extension 'cmake'
[0.254s] Level 1:colcon.colcon_core.package_identification:_identify(racecar-ros2/racecar_arduino/Controller) by extension 'python'
[0.254s] Level 1:colcon.colcon_core.package_identification:_identify(racecar-ros2/racecar_arduino/Controller) by extensions ['python_setup_py']
[0.254s] Level 1:colcon.colcon_core.package_identification:_identify(racecar-ros2/racecar_arduino/Controller) by extension 'python_setup_py'
[0.254s] Level 1:colcon.colcon_core.package_identification:_identify(racecar-ros2/racecar_arduino/Controller/include) by extensions ['ignore', 'ignore_ament_install']
[0.254s] Level 1:colcon.colcon_core.package_identification:_identify(racecar-ros2/racecar_arduino/Controller/include) by extension 'ignore'
[0.255s] Level 1:colcon.colcon_core.package_identification:_identify(racecar-ros2/racecar_arduino/Controller/include) by extension 'ignore_ament_install'
[0.255s] Level 1:colcon.colcon_core.package_identification:_identify(racecar-ros2/racecar_arduino/Controller/include) by extensions ['colcon_pkg']
[0.255s] Level 1:colcon.colcon_core.package_identification:_identify(racecar-ros2/racecar_arduino/Controller/include) by extension 'colcon_pkg'
[0.255s] Level 1:colcon.colcon_core.package_identification:_identify(racecar-ros2/racecar_arduino/Controller/include) by extensions ['colcon_meta']
[0.255s] Level 1:colcon.colcon_core.package_identification:_identify(racecar-ros2/racecar_arduino/Controller/include) by extension 'colcon_meta'
[0.255s] Level 1:colcon.colcon_core.package_identification:_identify(racecar-ros2/racecar_arduino/Controller/include) by extensions ['ros']
[0.255s] Level 1:colcon.colcon_core.package_identification:_identify(racecar-ros2/racecar_arduino/Controller/include) by extension 'ros'
[0.255s] Level 1:colcon.colcon_core.package_identification:_identify(racecar-ros2/racecar_arduino/Controller/include) by extensions ['cmake', 'python']
[0.255s] Level 1:colcon.colcon_core.package_identification:_identify(racecar-ros2/racecar_arduino/Controller/include) by extension 'cmake'
[0.255s] Level 1:colcon.colcon_core.package_identification:_identify(racecar-ros2/racecar_arduino/Controller/include) by extension 'python'
[0.255s] Level 1:colcon.colcon_core.package_identification:_identify(racecar-ros2/racecar_arduino/Controller/include) by extensions ['python_setup_py']
[0.255s] Level 1:colcon.colcon_core.package_identification:_identify(racecar-ros2/racecar_arduino/Controller/include) by extension 'python_setup_py'
[0.255s] Level 1:colcon.colcon_core.package_identification:_identify(racecar-ros2/racecar_arduino/Controller/src) by extensions ['ignore', 'ignore_ament_install']
[0.255s] Level 1:colcon.colcon_core.package_identification:_identify(racecar-ros2/racecar_arduino/Controller/src) by extension 'ignore'
[0.255s] Level 1:colcon.colcon_core.package_identification:_identify(racecar-ros2/racecar_arduino/Controller/src) by extension 'ignore_ament_install'
[0.255s] Level 1:colcon.colcon_core.package_identification:_identify(racecar-ros2/racecar_arduino/Controller/src) by extensions ['colcon_pkg']
[0.255s] Level 1:colcon.colcon_core.package_identification:_identify(racecar-ros2/racecar_arduino/Controller/src) by extension 'colcon_pkg'
[0.255s] Level 1:colcon.colcon_core.package_identification:_identify(racecar-ros2/racecar_arduino/Controller/src) by extensions ['colcon_meta']
[0.255s] Level 1:colcon.colcon_core.package_identification:_identify(racecar-ros2/racecar_arduino/Controller/src) by extension 'colcon_meta'
[0.255s] Level 1:colcon.colcon_core.package_identification:_identify(racecar-ros2/racecar_arduino/Controller/src) by extensions ['ros']
[0.256s] Level 1:colcon.colcon_core.package_identification:_identify(racecar-ros2/racecar_arduino/Controller/src) by extension 'ros'
[0.256s] Level 1:colcon.colcon_core.package_identification:_identify(racecar-ros2/racecar_arduino/Controller/src) by extensions ['cmake', 'python']
[0.256s] Level 1:colcon.colcon_core.package_identification:_identify(racecar-ros2/racecar_arduino/Controller/src) by extension 'cmake'
[0.256s] Level 1:colcon.colcon_core.package_identification:_identify(racecar-ros2/racecar_arduino/Controller/src) by extension 'python'
[0.256s] Level 1:colcon.colcon_core.package_identification:_identify(racecar-ros2/racecar_arduino/Controller/src) by extensions ['python_setup_py']
[0.256s] Level 1:colcon.colcon_core.package_identification:_identify(racecar-ros2/racecar_arduino/Controller/src) by extension 'python_setup_py'
[0.256s] Level 1:colcon.colcon_core.package_identification:_identify(racecar-ros2/racecar_autopilot) by extensions ['ignore', 'ignore_ament_install']
[0.256s] Level 1:colcon.colcon_core.package_identification:_identify(racecar-ros2/racecar_autopilot) by extension 'ignore'
[0.256s] Level 1:colcon.colcon_core.package_identification:_identify(racecar-ros2/racecar_autopilot) by extension 'ignore_ament_install'
[0.256s] Level 1:colcon.colcon_core.package_identification:_identify(racecar-ros2/racecar_autopilot) by extensions ['colcon_pkg']
[0.256s] Level 1:colcon.colcon_core.package_identification:_identify(racecar-ros2/racecar_autopilot) by extension 'colcon_pkg'
[0.256s] Level 1:colcon.colcon_core.package_identification:_identify(racecar-ros2/racecar_autopilot) by extensions ['colcon_meta']
[0.256s] Level 1:colcon.colcon_core.package_identification:_identify(racecar-ros2/racecar_autopilot) by extension 'colcon_meta'
[0.256s] Level 1:colcon.colcon_core.package_identification:_identify(racecar-ros2/racecar_autopilot) by extensions ['ros']
[0.256s] Level 1:colcon.colcon_core.package_identification:_identify(racecar-ros2/racecar_autopilot) by extension 'ros'
[0.259s] DEBUG:colcon.colcon_core.package_identification:Package 'racecar-ros2/racecar_autopilot' with type 'ros.ament_python' and name 'racecar_autopilot'
[0.260s] Level 1:colcon.colcon_core.package_identification:_identify(racecar-ros2/racecar_beacon) by extensions ['ignore', 'ignore_ament_install']
[0.260s] Level 1:colcon.colcon_core.package_identification:_identify(racecar-ros2/racecar_beacon) by extension 'ignore'
[0.260s] Level 1:colcon.colcon_core.package_identification:_identify(racecar-ros2/racecar_beacon) by extension 'ignore_ament_install'
[0.260s] Level 1:colcon.colcon_core.package_identification:_identify(racecar-ros2/racecar_beacon) by extensions ['colcon_pkg']
[0.260s] Level 1:colcon.colcon_core.package_identification:_identify(racecar-ros2/racecar_beacon) by extension 'colcon_pkg'
[0.260s] Level 1:colcon.colcon_core.package_identification:_identify(racecar-ros2/racecar_beacon) by extensions ['colcon_meta']
[0.260s] Level 1:colcon.colcon_core.package_identification:_identify(racecar-ros2/racecar_beacon) by extension 'colcon_meta'
[0.260s] Level 1:colcon.colcon_core.package_identification:_identify(racecar-ros2/racecar_beacon) by extensions ['ros']
[0.260s] Level 1:colcon.colcon_core.package_identification:_identify(racecar-ros2/racecar_beacon) by extension 'ros'
[0.261s] DEBUG:colcon.colcon_core.package_identification:Package 'racecar-ros2/racecar_beacon' with type 'ros.ament_python' and name 'racecar_beacon'
[0.261s] Level 1:colcon.colcon_core.package_identification:_identify(racecar-ros2/racecar_behaviors) by extensions ['ignore', 'ignore_ament_install']
[0.261s] Level 1:colcon.colcon_core.package_identification:_identify(racecar-ros2/racecar_behaviors) by extension 'ignore'
[0.261s] Level 1:colcon.colcon_core.package_identification:_identify(racecar-ros2/racecar_behaviors) by extension 'ignore_ament_install'
[0.261s] Level 1:colcon.colcon_core.package_identification:_identify(racecar-ros2/racecar_behaviors) by extensions ['colcon_pkg']
[0.261s] Level 1:colcon.colcon_core.package_identification:_identify(racecar-ros2/racecar_behaviors) by extension 'colcon_pkg'
[0.261s] Level 1:colcon.colcon_core.package_identification:_identify(racecar-ros2/racecar_behaviors) by extensions ['colcon_meta']
[0.261s] Level 1:colcon.colcon_core.package_identification:_identify(racecar-ros2/racecar_behaviors) by extension 'colcon_meta'
[0.261s] Level 1:colcon.colcon_core.package_identification:_identify(racecar-ros2/racecar_behaviors) by extensions ['ros']
[0.261s] Level 1:colcon.colcon_core.package_identification:_identify(racecar-ros2/racecar_behaviors) by extension 'ros'
[0.262s] DEBUG:colcon.colcon_core.package_identification:Package 'racecar-ros2/racecar_behaviors' with type 'ros.ament_python' and name 'racecar_behaviors'
[0.262s] Level 1:colcon.colcon_core.package_identification:_identify(racecar-ros2/racecar_bringup) by extensions ['ignore', 'ignore_ament_install']
[0.263s] Level 1:colcon.colcon_core.package_identification:_identify(racecar-ros2/racecar_bringup) by extension 'ignore'
[0.263s] Level 1:colcon.colcon_core.package_identification:_identify(racecar-ros2/racecar_bringup) by extension 'ignore_ament_install'
[0.263s] Level 1:colcon.colcon_core.package_identification:_identify(racecar-ros2/racecar_bringup) by extensions ['colcon_pkg']
[0.263s] Level 1:colcon.colcon_core.package_identification:_identify(racecar-ros2/racecar_bringup) by extension 'colcon_pkg'
[0.263s] Level 1:colcon.colcon_core.package_identification:_identify(racecar-ros2/racecar_bringup) by extensions ['colcon_meta']
[0.263s] Level 1:colcon.colcon_core.package_identification:_identify(racecar-ros2/racecar_bringup) by extension 'colcon_meta'
[0.263s] Level 1:colcon.colcon_core.package_identification:_identify(racecar-ros2/racecar_bringup) by extensions ['ros']
[0.263s] Level 1:colcon.colcon_core.package_identification:_identify(racecar-ros2/racecar_bringup) by extension 'ros'
[0.264s] DEBUG:colcon.colcon_core.package_identification:Package 'racecar-ros2/racecar_bringup' with type 'ros.ament_python' and name 'racecar_bringup'
[0.264s] Level 1:colcon.colcon_core.package_identification:_identify(racecar-ros2/racecar_description) by extensions ['ignore', 'ignore_ament_install']
[0.264s] Level 1:colcon.colcon_core.package_identification:_identify(racecar-ros2/racecar_description) by extension 'ignore'
[0.264s] Level 1:colcon.colcon_core.package_identification:_identify(racecar-ros2/racecar_description) by extension 'ignore_ament_install'
[0.264s] Level 1:colcon.colcon_core.package_identification:_identify(racecar-ros2/racecar_description) by extensions ['colcon_pkg']
[0.264s] Level 1:colcon.colcon_core.package_identification:_identify(racecar-ros2/racecar_description) by extension 'colcon_pkg'
[0.264s] Level 1:colcon.colcon_core.package_identification:_identify(racecar-ros2/racecar_description) by extensions ['colcon_meta']
[0.264s] Level 1:colcon.colcon_core.package_identification:_identify(racecar-ros2/racecar_description) by extension 'colcon_meta'
[0.264s] Level 1:colcon.colcon_core.package_identification:_identify(racecar-ros2/racecar_description) by extensions ['ros']
[0.264s] Level 1:colcon.colcon_core.package_identification:_identify(racecar-ros2/racecar_description) by extension 'ros'
[0.265s] DEBUG:colcon.colcon_core.package_identification:Package 'racecar-ros2/racecar_description' with type 'ros.ament_python' and name 'racecar_description'
[0.265s] Level 1:colcon.colcon_core.package_identification:_identify(racecar-ros2/racecar_gazebo) by extensions ['ignore', 'ignore_ament_install']
[0.265s] Level 1:colcon.colcon_core.package_identification:_identify(racecar-ros2/racecar_gazebo) by extension 'ignore'
[0.265s] Level 1:colcon.colcon_core.package_identification:_identify(racecar-ros2/racecar_gazebo) by extension 'ignore_ament_install'
[0.265s] Level 1:colcon.colcon_core.package_identification:_identify(racecar-ros2/racecar_gazebo) by extensions ['colcon_pkg']
[0.265s] Level 1:colcon.colcon_core.package_identification:_identify(racecar-ros2/racecar_gazebo) by extension 'colcon_pkg'
[0.265s] Level 1:colcon.colcon_core.package_identification:_identify(racecar-ros2/racecar_gazebo) by extensions ['colcon_meta']
[0.265s] Level 1:colcon.colcon_core.package_identification:_identify(racecar-ros2/racecar_gazebo) by extension 'colcon_meta'
[0.265s] Level 1:colcon.colcon_core.package_identification:_identify(racecar-ros2/racecar_gazebo) by extensions ['ros']
[0.265s] Level 1:colcon.colcon_core.package_identification:_identify(racecar-ros2/racecar_gazebo) by extension 'ros'
[0.266s] DEBUG:colcon.colcon_core.package_identification:Package 'racecar-ros2/racecar_gazebo' with type 'ros.ament_python' and name 'racecar_gazebo'
[0.266s] Level 1:colcon.colcon_core.package_identification:_identify(racecar-ros2/racecar_navigation) by extensions ['ignore', 'ignore_ament_install']
[0.266s] Level 1:colcon.colcon_core.package_identification:_identify(racecar-ros2/racecar_navigation) by extension 'ignore'
[0.266s] Level 1:colcon.colcon_core.package_identification:_identify(racecar-ros2/racecar_navigation) by extension 'ignore_ament_install'
[0.266s] Level 1:colcon.colcon_core.package_identification:_identify(racecar-ros2/racecar_navigation) by extensions ['colcon_pkg']
[0.266s] Level 1:colcon.colcon_core.package_identification:_identify(racecar-ros2/racecar_navigation) by extension 'colcon_pkg'
[0.266s] Level 1:colcon.colcon_core.package_identification:_identify(racecar-ros2/racecar_navigation) by extensions ['colcon_meta']
[0.266s] Level 1:colcon.colcon_core.package_identification:_identify(racecar-ros2/racecar_navigation) by extension 'colcon_meta'
[0.267s] Level 1:colcon.colcon_core.package_identification:_identify(racecar-ros2/racecar_navigation) by extensions ['ros']
[0.267s] Level 1:colcon.colcon_core.package_identification:_identify(racecar-ros2/racecar_navigation) by extension 'ros'
[0.267s] DEBUG:colcon.colcon_core.package_identification:Package 'racecar-ros2/racecar_navigation' with type 'ros.ament_python' and name 'racecar_navigation'
[0.268s] Level 1:colcon.colcon_core.package_identification:_identify(racecar-ros2/racecar_serial) by extensions ['ignore', 'ignore_ament_install']
[0.268s] Level 1:colcon.colcon_core.package_identification:_identify(racecar-ros2/racecar_serial) by extension 'ignore'
[0.268s] Level 1:colcon.colcon_core.package_identification:_identify(racecar-ros2/racecar_serial) by extension 'ignore_ament_install'
[0.268s] Level 1:colcon.colcon_core.package_identification:_identify(racecar-ros2/racecar_serial) by extensions ['colcon_pkg']
[0.268s] Level 1:colcon.colcon_core.package_identification:_identify(racecar-ros2/racecar_serial) by extension 'colcon_pkg'
[0.268s] Level 1:colcon.colcon_core.package_identification:_identify(racecar-ros2/racecar_serial) by extensions ['colcon_meta']
[0.268s] Level 1:colcon.colcon_core.package_identification:_identify(racecar-ros2/racecar_serial) by extension 'colcon_meta'
[0.268s] Level 1:colcon.colcon_core.package_identification:_identify(racecar-ros2/racecar_serial) by extensions ['ros']
[0.268s] Level 1:colcon.colcon_core.package_identification:_identify(racecar-ros2/racecar_serial) by extension 'ros'
[0.268s] Level 1:colcon.colcon_core.package_identification:_identify(racecar-ros2/racecar_serial) by extensions ['cmake', 'python']
[0.268s] Level 1:colcon.colcon_core.package_identification:_identify(racecar-ros2/racecar_serial) by extension 'cmake'
[0.268s] Level 1:colcon.colcon_core.package_identification:_identify(racecar-ros2/racecar_serial) by extension 'python'
[0.268s] Level 1:colcon.colcon_core.package_identification:_identify(racecar-ros2/racecar_serial) by extensions ['python_setup_py']
[0.268s] Level 1:colcon.colcon_core.package_identification:_identify(racecar-ros2/racecar_serial) by extension 'python_setup_py'
[0.268s] Level 1:colcon.colcon_core.package_identification:_identify(racecar-ros2/racecar_serial/libserial) by extensions ['ignore', 'ignore_ament_install']
[0.268s] Level 1:colcon.colcon_core.package_identification:_identify(racecar-ros2/racecar_serial/libserial) by extension 'ignore'
[0.268s] Level 1:colcon.colcon_core.package_identification:_identify(racecar-ros2/racecar_serial/libserial) by extension 'ignore_ament_install'
[0.268s] Level 1:colcon.colcon_core.package_identification:_identify(racecar-ros2/racecar_serial/libserial) by extensions ['colcon_pkg']
[0.268s] Level 1:colcon.colcon_core.package_identification:_identify(racecar-ros2/racecar_serial/libserial) by extension 'colcon_pkg'
[0.269s] Level 1:colcon.colcon_core.package_identification:_identify(racecar-ros2/racecar_serial/libserial) by extensions ['colcon_meta']
[0.269s] Level 1:colcon.colcon_core.package_identification:_identify(racecar-ros2/racecar_serial/libserial) by extension 'colcon_meta'
[0.269s] Level 1:colcon.colcon_core.package_identification:_identify(racecar-ros2/racecar_serial/libserial) by extensions ['ros']
[0.269s] Level 1:colcon.colcon_core.package_identification:_identify(racecar-ros2/racecar_serial/libserial) by extension 'ros'
[0.269s] DEBUG:colcon.colcon_core.package_identification:Package 'racecar-ros2/racecar_serial/libserial' with type 'ros.ament_cmake' and name 'serial'
[0.269s] Level 1:colcon.colcon_core.package_identification:_identify(racecar-ros2/racecar_serial/pb2roscpp) by extensions ['ignore', 'ignore_ament_install']
[0.269s] Level 1:colcon.colcon_core.package_identification:_identify(racecar-ros2/racecar_serial/pb2roscpp) by extension 'ignore'
[0.270s] Level 1:colcon.colcon_core.package_identification:_identify(racecar-ros2/racecar_serial/pb2roscpp) by extension 'ignore_ament_install'
[0.270s] Level 1:colcon.colcon_core.package_identification:_identify(racecar-ros2/racecar_serial/pb2roscpp) by extensions ['colcon_pkg']
[0.270s] Level 1:colcon.colcon_core.package_identification:_identify(racecar-ros2/racecar_serial/pb2roscpp) by extension 'colcon_pkg'
[0.270s] Level 1:colcon.colcon_core.package_identification:_identify(racecar-ros2/racecar_serial/pb2roscpp) by extensions ['colcon_meta']
[0.270s] Level 1:colcon.colcon_core.package_identification:_identify(racecar-ros2/racecar_serial/pb2roscpp) by extension 'colcon_meta'
[0.270s] Level 1:colcon.colcon_core.package_identification:_identify(racecar-ros2/racecar_serial/pb2roscpp) by extensions ['ros']
[0.270s] Level 1:colcon.colcon_core.package_identification:_identify(racecar-ros2/racecar_serial/pb2roscpp) by extension 'ros'
[0.270s] DEBUG:colcon.colcon_core.package_identification:Package 'racecar-ros2/racecar_serial/pb2roscpp' with type 'ros.ament_cmake' and name 'pb2roscpp'
[0.270s] Level 1:colcon.colcon_core.package_identification:_identify(racecar-ros2/racecar_teleop) by extensions ['ignore', 'ignore_ament_install']
[0.271s] Level 1:colcon.colcon_core.package_identification:_identify(racecar-ros2/racecar_teleop) by extension 'ignore'
[0.271s] Level 1:colcon.colcon_core.package_identification:_identify(racecar-ros2/racecar_teleop) by extension 'ignore_ament_install'
[0.271s] Level 1:colcon.colcon_core.package_identification:_identify(racecar-ros2/racecar_teleop) by extensions ['colcon_pkg']
[0.271s] Level 1:colcon.colcon_core.package_identification:_identify(racecar-ros2/racecar_teleop) by extension 'colcon_pkg'
[0.271s] Level 1:colcon.colcon_core.package_identification:_identify(racecar-ros2/racecar_teleop) by extensions ['colcon_meta']
[0.271s] Level 1:colcon.colcon_core.package_identification:_identify(racecar-ros2/racecar_teleop) by extension 'colcon_meta'
[0.271s] Level 1:colcon.colcon_core.package_identification:_identify(racecar-ros2/racecar_teleop) by extensions ['ros']
[0.271s] Level 1:colcon.colcon_core.package_identification:_identify(racecar-ros2/racecar_teleop) by extension 'ros'
[0.271s] DEBUG:colcon.colcon_core.package_identification:Package 'racecar-ros2/racecar_teleop' with type 'ros.ament_python' and name 'racecar_teleop'
[0.271s] Level 1:colcon.colcon_core.package_identification:_identify(racecar-ros2/racecar_web_interface) by extensions ['ignore', 'ignore_ament_install']
[0.271s] Level 1:colcon.colcon_core.package_identification:_identify(racecar-ros2/racecar_web_interface) by extension 'ignore'
[0.272s] Level 1:colcon.colcon_core.package_identification:_identify(racecar-ros2/racecar_web_interface) by extension 'ignore_ament_install'
[0.272s] Level 1:colcon.colcon_core.package_identification:_identify(racecar-ros2/racecar_web_interface) by extensions ['colcon_pkg']
[0.272s] Level 1:colcon.colcon_core.package_identification:_identify(racecar-ros2/racecar_web_interface) by extension 'colcon_pkg'
[0.272s] Level 1:colcon.colcon_core.package_identification:_identify(racecar-ros2/racecar_web_interface) by extensions ['colcon_meta']
[0.272s] Level 1:colcon.colcon_core.package_identification:_identify(racecar-ros2/racecar_web_interface) by extension 'colcon_meta'
[0.272s] Level 1:colcon.colcon_core.package_identification:_identify(racecar-ros2/racecar_web_interface) by extensions ['ros']
[0.272s] Level 1:colcon.colcon_core.package_identification:_identify(racecar-ros2/racecar_web_interface) by extension 'ros'
[0.272s] Level 1:colcon.colcon_core.package_identification:_identify(racecar-ros2/racecar_web_interface) by extensions ['cmake', 'python']
[0.272s] Level 1:colcon.colcon_core.package_identification:_identify(racecar-ros2/racecar_web_interface) by extension 'cmake'
[0.272s] Level 1:colcon.colcon_core.package_identification:_identify(racecar-ros2/racecar_web_interface) by extension 'python'
[0.272s] Level 1:colcon.colcon_core.package_identification:_identify(racecar-ros2/racecar_web_interface) by extensions ['python_setup_py']
[0.272s] Level 1:colcon.colcon_core.package_identification:_identify(racecar-ros2/racecar_web_interface) by extension 'python_setup_py'
[0.272s] Level 1:colcon.colcon_core.package_identification:_identify(racecar-ros2/racecar_web_interface/css) by extensions ['ignore', 'ignore_ament_install']
[0.272s] Level 1:colcon.colcon_core.package_identification:_identify(racecar-ros2/racecar_web_interface/css) by extension 'ignore'
[0.272s] Level 1:colcon.colcon_core.package_identification:_identify(racecar-ros2/racecar_web_interface/css) by extension 'ignore_ament_install'
[0.272s] Level 1:colcon.colcon_core.package_identification:_identify(racecar-ros2/racecar_web_interface/css) by extensions ['colcon_pkg']
[0.272s] Level 1:colcon.colcon_core.package_identification:_identify(racecar-ros2/racecar_web_interface/css) by extension 'colcon_pkg'
[0.272s] Level 1:colcon.colcon_core.package_identification:_identify(racecar-ros2/racecar_web_interface/css) by extensions ['colcon_meta']
[0.272s] Level 1:colcon.colcon_core.package_identification:_identify(racecar-ros2/racecar_web_interface/css) by extension 'colcon_meta'
[0.273s] Level 1:colcon.colcon_core.package_identification:_identify(racecar-ros2/racecar_web_interface/css) by extensions ['ros']
[0.273s] Level 1:colcon.colcon_core.package_identification:_identify(racecar-ros2/racecar_web_interface/css) by extension 'ros'
[0.273s] Level 1:colcon.colcon_core.package_identification:_identify(racecar-ros2/racecar_web_interface/css) by extensions ['cmake', 'python']
[0.273s] Level 1:colcon.colcon_core.package_identification:_identify(racecar-ros2/racecar_web_interface/css) by extension 'cmake'
[0.273s] Level 1:colcon.colcon_core.package_identification:_identify(racecar-ros2/racecar_web_interface/css) by extension 'python'
[0.273s] Level 1:colcon.colcon_core.package_identification:_identify(racecar-ros2/racecar_web_interface/css) by extensions ['python_setup_py']
[0.273s] Level 1:colcon.colcon_core.package_identification:_identify(racecar-ros2/racecar_web_interface/css) by extension 'python_setup_py'
[0.273s] Level 1:colcon.colcon_core.package_identification:_identify(racecar-ros2/racecar_web_interface/js) by extensions ['ignore', 'ignore_ament_install']
[0.273s] Level 1:colcon.colcon_core.package_identification:_identify(racecar-ros2/racecar_web_interface/js) by extension 'ignore'
[0.273s] Level 1:colcon.colcon_core.package_identification:_identify(racecar-ros2/racecar_web_interface/js) by extension 'ignore_ament_install'
[0.273s] Level 1:colcon.colcon_core.package_identification:_identify(racecar-ros2/racecar_web_interface/js) by extensions ['colcon_pkg']
[0.273s] Level 1:colcon.colcon_core.package_identification:_identify(racecar-ros2/racecar_web_interface/js) by extension 'colcon_pkg'
[0.273s] Level 1:colcon.colcon_core.package_identification:_identify(racecar-ros2/racecar_web_interface/js) by extensions ['colcon_meta']
[0.273s] Level 1:colcon.colcon_core.package_identification:_identify(racecar-ros2/racecar_web_interface/js) by extension 'colcon_meta'
[0.273s] Level 1:colcon.colcon_core.package_identification:_identify(racecar-ros2/racecar_web_interface/js) by extensions ['ros']
[0.273s] Level 1:colcon.colcon_core.package_identification:_identify(racecar-ros2/racecar_web_interface/js) by extension 'ros'
[0.274s] Level 1:colcon.colcon_core.package_identification:_identify(racecar-ros2/racecar_web_interface/js) by extensions ['cmake', 'python']
[0.274s] Level 1:colcon.colcon_core.package_identification:_identify(racecar-ros2/racecar_web_interface/js) by extension 'cmake'
[0.274s] Level 1:colcon.colcon_core.package_identification:_identify(racecar-ros2/racecar_web_interface/js) by extension 'python'
[0.274s] Level 1:colcon.colcon_core.package_identification:_identify(racecar-ros2/racecar_web_interface/js) by extensions ['python_setup_py']
[0.274s] Level 1:colcon.colcon_core.package_identification:_identify(racecar-ros2/racecar_web_interface/js) by extension 'python_setup_py'
[0.274s] Level 1:colcon.colcon_core.package_discovery:discover_packages(recursive) using defaults
[0.274s] Level 1:colcon.colcon_core.package_discovery:discover_packages(ignore) discover
[0.274s] Level 1:colcon.colcon_core.package_discovery:discover_packages(ignore) using defaults
[0.274s] Level 1:colcon.colcon_core.package_discovery:discover_packages(path) discover
[0.274s] Level 1:colcon.colcon_core.package_discovery:discover_packages(path) using defaults
[0.303s] Level 5:colcon.colcon_core.verb:set package 'racecar_autopilot' build argument 'cmake_args' from command line to 'None'
[0.303s] Level 5:colcon.colcon_core.verb:set package 'racecar_autopilot' build argument 'cmake_target' from command line to 'None'
[0.303s] Level 5:colcon.colcon_core.verb:set package 'racecar_autopilot' build argument 'cmake_target_skip_unavailable' from command line to 'False'
[0.303s] Level 5:colcon.colcon_core.verb:set package 'racecar_autopilot' build argument 'cmake_clean_cache' from command line to 'False'
[0.303s] Level 5:colcon.colcon_core.verb:set package 'racecar_autopilot' build argument 'cmake_clean_first' from command line to 'False'
[0.303s] Level 5:colcon.colcon_core.verb:set package 'racecar_autopilot' build argument 'cmake_force_configure' from command line to 'False'
[0.303s] Level 5:colcon.colcon_core.verb:set package 'racecar_autopilot' build argument 'ament_cmake_args' from command line to 'None'
[0.303s] Level 5:colcon.colcon_core.verb:set package 'racecar_autopilot' build argument 'catkin_cmake_args' from command line to 'None'
[0.303s] Level 5:colcon.colcon_core.verb:set package 'racecar_autopilot' build argument 'catkin_skip_building_tests' from command line to 'False'
[0.303s] DEBUG:colcon.colcon_core.verb:Building package 'racecar_autopilot' with the following arguments: {'ament_cmake_args': None, 'build_base': '/home/racecar/ros2_ws/src/Team10_GROS5/build/racecar_autopilot', 'catkin_cmake_args': None, 'catkin_skip_building_tests': False, 'cmake_args': None, 'cmake_clean_cache': False, 'cmake_clean_first': False, 'cmake_force_configure': False, 'cmake_target': None, 'cmake_target_skip_unavailable': False, 'install_base': '/home/racecar/ros2_ws/src/Team10_GROS5/install/racecar_autopilot', 'merge_install': False, 'path': '/home/racecar/ros2_ws/src/Team10_GROS5/racecar-ros2/racecar_autopilot', 'symlink_install': False, 'test_result_base': None}
[0.304s] Level 5:colcon.colcon_core.verb:set package 'racecar_beacon' build argument 'cmake_args' from command line to 'None'
[0.304s] Level 5:colcon.colcon_core.verb:set package 'racecar_beacon' build argument 'cmake_target' from command line to 'None'
[0.304s] Level 5:colcon.colcon_core.verb:set package 'racecar_beacon' build argument 'cmake_target_skip_unavailable' from command line to 'False'
[0.304s] Level 5:colcon.colcon_core.verb:set package 'racecar_beacon' build argument 'cmake_clean_cache' from command line to 'False'
[0.304s] Level 5:colcon.colcon_core.verb:set package 'racecar_beacon' build argument 'cmake_clean_first' from command line to 'False'
[0.304s] Level 5:colcon.colcon_core.verb:set package 'racecar_beacon' build argument 'cmake_force_configure' from command line to 'False'
[0.304s] Level 5:colcon.colcon_core.verb:set package 'racecar_beacon' build argument 'ament_cmake_args' from command line to 'None'
[0.304s] Level 5:colcon.colcon_core.verb:set package 'racecar_beacon' build argument 'catkin_cmake_args' from command line to 'None'
[0.304s] Level 5:colcon.colcon_core.verb:set package 'racecar_beacon' build argument 'catkin_skip_building_tests' from command line to 'False'
[0.304s] DEBUG:colcon.colcon_core.verb:Building package 'racecar_beacon' with the following arguments: {'ament_cmake_args': None, 'build_base': '/home/racecar/ros2_ws/src/Team10_GROS5/build/racecar_beacon', 'catkin_cmake_args': None, 'catkin_skip_building_tests': False, 'cmake_args': None, 'cmake_clean_cache': False, 'cmake_clean_first': False, 'cmake_force_configure': False, 'cmake_target': None, 'cmake_target_skip_unavailable': False, 'install_base': '/home/racecar/ros2_ws/src/Team10_GROS5/install/racecar_beacon', 'merge_install': False, 'path': '/home/racecar/ros2_ws/src/Team10_GROS5/racecar-ros2/racecar_beacon', 'symlink_install': False, 'test_result_base': None}
[0.304s] Level 5:colcon.colcon_core.verb:set package 'racecar_behaviors' build argument 'cmake_args' from command line to 'None'
[0.304s] Level 5:colcon.colcon_core.verb:set package 'racecar_behaviors' build argument 'cmake_target' from command line to 'None'
[0.304s] Level 5:colcon.colcon_core.verb:set package 'racecar_behaviors' build argument 'cmake_target_skip_unavailable' from command line to 'False'
[0.304s] Level 5:colcon.colcon_core.verb:set package 'racecar_behaviors' build argument 'cmake_clean_cache' from command line to 'False'
[0.304s] Level 5:colcon.colcon_core.verb:set package 'racecar_behaviors' build argument 'cmake_clean_first' from command line to 'False'
[0.305s] Level 5:colcon.colcon_core.verb:set package 'racecar_behaviors' build argument 'cmake_force_configure' from command line to 'False'
[0.305s] Level 5:colcon.colcon_core.verb:set package 'racecar_behaviors' build argument 'ament_cmake_args' from command line to 'None'
[0.305s] Level 5:colcon.colcon_core.verb:set package 'racecar_behaviors' build argument 'catkin_cmake_args' from command line to 'None'
[0.305s] Level 5:colcon.colcon_core.verb:set package 'racecar_behaviors' build argument 'catkin_skip_building_tests' from command line to 'False'
[0.305s] DEBUG:colcon.colcon_core.verb:Building package 'racecar_behaviors' with the following arguments: {'ament_cmake_args': None, 'build_base': '/home/racecar/ros2_ws/src/Team10_GROS5/build/racecar_behaviors', 'catkin_cmake_args': None, 'catkin_skip_building_tests': False, 'cmake_args': None, 'cmake_clean_cache': False, 'cmake_clean_first': False, 'cmake_force_configure': False, 'cmake_target': None, 'cmake_target_skip_unavailable': False, 'install_base': '/home/racecar/ros2_ws/src/Team10_GROS5/install/racecar_behaviors', 'merge_install': False, 'path': '/home/racecar/ros2_ws/src/Team10_GROS5/racecar-ros2/racecar_behaviors', 'symlink_install': False, 'test_result_base': None}
[0.305s] Level 5:colcon.colcon_core.verb:set package 'racecar_bringup' build argument 'cmake_args' from command line to 'None'
[0.305s] Level 5:colcon.colcon_core.verb:set package 'racecar_bringup' build argument 'cmake_target' from command line to 'None'
[0.305s] Level 5:colcon.colcon_core.verb:set package 'racecar_bringup' build argument 'cmake_target_skip_unavailable' from command line to 'False'
[0.305s] Level 5:colcon.colcon_core.verb:set package 'racecar_bringup' build argument 'cmake_clean_cache' from command line to 'False'
[0.305s] Level 5:colcon.colcon_core.verb:set package 'racecar_bringup' build argument 'cmake_clean_first' from command line to 'False'
[0.305s] Level 5:colcon.colcon_core.verb:set package 'racecar_bringup' build argument 'cmake_force_configure' from command line to 'False'
[0.305s] Level 5:colcon.colcon_core.verb:set package 'racecar_bringup' build argument 'ament_cmake_args' from command line to 'None'
[0.305s] Level 5:colcon.colcon_core.verb:set package 'racecar_bringup' build argument 'catkin_cmake_args' from command line to 'None'
[0.305s] Level 5:colcon.colcon_core.verb:set package 'racecar_bringup' build argument 'catkin_skip_building_tests' from command line to 'False'
[0.305s] DEBUG:colcon.colcon_core.verb:Building package 'racecar_bringup' with the following arguments: {'ament_cmake_args': None, 'build_base': '/home/racecar/ros2_ws/src/Team10_GROS5/build/racecar_bringup', 'catkin_cmake_args': None, 'catkin_skip_building_tests': False, 'cmake_args': None, 'cmake_clean_cache': False, 'cmake_clean_first': False, 'cmake_force_configure': False, 'cmake_target': None, 'cmake_target_skip_unavailable': False, 'install_base': '/home/racecar/ros2_ws/src/Team10_GROS5/install/racecar_bringup', 'merge_install': False, 'path': '/home/racecar/ros2_ws/src/Team10_GROS5/racecar-ros2/racecar_bringup', 'symlink_install': False, 'test_result_base': None}
[0.305s] Level 5:colcon.colcon_core.verb:set package 'racecar_description' build argument 'cmake_args' from command line to 'None'
[0.305s] Level 5:colcon.colcon_core.verb:set package 'racecar_description' build argument 'cmake_target' from command line to 'None'
[0.305s] Level 5:colcon.colcon_core.verb:set package 'racecar_description' build argument 'cmake_target_skip_unavailable' from command line to 'False'
[0.306s] Level 5:colcon.colcon_core.verb:set package 'racecar_description' build argument 'cmake_clean_cache' from command line to 'False'
[0.306s] Level 5:colcon.colcon_core.verb:set package 'racecar_description' build argument 'cmake_clean_first' from command line to 'False'
[0.306s] Level 5:colcon.colcon_core.verb:set package 'racecar_description' build argument 'cmake_force_configure' from command line to 'False'
[0.306s] Level 5:colcon.colcon_core.verb:set package 'racecar_description' build argument 'ament_cmake_args' from command line to 'None'
[0.306s] Level 5:colcon.colcon_core.verb:set package 'racecar_description' build argument 'catkin_cmake_args' from command line to 'None'
[0.306s] Level 5:colcon.colcon_core.verb:set package 'racecar_description' build argument 'catkin_skip_building_tests' from command line to 'False'
[0.306s] DEBUG:colcon.colcon_core.verb:Building package 'racecar_description' with the following arguments: {'ament_cmake_args': None, 'build_base': '/home/racecar/ros2_ws/src/Team10_GROS5/build/racecar_description', 'catkin_cmake_args': None, 'catkin_skip_building_tests': False, 'cmake_args': None, 'cmake_clean_cache': False, 'cmake_clean_first': False, 'cmake_force_configure': False, 'cmake_target': None, 'cmake_target_skip_unavailable': False, 'install_base': '/home/racecar/ros2_ws/src/Team10_GROS5/install/racecar_description', 'merge_install': False, 'path': '/home/racecar/ros2_ws/src/Team10_GROS5/racecar-ros2/racecar_description', 'symlink_install': False, 'test_result_base': None}
[0.306s] Level 5:colcon.colcon_core.verb:set package 'racecar_gazebo' build argument 'cmake_args' from command line to 'None'
[0.306s] Level 5:colcon.colcon_core.verb:set package 'racecar_gazebo' build argument 'cmake_target' from command line to 'None'
[0.306s] Level 5:colcon.colcon_core.verb:set package 'racecar_gazebo' build argument 'cmake_target_skip_unavailable' from command line to 'False'
[0.306s] Level 5:colcon.colcon_core.verb:set package 'racecar_gazebo' build argument 'cmake_clean_cache' from command line to 'False'
[0.306s] Level 5:colcon.colcon_core.verb:set package 'racecar_gazebo' build argument 'cmake_clean_first' from command line to 'False'
[0.306s] Level 5:colcon.colcon_core.verb:set package 'racecar_gazebo' build argument 'cmake_force_configure' from command line to 'False'
[0.306s] Level 5:colcon.colcon_core.verb:set package 'racecar_gazebo' build argument 'ament_cmake_args' from command line to 'None'
[0.306s] Level 5:colcon.colcon_core.verb:set package 'racecar_gazebo' build argument 'catkin_cmake_args' from command line to 'None'
[0.306s] Level 5:colcon.colcon_core.verb:set package 'racecar_gazebo' build argument 'catkin_skip_building_tests' from command line to 'False'
[0.306s] DEBUG:colcon.colcon_core.verb:Building package 'racecar_gazebo' with the following arguments: {'ament_cmake_args': None, 'build_base': '/home/racecar/ros2_ws/src/Team10_GROS5/build/racecar_gazebo', 'catkin_cmake_args': None, 'catkin_skip_building_tests': False, 'cmake_args': None, 'cmake_clean_cache': False, 'cmake_clean_first': False, 'cmake_force_configure': False, 'cmake_target': None, 'cmake_target_skip_unavailable': False, 'install_base': '/home/racecar/ros2_ws/src/Team10_GROS5/install/racecar_gazebo', 'merge_install': False, 'path': '/home/racecar/ros2_ws/src/Team10_GROS5/racecar-ros2/racecar_gazebo', 'symlink_install': False, 'test_result_base': None}
[0.306s] Level 5:colcon.colcon_core.verb:set package 'racecar_teleop' build argument 'cmake_args' from command line to 'None'
[0.307s] Level 5:colcon.colcon_core.verb:set package 'racecar_teleop' build argument 'cmake_target' from command line to 'None'
[0.307s] Level 5:colcon.colcon_core.verb:set package 'racecar_teleop' build argument 'cmake_target_skip_unavailable' from command line to 'False'
[0.307s] Level 5:colcon.colcon_core.verb:set package 'racecar_teleop' build argument 'cmake_clean_cache' from command line to 'False'
[0.307s] Level 5:colcon.colcon_core.verb:set package 'racecar_teleop' build argument 'cmake_clean_first' from command line to 'False'
[0.307s] Level 5:colcon.colcon_core.verb:set package 'racecar_teleop' build argument 'cmake_force_configure' from command line to 'False'
[0.307s] Level 5:colcon.colcon_core.verb:set package 'racecar_teleop' build argument 'ament_cmake_args' from command line to 'None'
[0.307s] Level 5:colcon.colcon_core.verb:set package 'racecar_teleop' build argument 'catkin_cmake_args' from command line to 'None'
[0.307s] Level 5:colcon.colcon_core.verb:set package 'racecar_teleop' build argument 'catkin_skip_building_tests' from command line to 'False'
[0.307s] DEBUG:colcon.colcon_core.verb:Building package 'racecar_teleop' with the following arguments: {'ament_cmake_args': None, 'build_base': '/home/racecar/ros2_ws/src/Team10_GROS5/build/racecar_teleop', 'catkin_cmake_args': None, 'catkin_skip_building_tests': False, 'cmake_args': None, 'cmake_clean_cache': False, 'cmake_clean_first': False, 'cmake_force_configure': False, 'cmake_target': None, 'cmake_target_skip_unavailable': False, 'install_base': '/home/racecar/ros2_ws/src/Team10_GROS5/install/racecar_teleop', 'merge_install': False, 'path': '/home/racecar/ros2_ws/src/Team10_GROS5/racecar-ros2/racecar_teleop', 'symlink_install': False, 'test_result_base': None}
[0.307s] Level 5:colcon.colcon_core.verb:set package 'serial' build argument 'cmake_args' from command line to 'None'
[0.307s] Level 5:colcon.colcon_core.verb:set package 'serial' build argument 'cmake_target' from command line to 'None'
[0.307s] Level 5:colcon.colcon_core.verb:set package 'serial' build argument 'cmake_target_skip_unavailable' from command line to 'False'
[0.307s] Level 5:colcon.colcon_core.verb:set package 'serial' build argument 'cmake_clean_cache' from command line to 'False'
[0.307s] Level 5:colcon.colcon_core.verb:set package 'serial' build argument 'cmake_clean_first' from command line to 'False'
[0.307s] Level 5:colcon.colcon_core.verb:set package 'serial' build argument 'cmake_force_configure' from command line to 'False'
[0.307s] Level 5:colcon.colcon_core.verb:set package 'serial' build argument 'ament_cmake_args' from command line to 'None'
[0.307s] Level 5:colcon.colcon_core.verb:set package 'serial' build argument 'catkin_cmake_args' from command line to 'None'
[0.307s] Level 5:colcon.colcon_core.verb:set package 'serial' build argument 'catkin_skip_building_tests' from command line to 'False'
[0.307s] DEBUG:colcon.colcon_core.verb:Building package 'serial' with the following arguments: {'ament_cmake_args': None, 'build_base': '/home/racecar/ros2_ws/src/Team10_GROS5/build/serial', 'catkin_cmake_args': None, 'catkin_skip_building_tests': False, 'cmake_args': None, 'cmake_clean_cache': False, 'cmake_clean_first': False, 'cmake_force_configure': False, 'cmake_target': None, 'cmake_target_skip_unavailable': False, 'install_base': '/home/racecar/ros2_ws/src/Team10_GROS5/install/serial', 'merge_install': False, 'path': '/home/racecar/ros2_ws/src/Team10_GROS5/racecar-ros2/racecar_serial/libserial', 'symlink_install': False, 'test_result_base': None}
[0.307s] Level 5:colcon.colcon_core.verb:set package 'pb2roscpp' build argument 'cmake_args' from command line to 'None'
[0.308s] Level 5:colcon.colcon_core.verb:set package 'pb2roscpp' build argument 'cmake_target' from command line to 'None'
[0.308s] Level 5:colcon.colcon_core.verb:set package 'pb2roscpp' build argument 'cmake_target_skip_unavailable' from command line to 'False'
[0.308s] Level 5:colcon.colcon_core.verb:set package 'pb2roscpp' build argument 'cmake_clean_cache' from command line to 'False'
[0.308s] Level 5:colcon.colcon_core.verb:set package 'pb2roscpp' build argument 'cmake_clean_first' from command line to 'False'
[0.308s] Level 5:colcon.colcon_core.verb:set package 'pb2roscpp' build argument 'cmake_force_configure' from command line to 'False'
[0.308s] Level 5:colcon.colcon_core.verb:set package 'pb2roscpp' build argument 'ament_cmake_args' from command line to 'None'
[0.308s] Level 5:colcon.colcon_core.verb:set package 'pb2roscpp' build argument 'catkin_cmake_args' from command line to 'None'
[0.308s] Level 5:colcon.colcon_core.verb:set package 'pb2roscpp' build argument 'catkin_skip_building_tests' from command line to 'False'
[0.308s] DEBUG:colcon.colcon_core.verb:Building package 'pb2roscpp' with the following arguments: {'ament_cmake_args': None, 'build_base': '/home/racecar/ros2_ws/src/Team10_GROS5/build/pb2roscpp', 'catkin_cmake_args': None, 'catkin_skip_building_tests': False, 'cmake_args': None, 'cmake_clean_cache': False, 'cmake_clean_first': False, 'cmake_force_configure': False, 'cmake_target': None, 'cmake_target_skip_unavailable': False, 'install_base': '/home/racecar/ros2_ws/src/Team10_GROS5/install/pb2roscpp', 'merge_install': False, 'path': '/home/racecar/ros2_ws/src/Team10_GROS5/racecar-ros2/racecar_serial/pb2roscpp', 'symlink_install': False, 'test_result_base': None}
[0.308s] Level 5:colcon.colcon_core.verb:set package 'racecar_navigation' build argument 'cmake_args' from command line to 'None'
[0.308s] Level 5:colcon.colcon_core.verb:set package 'racecar_navigation' build argument 'cmake_target' from command line to 'None'
[0.308s] Level 5:colcon.colcon_core.verb:set package 'racecar_navigation' build argument 'cmake_target_skip_unavailable' from command line to 'False'
[0.308s] Level 5:colcon.colcon_core.verb:set package 'racecar_navigation' build argument 'cmake_clean_cache' from command line to 'False'
[0.308s] Level 5:colcon.colcon_core.verb:set package 'racecar_navigation' build argument 'cmake_clean_first' from command line to 'False'
[0.308s] Level 5:colcon.colcon_core.verb:set package 'racecar_navigation' build argument 'cmake_force_configure' from command line to 'False'
[0.308s] Level 5:colcon.colcon_core.verb:set package 'racecar_navigation' build argument 'ament_cmake_args' from command line to 'None'
[0.308s] Level 5:colcon.colcon_core.verb:set package 'racecar_navigation' build argument 'catkin_cmake_args' from command line to 'None'
[0.308s] Level 5:colcon.colcon_core.verb:set package 'racecar_navigation' build argument 'catkin_skip_building_tests' from command line to 'False'
[0.308s] DEBUG:colcon.colcon_core.verb:Building package 'racecar_navigation' with the following arguments: {'ament_cmake_args': None, 'build_base': '/home/racecar/ros2_ws/src/Team10_GROS5/build/racecar_navigation', 'catkin_cmake_args': None, 'catkin_skip_building_tests': False, 'cmake_args': None, 'cmake_clean_cache': False, 'cmake_clean_first': False, 'cmake_force_configure': False, 'cmake_target': None, 'cmake_target_skip_unavailable': False, 'install_base': '/home/racecar/ros2_ws/src/Team10_GROS5/install/racecar_navigation', 'merge_install': False, 'path': '/home/racecar/ros2_ws/src/Team10_GROS5/racecar-ros2/racecar_navigation', 'symlink_install': False, 'test_result_base': None}
[0.308s] INFO:colcon.colcon_core.executor:Executing jobs using 'parallel' executor
[0.310s] DEBUG:colcon.colcon_parallel_executor.executor.parallel:run_until_complete
[0.310s] INFO:colcon.colcon_ros.task.ament_python.build:Building ROS package in '/home/racecar/ros2_ws/src/Team10_GROS5/racecar-ros2/racecar_behaviors' with build type 'ament_python'
[0.311s] Level 1:colcon.colcon_core.shell:create_environment_hook('racecar_behaviors', 'ament_prefix_path')
[0.319s] INFO:colcon.colcon_core.plugin_system:Skipping extension 'colcon_core.shell.bat': Not used on non-Windows systems
[0.320s] INFO:colcon.colcon_core.shell:Creating environment hook '/home/racecar/ros2_ws/src/Team10_GROS5/install/racecar_behaviors/share/racecar_behaviors/hook/ament_prefix_path.ps1'
[0.323s] INFO:colcon.colcon_core.shell:Creating environment descriptor '/home/racecar/ros2_ws/src/Team10_GROS5/install/racecar_behaviors/share/racecar_behaviors/hook/ament_prefix_path.dsv'
[0.324s] INFO:colcon.colcon_core.shell:Creating environment hook '/home/racecar/ros2_ws/src/Team10_GROS5/install/racecar_behaviors/share/racecar_behaviors/hook/ament_prefix_path.sh'
[0.325s] INFO:colcon.colcon_core.shell:Skip shell extension 'powershell' for command environment: Not usable outside of PowerShell
[0.325s] DEBUG:colcon.colcon_core.shell:Skip shell extension 'dsv' for command environment
[0.338s] INFO:colcon.colcon_ros.task.ament_python.build:Building ROS package in '/home/racecar/ros2_ws/src/Team10_GROS5/racecar-ros2/racecar_bringup' with build type 'ament_python'
[0.339s] Level 1:colcon.colcon_core.shell:create_environment_hook('racecar_bringup', 'ament_prefix_path')
[0.339s] INFO:colcon.colcon_core.shell:Creating environment hook '/home/racecar/ros2_ws/src/Team10_GROS5/install/racecar_bringup/share/racecar_bringup/hook/ament_prefix_path.ps1'
[0.340s] INFO:colcon.colcon_core.shell:Creating environment descriptor '/home/racecar/ros2_ws/src/Team10_GROS5/install/racecar_bringup/share/racecar_bringup/hook/ament_prefix_path.dsv'
[0.341s] INFO:colcon.colcon_core.shell:Creating environment hook '/home/racecar/ros2_ws/src/Team10_GROS5/install/racecar_bringup/share/racecar_bringup/hook/ament_prefix_path.sh'
[0.342s] INFO:colcon.colcon_core.shell:Skip shell extension 'powershell' for command environment: Not usable outside of PowerShell
[0.342s] DEBUG:colcon.colcon_core.shell:Skip shell extension 'dsv' for command environment
[0.350s] INFO:colcon.colcon_ros.task.ament_cmake.build:Building ROS package in '/home/racecar/ros2_ws/src/Team10_GROS5/racecar-ros2/racecar_serial/libserial' with build type 'ament_cmake'
[0.350s] INFO:colcon.colcon_cmake.task.cmake.build:Building CMake package in '/home/racecar/ros2_ws/src/Team10_GROS5/racecar-ros2/racecar_serial/libserial'
[0.351s] INFO:colcon.colcon_core.shell:Skip shell extension 'powershell' for command environment: Not usable outside of PowerShell
[0.351s] DEBUG:colcon.colcon_core.shell:Skip shell extension 'dsv' for command environment
[0.357s] INFO:colcon.colcon_ros.task.ament_python.build:Building ROS package in '/home/racecar/ros2_ws/src/Team10_GROS5/racecar-ros2/racecar_autopilot' with build type 'ament_python'
[0.358s] Level 1:colcon.colcon_core.shell:create_environment_hook('racecar_autopilot', 'ament_prefix_path')
[0.358s] INFO:colcon.colcon_core.shell:Creating environment hook '/home/racecar/ros2_ws/src/Team10_GROS5/install/racecar_autopilot/share/racecar_autopilot/hook/ament_prefix_path.ps1'
[0.360s] INFO:colcon.colcon_core.shell:Creating environment descriptor '/home/racecar/ros2_ws/src/Team10_GROS5/install/racecar_autopilot/share/racecar_autopilot/hook/ament_prefix_path.dsv'
[0.362s] INFO:colcon.colcon_core.shell:Creating environment hook '/home/racecar/ros2_ws/src/Team10_GROS5/install/racecar_autopilot/share/racecar_autopilot/hook/ament_prefix_path.sh'
[0.364s] INFO:colcon.colcon_core.shell:Skip shell extension 'powershell' for command environment: Not usable outside of PowerShell
[0.364s] DEBUG:colcon.colcon_core.shell:Skip shell extension 'dsv' for command environment
[0.794s] INFO:colcon.colcon_core.task.python.build:Building Python package in '/home/racecar/ros2_ws/src/Team10_GROS5/racecar-ros2/racecar_behaviors'
[0.795s] INFO:colcon.colcon_core.shell:Skip shell extension 'powershell' for command environment: Not usable outside of PowerShell
[0.795s] DEBUG:colcon.colcon_core.shell:Skip shell extension 'dsv' for command environment
[1.236s] INFO:colcon.colcon_core.task.python.build:Building Python package in '/home/racecar/ros2_ws/src/Team10_GROS5/racecar-ros2/racecar_bringup'
[1.237s] INFO:colcon.colcon_core.shell:Skip shell extension 'powershell' for command environment: Not usable outside of PowerShell
[1.237s] DEBUG:colcon.colcon_core.shell:Skip shell extension 'dsv' for command environment
[1.251s] DEBUG:colcon.colcon_core.event_handler.log_command:Invoking command in '/home/racecar/ros2_ws/src/Team10_GROS5/build/serial': CMAKE_PREFIX_PATH=${CMAKE_PREFIX_PATH}:/home/racecar/ros2_ws/install/racecar_teleop:/home/racecar/ros2_ws/install/racecar_navigation:/home/racecar/ros2_ws/install/racecar_gazebo:/home/racecar/ros2_ws/install/racecar_description:/home/racecar/ros2_ws/install/racecar_bringup:/home/racecar/ros2_ws/install/racecar_behaviors:/home/racecar/ros2_ws/install/racecar_beacon:/home/racecar/ros2_ws/install/racecar_autopilot:/opt/ros/jazzy DEBUGINFOD_URLS=https://debuginfod.ubuntu.com /usr/bin/cmake --build /home/racecar/ros2_ws/src/Team10_GROS5/build/serial -- -j4 -l4
[1.716s] INFO:colcon.colcon_core.task.python.build:Building Python package in '/home/racecar/ros2_ws/src/Team10_GROS5/racecar-ros2/racecar_autopilot'
[1.717s] INFO:colcon.colcon_core.shell:Skip shell extension 'powershell' for command environment: Not usable outside of PowerShell
[1.717s] DEBUG:colcon.colcon_core.shell:Skip shell extension 'dsv' for command environment
[1.745s] DEBUG:colcon.colcon_core.event_handler.log_command:Invoked command in '/home/racecar/ros2_ws/src/Team10_GROS5/build/serial' returned '0': CMAKE_PREFIX_PATH=${CMAKE_PREFIX_PATH}:/home/racecar/ros2_ws/install/racecar_teleop:/home/racecar/ros2_ws/install/racecar_navigation:/home/racecar/ros2_ws/install/racecar_gazebo:/home/racecar/ros2_ws/install/racecar_description:/home/racecar/ros2_ws/install/racecar_bringup:/home/racecar/ros2_ws/install/racecar_behaviors:/home/racecar/ros2_ws/install/racecar_beacon:/home/racecar/ros2_ws/install/racecar_autopilot:/opt/ros/jazzy DEBUGINFOD_URLS=https://debuginfod.ubuntu.com /usr/bin/cmake --build /home/racecar/ros2_ws/src/Team10_GROS5/build/serial -- -j4 -l4
[1.769s] DEBUG:colcon.colcon_core.event_handler.log_command:Invoking command in '/home/racecar/ros2_ws/src/Team10_GROS5/build/serial': CMAKE_PREFIX_PATH=${CMAKE_PREFIX_PATH}:/home/racecar/ros2_ws/install/racecar_teleop:/home/racecar/ros2_ws/install/racecar_navigation:/home/racecar/ros2_ws/install/racecar_gazebo:/home/racecar/ros2_ws/install/racecar_description:/home/racecar/ros2_ws/install/racecar_bringup:/home/racecar/ros2_ws/install/racecar_behaviors:/home/racecar/ros2_ws/install/racecar_beacon:/home/racecar/ros2_ws/install/racecar_autopilot:/opt/ros/jazzy DEBUGINFOD_URLS=https://debuginfod.ubuntu.com /usr/bin/cmake --install /home/racecar/ros2_ws/src/Team10_GROS5/build/serial
[1.886s] Level 1:colcon.colcon_core.environment:create_environment_scripts_only(serial)
[1.886s] DEBUG:colcon.colcon_core.event_handler.log_command:Invoked command in '/home/racecar/ros2_ws/src/Team10_GROS5/build/serial' returned '0': CMAKE_PREFIX_PATH=${CMAKE_PREFIX_PATH}:/home/racecar/ros2_ws/install/racecar_teleop:/home/racecar/ros2_ws/install/racecar_navigation:/home/racecar/ros2_ws/install/racecar_gazebo:/home/racecar/ros2_ws/install/racecar_description:/home/racecar/ros2_ws/install/racecar_bringup:/home/racecar/ros2_ws/install/racecar_behaviors:/home/racecar/ros2_ws/install/racecar_beacon:/home/racecar/ros2_ws/install/racecar_autopilot:/opt/ros/jazzy DEBUGINFOD_URLS=https://debuginfod.ubuntu.com /usr/bin/cmake --install /home/racecar/ros2_ws/src/Team10_GROS5/build/serial
[1.896s] Level 1:colcon.colcon_core.environment:checking '/home/racecar/ros2_ws/src/Team10_GROS5/install/serial' for CMake module files
[1.899s] Level 1:colcon.colcon_core.environment:checking '/home/racecar/ros2_ws/src/Team10_GROS5/install/serial' for CMake config files
[1.899s] Level 1:colcon.colcon_core.shell:create_environment_hook('serial', 'cmake_prefix_path')
[1.900s] INFO:colcon.colcon_core.shell:Creating environment hook '/home/racecar/ros2_ws/src/Team10_GROS5/install/serial/share/serial/hook/cmake_prefix_path.ps1'
[1.901s] INFO:colcon.colcon_core.shell:Creating environment descriptor '/home/racecar/ros2_ws/src/Team10_GROS5/install/serial/share/serial/hook/cmake_prefix_path.dsv'
[1.902s] INFO:colcon.colcon_core.shell:Creating environment hook '/home/racecar/ros2_ws/src/Team10_GROS5/install/serial/share/serial/hook/cmake_prefix_path.sh'
[1.904s] Level 1:colcon.colcon_core.environment:checking '/home/racecar/ros2_ws/src/Team10_GROS5/install/serial/lib'
[1.904s] Level 1:colcon.colcon_core.environment:checking '/home/racecar/ros2_ws/src/Team10_GROS5/install/serial/bin'
[1.905s] Level 1:colcon.colcon_core.environment:checking '/home/racecar/ros2_ws/src/Team10_GROS5/install/serial/lib/pkgconfig/serial.pc'
[1.905s] Level 1:colcon.colcon_core.environment:checking '/home/racecar/ros2_ws/src/Team10_GROS5/install/serial/lib/python3.12/site-packages'
[1.905s] Level 1:colcon.colcon_core.environment:checking '/home/racecar/ros2_ws/src/Team10_GROS5/install/serial/bin'
[1.906s] INFO:colcon.colcon_core.shell:Creating package script '/home/racecar/ros2_ws/src/Team10_GROS5/install/serial/share/serial/package.ps1'
[1.907s] INFO:colcon.colcon_core.shell:Creating package descriptor '/home/racecar/ros2_ws/src/Team10_GROS5/install/serial/share/serial/package.dsv'
[1.908s] INFO:colcon.colcon_core.shell:Creating package script '/home/racecar/ros2_ws/src/Team10_GROS5/install/serial/share/serial/package.sh'
[1.910s] INFO:colcon.colcon_core.shell:Creating package script '/home/racecar/ros2_ws/src/Team10_GROS5/install/serial/share/serial/package.bash'
[1.911s] INFO:colcon.colcon_core.shell:Creating package script '/home/racecar/ros2_ws/src/Team10_GROS5/install/serial/share/serial/package.zsh'
[1.913s] Level 1:colcon.colcon_core.environment:create_file_with_runtime_dependencies(/home/racecar/ros2_ws/src/Team10_GROS5/install/serial/share/colcon-core/packages/serial)
[1.914s] Level 1:colcon.colcon_core.environment:create_environment_scripts_only(serial)
[1.914s] Level 1:colcon.colcon_core.environment:checking '/home/racecar/ros2_ws/src/Team10_GROS5/install/serial' for CMake module files
[1.916s] Level 1:colcon.colcon_core.environment:checking '/home/racecar/ros2_ws/src/Team10_GROS5/install/serial' for CMake config files
[1.916s] Level 1:colcon.colcon_core.shell:create_environment_hook('serial', 'cmake_prefix_path')
[1.917s] INFO:colcon.colcon_core.shell:Creating environment hook '/home/racecar/ros2_ws/src/Team10_GROS5/install/serial/share/serial/hook/cmake_prefix_path.ps1'
[1.918s] INFO:colcon.colcon_core.shell:Creating environment descriptor '/home/racecar/ros2_ws/src/Team10_GROS5/install/serial/share/serial/hook/cmake_prefix_path.dsv'
[1.922s] INFO:colcon.colcon_core.shell:Creating environment hook '/home/racecar/ros2_ws/src/Team10_GROS5/install/serial/share/serial/hook/cmake_prefix_path.sh'
[1.924s] Level 1:colcon.colcon_core.environment:checking '/home/racecar/ros2_ws/src/Team10_GROS5/install/serial/lib'
[1.924s] Level 1:colcon.colcon_core.environment:checking '/home/racecar/ros2_ws/src/Team10_GROS5/install/serial/bin'
[1.925s] Level 1:colcon.colcon_core.environment:checking '/home/racecar/ros2_ws/src/Team10_GROS5/install/serial/lib/pkgconfig/serial.pc'
[1.925s] Level 1:colcon.colcon_core.environment:checking '/home/racecar/ros2_ws/src/Team10_GROS5/install/serial/lib/python3.12/site-packages'
[1.925s] Level 1:colcon.colcon_core.environment:checking '/home/racecar/ros2_ws/src/Team10_GROS5/install/serial/bin'
[1.926s] INFO:colcon.colcon_core.shell:Creating package script '/home/racecar/ros2_ws/src/Team10_GROS5/install/serial/share/serial/package.ps1'
[1.934s] INFO:colcon.colcon_core.shell:Creating package descriptor '/home/racecar/ros2_ws/src/Team10_GROS5/install/serial/share/serial/package.dsv'
[1.935s] INFO:colcon.colcon_core.shell:Creating package script '/home/racecar/ros2_ws/src/Team10_GROS5/install/serial/share/serial/package.sh'
[1.936s] INFO:colcon.colcon_core.shell:Creating package script '/home/racecar/ros2_ws/src/Team10_GROS5/install/serial/share/serial/package.bash'
[1.937s] INFO:colcon.colcon_core.shell:Creating package script '/home/racecar/ros2_ws/src/Team10_GROS5/install/serial/share/serial/package.zsh'
[1.941s] Level 1:colcon.colcon_core.environment:create_file_with_runtime_dependencies(/home/racecar/ros2_ws/src/Team10_GROS5/install/serial/share/colcon-core/packages/serial)
[1.944s] INFO:colcon.colcon_ros.task.ament_python.build:Building ROS package in '/home/racecar/ros2_ws/src/Team10_GROS5/racecar-ros2/racecar_beacon' with build type 'ament_python'
[1.945s] Level 1:colcon.colcon_core.shell:create_environment_hook('racecar_beacon', 'ament_prefix_path')
[1.946s] INFO:colcon.colcon_core.shell:Creating environment hook '/home/racecar/ros2_ws/src/Team10_GROS5/install/racecar_beacon/share/racecar_beacon/hook/ament_prefix_path.ps1'
[1.947s] INFO:colcon.colcon_core.shell:Creating environment descriptor '/home/racecar/ros2_ws/src/Team10_GROS5/install/racecar_beacon/share/racecar_beacon/hook/ament_prefix_path.dsv'
[1.953s] INFO:colcon.colcon_core.shell:Creating environment hook '/home/racecar/ros2_ws/src/Team10_GROS5/install/racecar_beacon/share/racecar_beacon/hook/ament_prefix_path.sh'
[1.954s] INFO:colcon.colcon_core.shell:Skip shell extension 'powershell' for command environment: Not usable outside of PowerShell
[1.955s] DEBUG:colcon.colcon_core.shell:Skip shell extension 'dsv' for command environment
[2.716s] INFO:colcon.colcon_core.task.python.build:Building Python package in '/home/racecar/ros2_ws/src/Team10_GROS5/racecar-ros2/racecar_beacon'
[2.717s] INFO:colcon.colcon_core.shell:Skip shell extension 'powershell' for command environment: Not usable outside of PowerShell
[2.717s] DEBUG:colcon.colcon_core.shell:Skip shell extension 'dsv' for command environment
[3.422s] DEBUG:colcon.colcon_core.event_handler.log_command:Invoking command in '/home/racecar/ros2_ws/src/Team10_GROS5/racecar-ros2/racecar_bringup': DEBUGINFOD_URLS=https://debuginfod.ubuntu.com PYTHONPATH=/home/racecar/ros2_ws/src/Team10_GROS5/build/racecar_bringup/prefix_override:/usr/lib/python3/dist-packages/colcon_core/task/python/colcon_distutils_commands:/home/racecar/ros2_ws/src/Team10_GROS5/install/racecar_bringup/lib/python3.12/site-packages:${PYTHONPATH} /usr/bin/python3 -W ignore:setup.py install is deprecated -W ignore:easy_install command is deprecated setup.py egg_info --egg-base ../../build/racecar_bringup build --build-base /home/racecar/ros2_ws/src/Team10_GROS5/build/racecar_bringup/build install --record /home/racecar/ros2_ws/src/Team10_GROS5/build/racecar_bringup/install.log --single-version-externally-managed install_data
[3.559s] DEBUG:colcon.colcon_core.event_handler.log_command:Invoking command in '/home/racecar/ros2_ws/src/Team10_GROS5/racecar-ros2/racecar_behaviors': DEBUGINFOD_URLS=https://debuginfod.ubuntu.com PYTHONPATH=/home/racecar/ros2_ws/src/Team10_GROS5/build/racecar_behaviors/prefix_override:/usr/lib/python3/dist-packages/colcon_core/task/python/colcon_distutils_commands:/home/racecar/ros2_ws/src/Team10_GROS5/install/racecar_behaviors/lib/python3.12/site-packages:${PYTHONPATH} /usr/bin/python3 -W ignore:setup.py install is deprecated -W ignore:easy_install command is deprecated setup.py egg_info --egg-base ../../build/racecar_behaviors build --build-base /home/racecar/ros2_ws/src/Team10_GROS5/build/racecar_behaviors/build install --record /home/racecar/ros2_ws/src/Team10_GROS5/build/racecar_behaviors/install.log --single-version-externally-managed install_data
[3.577s] DEBUG:colcon.colcon_core.event_handler.log_command:Invoking command in '/home/racecar/ros2_ws/src/Team10_GROS5/racecar-ros2/racecar_autopilot': DEBUGINFOD_URLS=https://debuginfod.ubuntu.com PYTHONPATH=/home/racecar/ros2_ws/src/Team10_GROS5/build/racecar_autopilot/prefix_override:/usr/lib/python3/dist-packages/colcon_core/task/python/colcon_distutils_commands:/home/racecar/ros2_ws/src/Team10_GROS5/install/racecar_autopilot/lib/python3.12/site-packages:${PYTHONPATH} /usr/bin/python3 -W ignore:setup.py install is deprecated -W ignore:easy_install command is deprecated setup.py egg_info --egg-base ../../build/racecar_autopilot build --build-base /home/racecar/ros2_ws/src/Team10_GROS5/build/racecar_autopilot/build install --record /home/racecar/ros2_ws/src/Team10_GROS5/build/racecar_autopilot/install.log --single-version-externally-managed install_data
[4.588s] DEBUG:colcon.colcon_core.event_handler.log_command:Invoking command in '/home/racecar/ros2_ws/src/Team10_GROS5/racecar-ros2/racecar_beacon': DEBUGINFOD_URLS=https://debuginfod.ubuntu.com PYTHONPATH=/home/racecar/ros2_ws/src/Team10_GROS5/build/racecar_beacon/prefix_override:/usr/lib/python3/dist-packages/colcon_core/task/python/colcon_distutils_commands:/home/racecar/ros2_ws/src/Team10_GROS5/install/racecar_beacon/lib/python3.12/site-packages:${PYTHONPATH} /usr/bin/python3 -W ignore:setup.py install is deprecated -W ignore:easy_install command is deprecated setup.py egg_info --egg-base ../../build/racecar_beacon build --build-base /home/racecar/ros2_ws/src/Team10_GROS5/build/racecar_beacon/build install --record /home/racecar/ros2_ws/src/Team10_GROS5/build/racecar_beacon/install.log --single-version-externally-managed install_data
[5.121s] Level 1:colcon.colcon_core.environment:checking '/home/racecar/ros2_ws/src/Team10_GROS5/install/racecar_bringup' for CMake module files
[5.122s] DEBUG:colcon.colcon_core.event_handler.log_command:Invoked command in '/home/racecar/ros2_ws/src/Team10_GROS5/racecar-ros2/racecar_bringup' returned '0': DEBUGINFOD_URLS=https://debuginfod.ubuntu.com PYTHONPATH=/home/racecar/ros2_ws/src/Team10_GROS5/build/racecar_bringup/prefix_override:/usr/lib/python3/dist-packages/colcon_core/task/python/colcon_distutils_commands:/home/racecar/ros2_ws/src/Team10_GROS5/install/racecar_bringup/lib/python3.12/site-packages:${PYTHONPATH} /usr/bin/python3 -W ignore:setup.py install is deprecated -W ignore:easy_install command is deprecated setup.py egg_info --egg-base ../../build/racecar_bringup build --build-base /home/racecar/ros2_ws/src/Team10_GROS5/build/racecar_bringup/build install --record /home/racecar/ros2_ws/src/Team10_GROS5/build/racecar_bringup/install.log --single-version-externally-managed install_data
[5.123s] Level 1:colcon.colcon_core.environment:checking '/home/racecar/ros2_ws/src/Team10_GROS5/install/racecar_bringup' for CMake config files
[5.124s] Level 1:colcon.colcon_core.environment:checking '/home/racecar/ros2_ws/src/Team10_GROS5/install/racecar_bringup/lib'
[5.124s] Level 1:colcon.colcon_core.environment:checking '/home/racecar/ros2_ws/src/Team10_GROS5/install/racecar_bringup/bin'
[5.124s] Level 1:colcon.colcon_core.environment:checking '/home/racecar/ros2_ws/src/Team10_GROS5/install/racecar_bringup/lib/pkgconfig/racecar_bringup.pc'
[5.125s] Level 1:colcon.colcon_core.environment:checking '/home/racecar/ros2_ws/src/Team10_GROS5/install/racecar_bringup/lib/python3.12/site-packages'
[5.125s] Level 1:colcon.colcon_core.shell:create_environment_hook('racecar_bringup', 'pythonpath')
[5.126s] INFO:colcon.colcon_core.shell:Creating environment hook '/home/racecar/ros2_ws/src/Team10_GROS5/install/racecar_bringup/share/racecar_bringup/hook/pythonpath.ps1'
[5.127s] INFO:colcon.colcon_core.shell:Creating environment descriptor '/home/racecar/ros2_ws/src/Team10_GROS5/install/racecar_bringup/share/racecar_bringup/hook/pythonpath.dsv'
[5.128s] INFO:colcon.colcon_core.shell:Creating environment hook '/home/racecar/ros2_ws/src/Team10_GROS5/install/racecar_bringup/share/racecar_bringup/hook/pythonpath.sh'
[5.130s] Level 1:colcon.colcon_core.environment:checking '/home/racecar/ros2_ws/src/Team10_GROS5/install/racecar_bringup/bin'
[5.130s] Level 1:colcon.colcon_core.environment:create_environment_scripts_only(racecar_bringup)
[5.130s] INFO:colcon.colcon_core.shell:Creating package script '/home/racecar/ros2_ws/src/Team10_GROS5/install/racecar_bringup/share/racecar_bringup/package.ps1'
[5.131s] INFO:colcon.colcon_core.shell:Creating package descriptor '/home/racecar/ros2_ws/src/Team10_GROS5/install/racecar_bringup/share/racecar_bringup/package.dsv'
[5.133s] INFO:colcon.colcon_core.shell:Creating package script '/home/racecar/ros2_ws/src/Team10_GROS5/install/racecar_bringup/share/racecar_bringup/package.sh'
[5.134s] INFO:colcon.colcon_core.shell:Creating package script '/home/racecar/ros2_ws/src/Team10_GROS5/install/racecar_bringup/share/racecar_bringup/package.bash'
[5.135s] INFO:colcon.colcon_core.shell:Creating package script '/home/racecar/ros2_ws/src/Team10_GROS5/install/racecar_bringup/share/racecar_bringup/package.zsh'
[5.136s] Level 1:colcon.colcon_core.environment:create_file_with_runtime_dependencies(/home/racecar/ros2_ws/src/Team10_GROS5/install/racecar_bringup/share/colcon-core/packages/racecar_bringup)
[5.138s] INFO:colcon.colcon_ros.task.ament_python.build:Building ROS package in '/home/racecar/ros2_ws/src/Team10_GROS5/racecar-ros2/racecar_description' with build type 'ament_python'
[5.138s] Level 1:colcon.colcon_core.shell:create_environment_hook('racecar_description', 'ament_prefix_path')
[5.139s] INFO:colcon.colcon_core.shell:Creating environment hook '/home/racecar/ros2_ws/src/Team10_GROS5/install/racecar_description/share/racecar_description/hook/ament_prefix_path.ps1'
[5.147s] INFO:colcon.colcon_core.shell:Creating environment descriptor '/home/racecar/ros2_ws/src/Team10_GROS5/install/racecar_description/share/racecar_description/hook/ament_prefix_path.dsv'
[5.148s] INFO:colcon.colcon_core.shell:Creating environment hook '/home/racecar/ros2_ws/src/Team10_GROS5/install/racecar_description/share/racecar_description/hook/ament_prefix_path.sh'
[5.152s] INFO:colcon.colcon_core.shell:Skip shell extension 'powershell' for command environment: Not usable outside of PowerShell
[5.152s] DEBUG:colcon.colcon_core.shell:Skip shell extension 'dsv' for command environment
[5.754s] INFO:colcon.colcon_core.task.python.build:Building Python package in '/home/racecar/ros2_ws/src/Team10_GROS5/racecar-ros2/racecar_description'
[5.755s] INFO:colcon.colcon_core.shell:Skip shell extension 'powershell' for command environment: Not usable outside of PowerShell
[5.755s] DEBUG:colcon.colcon_core.shell:Skip shell extension 'dsv' for command environment
[5.769s] Level 1:colcon.colcon_core.environment:checking '/home/racecar/ros2_ws/src/Team10_GROS5/install/racecar_behaviors' for CMake module files
[5.770s] DEBUG:colcon.colcon_core.event_handler.log_command:Invoked command in '/home/racecar/ros2_ws/src/Team10_GROS5/racecar-ros2/racecar_behaviors' returned '0': DEBUGINFOD_URLS=https://debuginfod.ubuntu.com PYTHONPATH=/home/racecar/ros2_ws/src/Team10_GROS5/build/racecar_behaviors/prefix_override:/usr/lib/python3/dist-packages/colcon_core/task/python/colcon_distutils_commands:/home/racecar/ros2_ws/src/Team10_GROS5/install/racecar_behaviors/lib/python3.12/site-packages:${PYTHONPATH} /usr/bin/python3 -W ignore:setup.py install is deprecated -W ignore:easy_install command is deprecated setup.py egg_info --egg-base ../../build/racecar_behaviors build --build-base /home/racecar/ros2_ws/src/Team10_GROS5/build/racecar_behaviors/build install --record /home/racecar/ros2_ws/src/Team10_GROS5/build/racecar_behaviors/install.log --single-version-externally-managed install_data
[5.772s] Level 1:colcon.colcon_core.environment:checking '/home/racecar/ros2_ws/src/Team10_GROS5/install/racecar_behaviors' for CMake config files
[5.774s] Level 1:colcon.colcon_core.environment:checking '/home/racecar/ros2_ws/src/Team10_GROS5/install/racecar_behaviors/lib'
[5.774s] Level 1:colcon.colcon_core.environment:checking '/home/racecar/ros2_ws/src/Team10_GROS5/install/racecar_behaviors/bin'
[5.774s] Level 1:colcon.colcon_core.environment:checking '/home/racecar/ros2_ws/src/Team10_GROS5/install/racecar_behaviors/lib/pkgconfig/racecar_behaviors.pc'
[5.775s] Level 1:colcon.colcon_core.environment:checking '/home/racecar/ros2_ws/src/Team10_GROS5/install/racecar_behaviors/lib/python3.12/site-packages'
[5.775s] Level 1:colcon.colcon_core.shell:create_environment_hook('racecar_behaviors', 'pythonpath')
[5.775s] INFO:colcon.colcon_core.shell:Creating environment hook '/home/racecar/ros2_ws/src/Team10_GROS5/install/racecar_behaviors/share/racecar_behaviors/hook/pythonpath.ps1'
[5.776s] INFO:colcon.colcon_core.shell:Creating environment descriptor '/home/racecar/ros2_ws/src/Team10_GROS5/install/racecar_behaviors/share/racecar_behaviors/hook/pythonpath.dsv'
[5.778s] INFO:colcon.colcon_core.shell:Creating environment hook '/home/racecar/ros2_ws/src/Team10_GROS5/install/racecar_behaviors/share/racecar_behaviors/hook/pythonpath.sh'
[5.779s] Level 1:colcon.colcon_core.environment:checking '/home/racecar/ros2_ws/src/Team10_GROS5/install/racecar_behaviors/bin'
[5.779s] Level 1:colcon.colcon_core.environment:create_environment_scripts_only(racecar_behaviors)
[5.780s] INFO:colcon.colcon_core.shell:Creating package script '/home/racecar/ros2_ws/src/Team10_GROS5/install/racecar_behaviors/share/racecar_behaviors/package.ps1'
[5.780s] INFO:colcon.colcon_core.shell:Creating package descriptor '/home/racecar/ros2_ws/src/Team10_GROS5/install/racecar_behaviors/share/racecar_behaviors/package.dsv'
[5.782s] INFO:colcon.colcon_core.shell:Creating package script '/home/racecar/ros2_ws/src/Team10_GROS5/install/racecar_behaviors/share/racecar_behaviors/package.sh'
[5.784s] INFO:colcon.colcon_core.shell:Creating package script '/home/racecar/ros2_ws/src/Team10_GROS5/install/racecar_behaviors/share/racecar_behaviors/package.bash'
[5.785s] INFO:colcon.colcon_core.shell:Creating package script '/home/racecar/ros2_ws/src/Team10_GROS5/install/racecar_behaviors/share/racecar_behaviors/package.zsh'
[5.787s] Level 1:colcon.colcon_core.environment:create_file_with_runtime_dependencies(/home/racecar/ros2_ws/src/Team10_GROS5/install/racecar_behaviors/share/colcon-core/packages/racecar_behaviors)
[5.789s] Level 1:colcon.colcon_core.environment:checking '/home/racecar/ros2_ws/src/Team10_GROS5/install/racecar_autopilot' for CMake module files
[5.791s] Level 1:colcon.colcon_core.environment:checking '/home/racecar/ros2_ws/src/Team10_GROS5/install/racecar_autopilot' for CMake config files
[5.792s] DEBUG:colcon.colcon_core.event_handler.log_command:Invoked command in '/home/racecar/ros2_ws/src/Team10_GROS5/racecar-ros2/racecar_autopilot' returned '0': DEBUGINFOD_URLS=https://debuginfod.ubuntu.com PYTHONPATH=/home/racecar/ros2_ws/src/Team10_GROS5/build/racecar_autopilot/prefix_override:/usr/lib/python3/dist-packages/colcon_core/task/python/colcon_distutils_commands:/home/racecar/ros2_ws/src/Team10_GROS5/install/racecar_autopilot/lib/python3.12/site-packages:${PYTHONPATH} /usr/bin/python3 -W ignore:setup.py install is deprecated -W ignore:easy_install command is deprecated setup.py egg_info --egg-base ../../build/racecar_autopilot build --build-base /home/racecar/ros2_ws/src/Team10_GROS5/build/racecar_autopilot/build install --record /home/racecar/ros2_ws/src/Team10_GROS5/build/racecar_autopilot/install.log --single-version-externally-managed install_data
[5.794s] Level 1:colcon.colcon_core.environment:checking '/home/racecar/ros2_ws/src/Team10_GROS5/install/racecar_autopilot/lib'
[5.794s] Level 1:colcon.colcon_core.environment:checking '/home/racecar/ros2_ws/src/Team10_GROS5/install/racecar_autopilot/bin'
[5.794s] Level 1:colcon.colcon_core.environment:checking '/home/racecar/ros2_ws/src/Team10_GROS5/install/racecar_autopilot/lib/pkgconfig/racecar_autopilot.pc'
[5.795s] Level 1:colcon.colcon_core.environment:checking '/home/racecar/ros2_ws/src/Team10_GROS5/install/racecar_autopilot/lib/python3.12/site-packages'
[5.795s] Level 1:colcon.colcon_core.shell:create_environment_hook('racecar_autopilot', 'pythonpath')
[5.796s] INFO:colcon.colcon_core.shell:Creating environment hook '/home/racecar/ros2_ws/src/Team10_GROS5/install/racecar_autopilot/share/racecar_autopilot/hook/pythonpath.ps1'
[5.798s] INFO:colcon.colcon_core.shell:Creating environment descriptor '/home/racecar/ros2_ws/src/Team10_GROS5/install/racecar_autopilot/share/racecar_autopilot/hook/pythonpath.dsv'
[5.802s] INFO:colcon.colcon_core.shell:Creating environment hook '/home/racecar/ros2_ws/src/Team10_GROS5/install/racecar_autopilot/share/racecar_autopilot/hook/pythonpath.sh'
[5.806s] Level 1:colcon.colcon_core.environment:checking '/home/racecar/ros2_ws/src/Team10_GROS5/install/racecar_autopilot/bin'
[5.807s] Level 1:colcon.colcon_core.environment:create_environment_scripts_only(racecar_autopilot)
[5.808s] INFO:colcon.colcon_core.shell:Creating package script '/home/racecar/ros2_ws/src/Team10_GROS5/install/racecar_autopilot/share/racecar_autopilot/package.ps1'
[5.809s] INFO:colcon.colcon_core.shell:Creating package descriptor '/home/racecar/ros2_ws/src/Team10_GROS5/install/racecar_autopilot/share/racecar_autopilot/package.dsv'
[5.811s] INFO:colcon.colcon_core.shell:Creating package script '/home/racecar/ros2_ws/src/Team10_GROS5/install/racecar_autopilot/share/racecar_autopilot/package.sh'
[5.812s] INFO:colcon.colcon_core.shell:Creating package script '/home/racecar/ros2_ws/src/Team10_GROS5/install/racecar_autopilot/share/racecar_autopilot/package.bash'
[5.813s] INFO:colcon.colcon_core.shell:Creating package script '/home/racecar/ros2_ws/src/Team10_GROS5/install/racecar_autopilot/share/racecar_autopilot/package.zsh'
[5.814s] Level 1:colcon.colcon_core.environment:create_file_with_runtime_dependencies(/home/racecar/ros2_ws/src/Team10_GROS5/install/racecar_autopilot/share/colcon-core/packages/racecar_autopilot)
[5.816s] INFO:colcon.colcon_ros.task.ament_python.build:Building ROS package in '/home/racecar/ros2_ws/src/Team10_GROS5/racecar-ros2/racecar_gazebo' with build type 'ament_python'
[5.817s] Level 1:colcon.colcon_core.shell:create_environment_hook('racecar_gazebo', 'ament_prefix_path')
[5.817s] INFO:colcon.colcon_core.shell:Creating environment hook '/home/racecar/ros2_ws/src/Team10_GROS5/install/racecar_gazebo/share/racecar_gazebo/hook/ament_prefix_path.ps1'
[5.819s] INFO:colcon.colcon_core.shell:Creating environment descriptor '/home/racecar/ros2_ws/src/Team10_GROS5/install/racecar_gazebo/share/racecar_gazebo/hook/ament_prefix_path.dsv'
[5.820s] INFO:colcon.colcon_core.shell:Creating environment hook '/home/racecar/ros2_ws/src/Team10_GROS5/install/racecar_gazebo/share/racecar_gazebo/hook/ament_prefix_path.sh'
[5.821s] INFO:colcon.colcon_core.shell:Skip shell extension 'powershell' for command environment: Not usable outside of PowerShell
[5.822s] DEBUG:colcon.colcon_core.shell:Skip shell extension 'dsv' for command environment
[5.837s] INFO:colcon.colcon_ros.task.ament_python.build:Building ROS package in '/home/racecar/ros2_ws/src/Team10_GROS5/racecar-ros2/racecar_teleop' with build type 'ament_python'
[5.837s] Level 1:colcon.colcon_core.shell:create_environment_hook('racecar_teleop', 'ament_prefix_path')
[5.838s] INFO:colcon.colcon_core.shell:Creating environment hook '/home/racecar/ros2_ws/src/Team10_GROS5/install/racecar_teleop/share/racecar_teleop/hook/ament_prefix_path.ps1'
[5.841s] INFO:colcon.colcon_core.shell:Creating environment descriptor '/home/racecar/ros2_ws/src/Team10_GROS5/install/racecar_teleop/share/racecar_teleop/hook/ament_prefix_path.dsv'
[5.843s] INFO:colcon.colcon_core.shell:Creating environment hook '/home/racecar/ros2_ws/src/Team10_GROS5/install/racecar_teleop/share/racecar_teleop/hook/ament_prefix_path.sh'
[5.845s] INFO:colcon.colcon_core.shell:Skip shell extension 'powershell' for command environment: Not usable outside of PowerShell
[5.846s] DEBUG:colcon.colcon_core.shell:Skip shell extension 'dsv' for command environment
[6.441s] INFO:colcon.colcon_core.task.python.build:Building Python package in '/home/racecar/ros2_ws/src/Team10_GROS5/racecar-ros2/racecar_gazebo'
[6.442s] INFO:colcon.colcon_core.shell:Skip shell extension 'powershell' for command environment: Not usable outside of PowerShell
[6.442s] DEBUG:colcon.colcon_core.shell:Skip shell extension 'dsv' for command environment
[6.916s] INFO:colcon.colcon_core.task.python.build:Building Python package in '/home/racecar/ros2_ws/src/Team10_GROS5/racecar-ros2/racecar_teleop'
[6.916s] INFO:colcon.colcon_core.shell:Skip shell extension 'powershell' for command environment: Not usable outside of PowerShell
[6.917s] DEBUG:colcon.colcon_core.shell:Skip shell extension 'dsv' for command environment
[6.933s] Level 1:colcon.colcon_core.environment:checking '/home/racecar/ros2_ws/src/Team10_GROS5/install/racecar_beacon' for CMake module files
[6.935s] DEBUG:colcon.colcon_core.event_handler.log_command:Invoked command in '/home/racecar/ros2_ws/src/Team10_GROS5/racecar-ros2/racecar_beacon' returned '0': DEBUGINFOD_URLS=https://debuginfod.ubuntu.com PYTHONPATH=/home/racecar/ros2_ws/src/Team10_GROS5/build/racecar_beacon/prefix_override:/usr/lib/python3/dist-packages/colcon_core/task/python/colcon_distutils_commands:/home/racecar/ros2_ws/src/Team10_GROS5/install/racecar_beacon/lib/python3.12/site-packages:${PYTHONPATH} /usr/bin/python3 -W ignore:setup.py install is deprecated -W ignore:easy_install command is deprecated setup.py egg_info --egg-base ../../build/racecar_beacon build --build-base /home/racecar/ros2_ws/src/Team10_GROS5/build/racecar_beacon/build install --record /home/racecar/ros2_ws/src/Team10_GROS5/build/racecar_beacon/install.log --single-version-externally-managed install_data
[6.936s] Level 1:colcon.colcon_core.environment:checking '/home/racecar/ros2_ws/src/Team10_GROS5/install/racecar_beacon' for CMake config files
[6.938s] Level 1:colcon.colcon_core.environment:checking '/home/racecar/ros2_ws/src/Team10_GROS5/install/racecar_beacon/lib'
[6.938s] Level 1:colcon.colcon_core.environment:checking '/home/racecar/ros2_ws/src/Team10_GROS5/install/racecar_beacon/bin'
[6.938s] Level 1:colcon.colcon_core.environment:checking '/home/racecar/ros2_ws/src/Team10_GROS5/install/racecar_beacon/lib/pkgconfig/racecar_beacon.pc'
[6.939s] Level 1:colcon.colcon_core.environment:checking '/home/racecar/ros2_ws/src/Team10_GROS5/install/racecar_beacon/lib/python3.12/site-packages'
[6.939s] Level 1:colcon.colcon_core.shell:create_environment_hook('racecar_beacon', 'pythonpath')
[6.940s] INFO:colcon.colcon_core.shell:Creating environment hook '/home/racecar/ros2_ws/src/Team10_GROS5/install/racecar_beacon/share/racecar_beacon/hook/pythonpath.ps1'
[6.941s] INFO:colcon.colcon_core.shell:Creating environment descriptor '/home/racecar/ros2_ws/src/Team10_GROS5/install/racecar_beacon/share/racecar_beacon/hook/pythonpath.dsv'
[6.942s] INFO:colcon.colcon_core.shell:Creating environment hook '/home/racecar/ros2_ws/src/Team10_GROS5/install/racecar_beacon/share/racecar_beacon/hook/pythonpath.sh'
[6.944s] Level 1:colcon.colcon_core.environment:checking '/home/racecar/ros2_ws/src/Team10_GROS5/install/racecar_beacon/bin'
[6.944s] Level 1:colcon.colcon_core.environment:create_environment_scripts_only(racecar_beacon)
[6.945s] INFO:colcon.colcon_core.shell:Creating package script '/home/racecar/ros2_ws/src/Team10_GROS5/install/racecar_beacon/share/racecar_beacon/package.ps1'
[6.946s] INFO:colcon.colcon_core.shell:Creating package descriptor '/home/racecar/ros2_ws/src/Team10_GROS5/install/racecar_beacon/share/racecar_beacon/package.dsv'
[6.947s] INFO:colcon.colcon_core.shell:Creating package script '/home/racecar/ros2_ws/src/Team10_GROS5/install/racecar_beacon/share/racecar_beacon/package.sh'
[6.948s] INFO:colcon.colcon_core.shell:Creating package script '/home/racecar/ros2_ws/src/Team10_GROS5/install/racecar_beacon/share/racecar_beacon/package.bash'
[6.950s] INFO:colcon.colcon_core.shell:Creating package script '/home/racecar/ros2_ws/src/Team10_GROS5/install/racecar_beacon/share/racecar_beacon/package.zsh'
[6.951s] Level 1:colcon.colcon_core.environment:create_file_with_runtime_dependencies(/home/racecar/ros2_ws/src/Team10_GROS5/install/racecar_beacon/share/colcon-core/packages/racecar_beacon)
[6.955s] INFO:colcon.colcon_ros.task.ament_cmake.build:Building ROS package in '/home/racecar/ros2_ws/src/Team10_GROS5/racecar-ros2/racecar_serial/pb2roscpp' with build type 'ament_cmake'
[6.955s] INFO:colcon.colcon_cmake.task.cmake.build:Building CMake package in '/home/racecar/ros2_ws/src/Team10_GROS5/racecar-ros2/racecar_serial/pb2roscpp'
[6.956s] INFO:colcon.colcon_core.shell:Skip shell extension 'powershell' for command environment: Not usable outside of PowerShell
[6.956s] DEBUG:colcon.colcon_core.shell:Skip shell extension 'dsv' for command environment
[6.994s] DEBUG:colcon.colcon_core.event_handler.log_command:Invoking command in '/home/racecar/ros2_ws/src/Team10_GROS5/build/pb2roscpp': AMENT_PREFIX_PATH=/home/racecar/ros2_ws/src/Team10_GROS5/install/serial:${AMENT_PREFIX_PATH} CMAKE_PREFIX_PATH=/home/racecar/ros2_ws/src/Team10_GROS5/install/serial:/home/racecar/rplidar_ws/install/rplidar_ros:/home/racecar/ros2_ws/install/pb2roscpp:/home/racecar/ros2_ws/install/serial:/opt/ros/jazzy/opt/gz_sim_vendor:/opt/ros/jazzy/opt/gz_sensors_vendor:/opt/ros/jazzy/opt/gz_physics_vendor:/opt/ros/jazzy/opt/sdformat_vendor:/opt/ros/jazzy/opt/gz_gui_vendor:/opt/ros/jazzy/opt/gz_transport_vendor:/opt/ros/jazzy/opt/gz_rendering_vendor:/opt/ros/jazzy/opt/gz_plugin_vendor:/opt/ros/jazzy/opt/gz_fuel_tools_vendor:/opt/ros/jazzy/opt/gz_msgs_vendor:/opt/ros/jazzy/opt/gz_common_vendor:/opt/ros/jazzy/opt/gz_math_vendor:/opt/ros/jazzy/opt/gz_utils_vendor:/opt/ros/jazzy/opt/gz_tools_vendor:/opt/ros/jazzy/opt/gz_ogre_next_vendor:/opt/ros/jazzy/opt/gz_dartsim_vendor:/opt/ros/jazzy/opt/gz_cmake_vendor:/home/racecar/ros2_ws/install/racecar_teleop:/home/racecar/ros2_ws/install/racecar_navigation:/home/racecar/ros2_ws/install/racecar_gazebo:/home/racecar/ros2_ws/install/racecar_description:/home/racecar/ros2_ws/install/racecar_bringup:/home/racecar/ros2_ws/install/racecar_behaviors:/home/racecar/ros2_ws/install/racecar_beacon:/home/racecar/ros2_ws/install/racecar_autopilot:/opt/ros/jazzy DEBUGINFOD_URLS=https://debuginfod.ubuntu.com LD_LIBRARY_PATH=/home/racecar/ros2_ws/src/Team10_GROS5/install/serial/lib:${LD_LIBRARY_PATH} /usr/bin/cmake --build /home/racecar/ros2_ws/src/Team10_GROS5/build/pb2roscpp -- -j4 -l4
[7.245s] DEBUG:colcon.colcon_core.event_handler.log_command:Invoked command in '/home/racecar/ros2_ws/src/Team10_GROS5/build/pb2roscpp' returned '0': AMENT_PREFIX_PATH=/home/racecar/ros2_ws/src/Team10_GROS5/install/serial:${AMENT_PREFIX_PATH} CMAKE_PREFIX_PATH=/home/racecar/ros2_ws/src/Team10_GROS5/install/serial:/home/racecar/rplidar_ws/install/rplidar_ros:/home/racecar/ros2_ws/install/pb2roscpp:/home/racecar/ros2_ws/install/serial:/opt/ros/jazzy/opt/gz_sim_vendor:/opt/ros/jazzy/opt/gz_sensors_vendor:/opt/ros/jazzy/opt/gz_physics_vendor:/opt/ros/jazzy/opt/sdformat_vendor:/opt/ros/jazzy/opt/gz_gui_vendor:/opt/ros/jazzy/opt/gz_transport_vendor:/opt/ros/jazzy/opt/gz_rendering_vendor:/opt/ros/jazzy/opt/gz_plugin_vendor:/opt/ros/jazzy/opt/gz_fuel_tools_vendor:/opt/ros/jazzy/opt/gz_msgs_vendor:/opt/ros/jazzy/opt/gz_common_vendor:/opt/ros/jazzy/opt/gz_math_vendor:/opt/ros/jazzy/opt/gz_utils_vendor:/opt/ros/jazzy/opt/gz_tools_vendor:/opt/ros/jazzy/opt/gz_ogre_next_vendor:/opt/ros/jazzy/opt/gz_dartsim_vendor:/opt/ros/jazzy/opt/gz_cmake_vendor:/home/racecar/ros2_ws/install/racecar_teleop:/home/racecar/ros2_ws/install/racecar_navigation:/home/racecar/ros2_ws/install/racecar_gazebo:/home/racecar/ros2_ws/install/racecar_description:/home/racecar/ros2_ws/install/racecar_bringup:/home/racecar/ros2_ws/install/racecar_behaviors:/home/racecar/ros2_ws/install/racecar_beacon:/home/racecar/ros2_ws/install/racecar_autopilot:/opt/ros/jazzy DEBUGINFOD_URLS=https://debuginfod.ubuntu.com LD_LIBRARY_PATH=/home/racecar/ros2_ws/src/Team10_GROS5/install/serial/lib:${LD_LIBRARY_PATH} /usr/bin/cmake --build /home/racecar/ros2_ws/src/Team10_GROS5/build/pb2roscpp -- -j4 -l4
[7.246s] DEBUG:colcon.colcon_core.event_handler.log_command:Invoking command in '/home/racecar/ros2_ws/src/Team10_GROS5/build/pb2roscpp': AMENT_PREFIX_PATH=/home/racecar/ros2_ws/src/Team10_GROS5/install/serial:${AMENT_PREFIX_PATH} CMAKE_PREFIX_PATH=/home/racecar/ros2_ws/src/Team10_GROS5/install/serial:/home/racecar/rplidar_ws/install/rplidar_ros:/home/racecar/ros2_ws/install/pb2roscpp:/home/racecar/ros2_ws/install/serial:/opt/ros/jazzy/opt/gz_sim_vendor:/opt/ros/jazzy/opt/gz_sensors_vendor:/opt/ros/jazzy/opt/gz_physics_vendor:/opt/ros/jazzy/opt/sdformat_vendor:/opt/ros/jazzy/opt/gz_gui_vendor:/opt/ros/jazzy/opt/gz_transport_vendor:/opt/ros/jazzy/opt/gz_rendering_vendor:/opt/ros/jazzy/opt/gz_plugin_vendor:/opt/ros/jazzy/opt/gz_fuel_tools_vendor:/opt/ros/jazzy/opt/gz_msgs_vendor:/opt/ros/jazzy/opt/gz_common_vendor:/opt/ros/jazzy/opt/gz_math_vendor:/opt/ros/jazzy/opt/gz_utils_vendor:/opt/ros/jazzy/opt/gz_tools_vendor:/opt/ros/jazzy/opt/gz_ogre_next_vendor:/opt/ros/jazzy/opt/gz_dartsim_vendor:/opt/ros/jazzy/opt/gz_cmake_vendor:/home/racecar/ros2_ws/install/racecar_teleop:/home/racecar/ros2_ws/install/racecar_navigation:/home/racecar/ros2_ws/install/racecar_gazebo:/home/racecar/ros2_ws/install/racecar_description:/home/racecar/ros2_ws/install/racecar_bringup:/home/racecar/ros2_ws/install/racecar_behaviors:/home/racecar/ros2_ws/install/racecar_beacon:/home/racecar/ros2_ws/install/racecar_autopilot:/opt/ros/jazzy DEBUGINFOD_URLS=https://debuginfod.ubuntu.com LD_LIBRARY_PATH=/home/racecar/ros2_ws/src/Team10_GROS5/install/serial/lib:${LD_LIBRARY_PATH} /usr/bin/cmake --install /home/racecar/ros2_ws/src/Team10_GROS5/build/pb2roscpp
[7.342s] Level 1:colcon.colcon_core.environment:create_environment_scripts_only(pb2roscpp)
[7.343s] DEBUG:colcon.colcon_core.event_handler.log_command:Invoked command in '/home/racecar/ros2_ws/src/Team10_GROS5/build/pb2roscpp' returned '0': AMENT_PREFIX_PATH=/home/racecar/ros2_ws/src/Team10_GROS5/install/serial:${AMENT_PREFIX_PATH} CMAKE_PREFIX_PATH=/home/racecar/ros2_ws/src/Team10_GROS5/install/serial:/home/racecar/rplidar_ws/install/rplidar_ros:/home/racecar/ros2_ws/install/pb2roscpp:/home/racecar/ros2_ws/install/serial:/opt/ros/jazzy/opt/gz_sim_vendor:/opt/ros/jazzy/opt/gz_sensors_vendor:/opt/ros/jazzy/opt/gz_physics_vendor:/opt/ros/jazzy/opt/sdformat_vendor:/opt/ros/jazzy/opt/gz_gui_vendor:/opt/ros/jazzy/opt/gz_transport_vendor:/opt/ros/jazzy/opt/gz_rendering_vendor:/opt/ros/jazzy/opt/gz_plugin_vendor:/opt/ros/jazzy/opt/gz_fuel_tools_vendor:/opt/ros/jazzy/opt/gz_msgs_vendor:/opt/ros/jazzy/opt/gz_common_vendor:/opt/ros/jazzy/opt/gz_math_vendor:/opt/ros/jazzy/opt/gz_utils_vendor:/opt/ros/jazzy/opt/gz_tools_vendor:/opt/ros/jazzy/opt/gz_ogre_next_vendor:/opt/ros/jazzy/opt/gz_dartsim_vendor:/opt/ros/jazzy/opt/gz_cmake_vendor:/home/racecar/ros2_ws/install/racecar_teleop:/home/racecar/ros2_ws/install/racecar_navigation:/home/racecar/ros2_ws/install/racecar_gazebo:/home/racecar/ros2_ws/install/racecar_description:/home/racecar/ros2_ws/install/racecar_bringup:/home/racecar/ros2_ws/install/racecar_behaviors:/home/racecar/ros2_ws/install/racecar_beacon:/home/racecar/ros2_ws/install/racecar_autopilot:/opt/ros/jazzy DEBUGINFOD_URLS=https://debuginfod.ubuntu.com LD_LIBRARY_PATH=/home/racecar/ros2_ws/src/Team10_GROS5/install/serial/lib:${LD_LIBRARY_PATH} /usr/bin/cmake --install /home/racecar/ros2_ws/src/Team10_GROS5/build/pb2roscpp
[7.343s] Level 1:colcon.colcon_core.environment:checking '/home/racecar/ros2_ws/src/Team10_GROS5/install/pb2roscpp' for CMake module files
[7.346s] Level 1:colcon.colcon_core.environment:checking '/home/racecar/ros2_ws/src/Team10_GROS5/install/pb2roscpp' for CMake config files
[7.347s] Level 1:colcon.colcon_core.shell:create_environment_hook('pb2roscpp', 'cmake_prefix_path')
[7.348s] INFO:colcon.colcon_core.shell:Creating environment hook '/home/racecar/ros2_ws/src/Team10_GROS5/install/pb2roscpp/share/pb2roscpp/hook/cmake_prefix_path.ps1'
[7.349s] INFO:colcon.colcon_core.shell:Creating environment descriptor '/home/racecar/ros2_ws/src/Team10_GROS5/install/pb2roscpp/share/pb2roscpp/hook/cmake_prefix_path.dsv'
[7.351s] INFO:colcon.colcon_core.shell:Creating environment hook '/home/racecar/ros2_ws/src/Team10_GROS5/install/pb2roscpp/share/pb2roscpp/hook/cmake_prefix_path.sh'
[7.353s] Level 1:colcon.colcon_core.environment:checking '/home/racecar/ros2_ws/src/Team10_GROS5/install/pb2roscpp/lib'
[7.353s] Level 1:colcon.colcon_core.environment:checking '/home/racecar/ros2_ws/src/Team10_GROS5/install/pb2roscpp/bin'
[7.354s] Level 1:colcon.colcon_core.environment:checking '/home/racecar/ros2_ws/src/Team10_GROS5/install/pb2roscpp/lib/pkgconfig/pb2roscpp.pc'
[7.355s] Level 1:colcon.colcon_core.environment:checking '/home/racecar/ros2_ws/src/Team10_GROS5/install/pb2roscpp/lib/python3.12/site-packages'
[7.355s] Level 1:colcon.colcon_core.environment:checking '/home/racecar/ros2_ws/src/Team10_GROS5/install/pb2roscpp/bin'
[7.356s] INFO:colcon.colcon_core.shell:Creating package script '/home/racecar/ros2_ws/src/Team10_GROS5/install/pb2roscpp/share/pb2roscpp/package.ps1'
[7.358s] INFO:colcon.colcon_core.shell:Creating package descriptor '/home/racecar/ros2_ws/src/Team10_GROS5/install/pb2roscpp/share/pb2roscpp/package.dsv'
[7.360s] INFO:colcon.colcon_core.shell:Creating package script '/home/racecar/ros2_ws/src/Team10_GROS5/install/pb2roscpp/share/pb2roscpp/package.sh'
[7.361s] INFO:colcon.colcon_core.shell:Creating package script '/home/racecar/ros2_ws/src/Team10_GROS5/install/pb2roscpp/share/pb2roscpp/package.bash'
[7.363s] INFO:colcon.colcon_core.shell:Creating package script '/home/racecar/ros2_ws/src/Team10_GROS5/install/pb2roscpp/share/pb2roscpp/package.zsh'
[7.364s] Level 1:colcon.colcon_core.environment:create_file_with_runtime_dependencies(/home/racecar/ros2_ws/src/Team10_GROS5/install/pb2roscpp/share/colcon-core/packages/pb2roscpp)
[7.367s] Level 1:colcon.colcon_core.environment:create_environment_scripts_only(pb2roscpp)
[7.367s] Level 1:colcon.colcon_core.environment:checking '/home/racecar/ros2_ws/src/Team10_GROS5/install/pb2roscpp' for CMake module files
[7.369s] Level 1:colcon.colcon_core.environment:checking '/home/racecar/ros2_ws/src/Team10_GROS5/install/pb2roscpp' for CMake config files
[7.370s] Level 1:colcon.colcon_core.shell:create_environment_hook('pb2roscpp', 'cmake_prefix_path')
[7.371s] INFO:colcon.colcon_core.shell:Creating environment hook '/home/racecar/ros2_ws/src/Team10_GROS5/install/pb2roscpp/share/pb2roscpp/hook/cmake_prefix_path.ps1'
[7.373s] INFO:colcon.colcon_core.shell:Creating environment descriptor '/home/racecar/ros2_ws/src/Team10_GROS5/install/pb2roscpp/share/pb2roscpp/hook/cmake_prefix_path.dsv'
[7.374s] INFO:colcon.colcon_core.shell:Creating environment hook '/home/racecar/ros2_ws/src/Team10_GROS5/install/pb2roscpp/share/pb2roscpp/hook/cmake_prefix_path.sh'
[7.378s] Level 1:colcon.colcon_core.environment:checking '/home/racecar/ros2_ws/src/Team10_GROS5/install/pb2roscpp/lib'
[7.378s] Level 1:colcon.colcon_core.environment:checking '/home/racecar/ros2_ws/src/Team10_GROS5/install/pb2roscpp/bin'
[7.379s] Level 1:colcon.colcon_core.environment:checking '/home/racecar/ros2_ws/src/Team10_GROS5/install/pb2roscpp/lib/pkgconfig/pb2roscpp.pc'
[7.379s] Level 1:colcon.colcon_core.environment:checking '/home/racecar/ros2_ws/src/Team10_GROS5/install/pb2roscpp/lib/python3.12/site-packages'
[7.380s] Level 1:colcon.colcon_core.environment:checking '/home/racecar/ros2_ws/src/Team10_GROS5/install/pb2roscpp/bin'
[7.381s] INFO:colcon.colcon_core.shell:Creating package script '/home/racecar/ros2_ws/src/Team10_GROS5/install/pb2roscpp/share/pb2roscpp/package.ps1'
[7.384s] INFO:colcon.colcon_core.shell:Creating package descriptor '/home/racecar/ros2_ws/src/Team10_GROS5/install/pb2roscpp/share/pb2roscpp/package.dsv'
[7.387s] INFO:colcon.colcon_core.shell:Creating package script '/home/racecar/ros2_ws/src/Team10_GROS5/install/pb2roscpp/share/pb2roscpp/package.sh'
[7.389s] INFO:colcon.colcon_core.shell:Creating package script '/home/racecar/ros2_ws/src/Team10_GROS5/install/pb2roscpp/share/pb2roscpp/package.bash'
[7.393s] INFO:colcon.colcon_core.shell:Creating package script '/home/racecar/ros2_ws/src/Team10_GROS5/install/pb2roscpp/share/pb2roscpp/package.zsh'
[7.397s] Level 1:colcon.colcon_core.environment:create_file_with_runtime_dependencies(/home/racecar/ros2_ws/src/Team10_GROS5/install/pb2roscpp/share/colcon-core/packages/pb2roscpp)
[7.402s] INFO:colcon.colcon_ros.task.ament_python.build:Building ROS package in '/home/racecar/ros2_ws/src/Team10_GROS5/racecar-ros2/racecar_navigation' with build type 'ament_python'
[7.403s] Level 1:colcon.colcon_core.shell:create_environment_hook('racecar_navigation', 'ament_prefix_path')
[7.404s] INFO:colcon.colcon_core.shell:Creating environment hook '/home/racecar/ros2_ws/src/Team10_GROS5/install/racecar_navigation/share/racecar_navigation/hook/ament_prefix_path.ps1'
[7.406s] INFO:colcon.colcon_core.shell:Creating environment descriptor '/home/racecar/ros2_ws/src/Team10_GROS5/install/racecar_navigation/share/racecar_navigation/hook/ament_prefix_path.dsv'
[7.406s] INFO:colcon.colcon_core.shell:Creating environment hook '/home/racecar/ros2_ws/src/Team10_GROS5/install/racecar_navigation/share/racecar_navigation/hook/ament_prefix_path.sh'
[7.408s] INFO:colcon.colcon_core.shell:Skip shell extension 'powershell' for command environment: Not usable outside of PowerShell
[7.408s] DEBUG:colcon.colcon_core.shell:Skip shell extension 'dsv' for command environment
[7.422s] DEBUG:colcon.colcon_core.event_handler.log_command:Invoking command in '/home/racecar/ros2_ws/src/Team10_GROS5/racecar-ros2/racecar_description': DEBUGINFOD_URLS=https://debuginfod.ubuntu.com PYTHONPATH=/home/racecar/ros2_ws/src/Team10_GROS5/build/racecar_description/prefix_override:/usr/lib/python3/dist-packages/colcon_core/task/python/colcon_distutils_commands:/home/racecar/ros2_ws/src/Team10_GROS5/install/racecar_description/lib/python3.12/site-packages:${PYTHONPATH} /usr/bin/python3 -W ignore:setup.py install is deprecated -W ignore:easy_install command is deprecated setup.py egg_info --egg-base ../../build/racecar_description build --build-base /home/racecar/ros2_ws/src/Team10_GROS5/build/racecar_description/build install --record /home/racecar/ros2_ws/src/Team10_GROS5/build/racecar_description/install.log --single-version-externally-managed install_data
[8.071s] INFO:colcon.colcon_core.task.python.build:Building Python package in '/home/racecar/ros2_ws/src/Team10_GROS5/racecar-ros2/racecar_navigation'
[8.071s] INFO:colcon.colcon_core.shell:Skip shell extension 'powershell' for command environment: Not usable outside of PowerShell
[8.071s] DEBUG:colcon.colcon_core.shell:Skip shell extension 'dsv' for command environment
[8.703s] DEBUG:colcon.colcon_core.event_handler.log_command:Invoking command in '/home/racecar/ros2_ws/src/Team10_GROS5/racecar-ros2/racecar_teleop': DEBUGINFOD_URLS=https://debuginfod.ubuntu.com PYTHONPATH=/home/racecar/ros2_ws/src/Team10_GROS5/build/racecar_teleop/prefix_override:/usr/lib/python3/dist-packages/colcon_core/task/python/colcon_distutils_commands:/home/racecar/ros2_ws/src/Team10_GROS5/install/racecar_teleop/lib/python3.12/site-packages:${PYTHONPATH} /usr/bin/python3 -W ignore:setup.py install is deprecated -W ignore:easy_install command is deprecated setup.py egg_info --egg-base ../../build/racecar_teleop build --build-base /home/racecar/ros2_ws/src/Team10_GROS5/build/racecar_teleop/build install --record /home/racecar/ros2_ws/src/Team10_GROS5/build/racecar_teleop/install.log --single-version-externally-managed install_data
[8.877s] DEBUG:colcon.colcon_core.event_handler.log_command:Invoking command in '/home/racecar/ros2_ws/src/Team10_GROS5/racecar-ros2/racecar_gazebo': DEBUGINFOD_URLS=https://debuginfod.ubuntu.com PYTHONPATH=/home/racecar/ros2_ws/src/Team10_GROS5/build/racecar_gazebo/prefix_override:/usr/lib/python3/dist-packages/colcon_core/task/python/colcon_distutils_commands:/home/racecar/ros2_ws/src/Team10_GROS5/install/racecar_gazebo/lib/python3.12/site-packages:${PYTHONPATH} /usr/bin/python3 -W ignore:setup.py install is deprecated -W ignore:easy_install command is deprecated setup.py egg_info --egg-base ../../build/racecar_gazebo build --build-base /home/racecar/ros2_ws/src/Team10_GROS5/build/racecar_gazebo/build install --record /home/racecar/ros2_ws/src/Team10_GROS5/build/racecar_gazebo/install.log --single-version-externally-managed install_data
[9.026s] Level 1:colcon.colcon_core.environment:checking '/home/racecar/ros2_ws/src/Team10_GROS5/install/racecar_description' for CMake module files
[9.027s] DEBUG:colcon.colcon_core.event_handler.log_command:Invoked command in '/home/racecar/ros2_ws/src/Team10_GROS5/racecar-ros2/racecar_description' returned '0': DEBUGINFOD_URLS=https://debuginfod.ubuntu.com PYTHONPATH=/home/racecar/ros2_ws/src/Team10_GROS5/build/racecar_description/prefix_override:/usr/lib/python3/dist-packages/colcon_core/task/python/colcon_distutils_commands:/home/racecar/ros2_ws/src/Team10_GROS5/install/racecar_description/lib/python3.12/site-packages:${PYTHONPATH} /usr/bin/python3 -W ignore:setup.py install is deprecated -W ignore:easy_install command is deprecated setup.py egg_info --egg-base ../../build/racecar_description build --build-base /home/racecar/ros2_ws/src/Team10_GROS5/build/racecar_description/build install --record /home/racecar/ros2_ws/src/Team10_GROS5/build/racecar_description/install.log --single-version-externally-managed install_data
[9.028s] Level 1:colcon.colcon_core.environment:checking '/home/racecar/ros2_ws/src/Team10_GROS5/install/racecar_description' for CMake config files
[9.029s] Level 1:colcon.colcon_core.environment:checking '/home/racecar/ros2_ws/src/Team10_GROS5/install/racecar_description/lib'
[9.029s] Level 1:colcon.colcon_core.environment:checking '/home/racecar/ros2_ws/src/Team10_GROS5/install/racecar_description/bin'
[9.029s] Level 1:colcon.colcon_core.environment:checking '/home/racecar/ros2_ws/src/Team10_GROS5/install/racecar_description/lib/pkgconfig/racecar_description.pc'
[9.030s] Level 1:colcon.colcon_core.environment:checking '/home/racecar/ros2_ws/src/Team10_GROS5/install/racecar_description/lib/python3.12/site-packages'
[9.030s] Level 1:colcon.colcon_core.shell:create_environment_hook('racecar_description', 'pythonpath')
[9.030s] INFO:colcon.colcon_core.shell:Creating environment hook '/home/racecar/ros2_ws/src/Team10_GROS5/install/racecar_description/share/racecar_description/hook/pythonpath.ps1'
[9.031s] INFO:colcon.colcon_core.shell:Creating environment descriptor '/home/racecar/ros2_ws/src/Team10_GROS5/install/racecar_description/share/racecar_description/hook/pythonpath.dsv'
[9.033s] INFO:colcon.colcon_core.shell:Creating environment hook '/home/racecar/ros2_ws/src/Team10_GROS5/install/racecar_description/share/racecar_description/hook/pythonpath.sh'
[9.035s] Level 1:colcon.colcon_core.environment:checking '/home/racecar/ros2_ws/src/Team10_GROS5/install/racecar_description/bin'
[9.035s] Level 1:colcon.colcon_core.environment:create_environment_scripts_only(racecar_description)
[9.036s] INFO:colcon.colcon_core.shell:Creating package script '/home/racecar/ros2_ws/src/Team10_GROS5/install/racecar_description/share/racecar_description/package.ps1'
[9.037s] INFO:colcon.colcon_core.shell:Creating package descriptor '/home/racecar/ros2_ws/src/Team10_GROS5/install/racecar_description/share/racecar_description/package.dsv'
[9.038s] INFO:colcon.colcon_core.shell:Creating package script '/home/racecar/ros2_ws/src/Team10_GROS5/install/racecar_description/share/racecar_description/package.sh'
[9.043s] INFO:colcon.colcon_core.shell:Creating package script '/home/racecar/ros2_ws/src/Team10_GROS5/install/racecar_description/share/racecar_description/package.bash'
[9.044s] INFO:colcon.colcon_core.shell:Creating package script '/home/racecar/ros2_ws/src/Team10_GROS5/install/racecar_description/share/racecar_description/package.zsh'
[9.045s] Level 1:colcon.colcon_core.environment:create_file_with_runtime_dependencies(/home/racecar/ros2_ws/src/Team10_GROS5/install/racecar_description/share/colcon-core/packages/racecar_description)
[9.846s] DEBUG:colcon.colcon_core.event_handler.log_command:Invoking command in '/home/racecar/ros2_ws/src/Team10_GROS5/racecar-ros2/racecar_navigation': AMENT_PREFIX_PATH=/home/racecar/ros2_ws/src/Team10_GROS5/install/racecar_bringup:/home/racecar/ros2_ws/src/Team10_GROS5/install/racecar_behaviors:${AMENT_PREFIX_PATH} DEBUGINFOD_URLS=https://debuginfod.ubuntu.com PYTHONPATH=/home/racecar/ros2_ws/src/Team10_GROS5/build/racecar_navigation/prefix_override:/usr/lib/python3/dist-packages/colcon_core/task/python/colcon_distutils_commands:/home/racecar/ros2_ws/src/Team10_GROS5/install/racecar_navigation/lib/python3.12/site-packages:/home/racecar/ros2_ws/src/Team10_GROS5/install/racecar_bringup/lib/python3.12/site-packages:/home/racecar/ros2_ws/src/Team10_GROS5/install/racecar_behaviors/lib/python3.12/site-packages:${PYTHONPATH} /usr/bin/python3 -W ignore:setup.py install is deprecated -W ignore:easy_install command is deprecated setup.py egg_info --egg-base ../../build/racecar_navigation build --build-base /home/racecar/ros2_ws/src/Team10_GROS5/build/racecar_navigation/build install --record /home/racecar/ros2_ws/src/Team10_GROS5/build/racecar_navigation/install.log --single-version-externally-managed install_data
[10.244s] Level 1:colcon.colcon_core.environment:checking '/home/racecar/ros2_ws/src/Team10_GROS5/install/racecar_teleop' for CMake module files
[10.245s] Level 1:colcon.colcon_core.environment:checking '/home/racecar/ros2_ws/src/Team10_GROS5/install/racecar_teleop' for CMake config files
[10.246s] Level 1:colcon.colcon_core.environment:checking '/home/racecar/ros2_ws/src/Team10_GROS5/install/racecar_teleop/lib'
[10.246s] DEBUG:colcon.colcon_core.event_handler.log_command:Invoked command in '/home/racecar/ros2_ws/src/Team10_GROS5/racecar-ros2/racecar_teleop' returned '0': DEBUGINFOD_URLS=https://debuginfod.ubuntu.com PYTHONPATH=/home/racecar/ros2_ws/src/Team10_GROS5/build/racecar_teleop/prefix_override:/usr/lib/python3/dist-packages/colcon_core/task/python/colcon_distutils_commands:/home/racecar/ros2_ws/src/Team10_GROS5/install/racecar_teleop/lib/python3.12/site-packages:${PYTHONPATH} /usr/bin/python3 -W ignore:setup.py install is deprecated -W ignore:easy_install command is deprecated setup.py egg_info --egg-base ../../build/racecar_teleop build --build-base /home/racecar/ros2_ws/src/Team10_GROS5/build/racecar_teleop/build install --record /home/racecar/ros2_ws/src/Team10_GROS5/build/racecar_teleop/install.log --single-version-externally-managed install_data
[10.247s] Level 1:colcon.colcon_core.environment:checking '/home/racecar/ros2_ws/src/Team10_GROS5/install/racecar_teleop/bin'
[10.247s] Level 1:colcon.colcon_core.environment:checking '/home/racecar/ros2_ws/src/Team10_GROS5/install/racecar_teleop/lib/pkgconfig/racecar_teleop.pc'
[10.247s] Level 1:colcon.colcon_core.environment:checking '/home/racecar/ros2_ws/src/Team10_GROS5/install/racecar_teleop/lib/python3.12/site-packages'
[10.247s] Level 1:colcon.colcon_core.shell:create_environment_hook('racecar_teleop', 'pythonpath')
[10.248s] INFO:colcon.colcon_core.shell:Creating environment hook '/home/racecar/ros2_ws/src/Team10_GROS5/install/racecar_teleop/share/racecar_teleop/hook/pythonpath.ps1'
[10.249s] INFO:colcon.colcon_core.shell:Creating environment descriptor '/home/racecar/ros2_ws/src/Team10_GROS5/install/racecar_teleop/share/racecar_teleop/hook/pythonpath.dsv'
[10.250s] INFO:colcon.colcon_core.shell:Creating environment hook '/home/racecar/ros2_ws/src/Team10_GROS5/install/racecar_teleop/share/racecar_teleop/hook/pythonpath.sh'
[10.252s] Level 1:colcon.colcon_core.environment:checking '/home/racecar/ros2_ws/src/Team10_GROS5/install/racecar_teleop/bin'
[10.252s] Level 1:colcon.colcon_core.environment:create_environment_scripts_only(racecar_teleop)
[10.253s] INFO:colcon.colcon_core.shell:Creating package script '/home/racecar/ros2_ws/src/Team10_GROS5/install/racecar_teleop/share/racecar_teleop/package.ps1'
[10.254s] INFO:colcon.colcon_core.shell:Creating package descriptor '/home/racecar/ros2_ws/src/Team10_GROS5/install/racecar_teleop/share/racecar_teleop/package.dsv'
[10.256s] INFO:colcon.colcon_core.shell:Creating package script '/home/racecar/ros2_ws/src/Team10_GROS5/install/racecar_teleop/share/racecar_teleop/package.sh'
[10.260s] INFO:colcon.colcon_core.shell:Creating package script '/home/racecar/ros2_ws/src/Team10_GROS5/install/racecar_teleop/share/racecar_teleop/package.bash'
[10.261s] INFO:colcon.colcon_core.shell:Creating package script '/home/racecar/ros2_ws/src/Team10_GROS5/install/racecar_teleop/share/racecar_teleop/package.zsh'
[10.262s] Level 1:colcon.colcon_core.environment:create_file_with_runtime_dependencies(/home/racecar/ros2_ws/src/Team10_GROS5/install/racecar_teleop/share/colcon-core/packages/racecar_teleop)
[10.369s] Level 1:colcon.colcon_core.environment:checking '/home/racecar/ros2_ws/src/Team10_GROS5/install/racecar_gazebo' for CMake module files
[10.370s] DEBUG:colcon.colcon_core.event_handler.log_command:Invoked command in '/home/racecar/ros2_ws/src/Team10_GROS5/racecar-ros2/racecar_gazebo' returned '0': DEBUGINFOD_URLS=https://debuginfod.ubuntu.com PYTHONPATH=/home/racecar/ros2_ws/src/Team10_GROS5/build/racecar_gazebo/prefix_override:/usr/lib/python3/dist-packages/colcon_core/task/python/colcon_distutils_commands:/home/racecar/ros2_ws/src/Team10_GROS5/install/racecar_gazebo/lib/python3.12/site-packages:${PYTHONPATH} /usr/bin/python3 -W ignore:setup.py install is deprecated -W ignore:easy_install command is deprecated setup.py egg_info --egg-base ../../build/racecar_gazebo build --build-base /home/racecar/ros2_ws/src/Team10_GROS5/build/racecar_gazebo/build install --record /home/racecar/ros2_ws/src/Team10_GROS5/build/racecar_gazebo/install.log --single-version-externally-managed install_data
[10.371s] Level 1:colcon.colcon_core.environment:checking '/home/racecar/ros2_ws/src/Team10_GROS5/install/racecar_gazebo' for CMake config files
[10.373s] Level 1:colcon.colcon_core.environment:checking '/home/racecar/ros2_ws/src/Team10_GROS5/install/racecar_gazebo/lib'
[10.374s] Level 1:colcon.colcon_core.environment:checking '/home/racecar/ros2_ws/src/Team10_GROS5/install/racecar_gazebo/bin'
[10.374s] Level 1:colcon.colcon_core.environment:checking '/home/racecar/ros2_ws/src/Team10_GROS5/install/racecar_gazebo/lib/pkgconfig/racecar_gazebo.pc'
[10.374s] Level 1:colcon.colcon_core.environment:checking '/home/racecar/ros2_ws/src/Team10_GROS5/install/racecar_gazebo/lib/python3.12/site-packages'
[10.375s] Level 1:colcon.colcon_core.shell:create_environment_hook('racecar_gazebo', 'pythonpath')
[10.375s] INFO:colcon.colcon_core.shell:Creating environment hook '/home/racecar/ros2_ws/src/Team10_GROS5/install/racecar_gazebo/share/racecar_gazebo/hook/pythonpath.ps1'
[10.377s] INFO:colcon.colcon_core.shell:Creating environment descriptor '/home/racecar/ros2_ws/src/Team10_GROS5/install/racecar_gazebo/share/racecar_gazebo/hook/pythonpath.dsv'
[10.378s] INFO:colcon.colcon_core.shell:Creating environment hook '/home/racecar/ros2_ws/src/Team10_GROS5/install/racecar_gazebo/share/racecar_gazebo/hook/pythonpath.sh'
[10.379s] Level 1:colcon.colcon_core.environment:checking '/home/racecar/ros2_ws/src/Team10_GROS5/install/racecar_gazebo/bin'
[10.379s] Level 1:colcon.colcon_core.environment:create_environment_scripts_only(racecar_gazebo)
[10.380s] INFO:colcon.colcon_core.shell:Creating package script '/home/racecar/ros2_ws/src/Team10_GROS5/install/racecar_gazebo/share/racecar_gazebo/package.ps1'
[10.382s] INFO:colcon.colcon_core.shell:Creating package descriptor '/home/racecar/ros2_ws/src/Team10_GROS5/install/racecar_gazebo/share/racecar_gazebo/package.dsv'
[10.383s] INFO:colcon.colcon_core.shell:Creating package script '/home/racecar/ros2_ws/src/Team10_GROS5/install/racecar_gazebo/share/racecar_gazebo/package.sh'
[10.384s] INFO:colcon.colcon_core.shell:Creating package script '/home/racecar/ros2_ws/src/Team10_GROS5/install/racecar_gazebo/share/racecar_gazebo/package.bash'
[10.385s] INFO:colcon.colcon_core.shell:Creating package script '/home/racecar/ros2_ws/src/Team10_GROS5/install/racecar_gazebo/share/racecar_gazebo/package.zsh'
[10.386s] Level 1:colcon.colcon_core.environment:create_file_with_runtime_dependencies(/home/racecar/ros2_ws/src/Team10_GROS5/install/racecar_gazebo/share/colcon-core/packages/racecar_gazebo)
[11.096s] Level 1:colcon.colcon_core.environment:checking '/home/racecar/ros2_ws/src/Team10_GROS5/install/racecar_navigation' for CMake module files
[11.098s] DEBUG:colcon.colcon_core.event_handler.log_command:Invoked command in '/home/racecar/ros2_ws/src/Team10_GROS5/racecar-ros2/racecar_navigation' returned '0': AMENT_PREFIX_PATH=/home/racecar/ros2_ws/src/Team10_GROS5/install/racecar_bringup:/home/racecar/ros2_ws/src/Team10_GROS5/install/racecar_behaviors:${AMENT_PREFIX_PATH} DEBUGINFOD_URLS=https://debuginfod.ubuntu.com PYTHONPATH=/home/racecar/ros2_ws/src/Team10_GROS5/build/racecar_navigation/prefix_override:/usr/lib/python3/dist-packages/colcon_core/task/python/colcon_distutils_commands:/home/racecar/ros2_ws/src/Team10_GROS5/install/racecar_navigation/lib/python3.12/site-packages:/home/racecar/ros2_ws/src/Team10_GROS5/install/racecar_bringup/lib/python3.12/site-packages:/home/racecar/ros2_ws/src/Team10_GROS5/install/racecar_behaviors/lib/python3.12/site-packages:${PYTHONPATH} /usr/bin/python3 -W ignore:setup.py install is deprecated -W ignore:easy_install command is deprecated setup.py egg_info --egg-base ../../build/racecar_navigation build --build-base /home/racecar/ros2_ws/src/Team10_GROS5/build/racecar_navigation/build install --record /home/racecar/ros2_ws/src/Team10_GROS5/build/racecar_navigation/install.log --single-version-externally-managed install_data
[11.099s] Level 1:colcon.colcon_core.environment:checking '/home/racecar/ros2_ws/src/Team10_GROS5/install/racecar_navigation' for CMake config files
[11.101s] Level 1:colcon.colcon_core.environment:checking '/home/racecar/ros2_ws/src/Team10_GROS5/install/racecar_navigation/lib'
[11.102s] Level 1:colcon.colcon_core.environment:checking '/home/racecar/ros2_ws/src/Team10_GROS5/install/racecar_navigation/bin'
[11.102s] Level 1:colcon.colcon_core.environment:checking '/home/racecar/ros2_ws/src/Team10_GROS5/install/racecar_navigation/lib/pkgconfig/racecar_navigation.pc'
[11.103s] Level 1:colcon.colcon_core.environment:checking '/home/racecar/ros2_ws/src/Team10_GROS5/install/racecar_navigation/lib/python3.12/site-packages'
[11.103s] Level 1:colcon.colcon_core.shell:create_environment_hook('racecar_navigation', 'pythonpath')
[11.103s] INFO:colcon.colcon_core.shell:Creating environment hook '/home/racecar/ros2_ws/src/Team10_GROS5/install/racecar_navigation/share/racecar_navigation/hook/pythonpath.ps1'
[11.105s] INFO:colcon.colcon_core.shell:Creating environment descriptor '/home/racecar/ros2_ws/src/Team10_GROS5/install/racecar_navigation/share/racecar_navigation/hook/pythonpath.dsv'
[11.108s] INFO:colcon.colcon_core.shell:Creating environment hook '/home/racecar/ros2_ws/src/Team10_GROS5/install/racecar_navigation/share/racecar_navigation/hook/pythonpath.sh'
[11.110s] Level 1:colcon.colcon_core.environment:checking '/home/racecar/ros2_ws/src/Team10_GROS5/install/racecar_navigation/bin'
[11.110s] Level 1:colcon.colcon_core.environment:create_environment_scripts_only(racecar_navigation)
[11.111s] INFO:colcon.colcon_core.shell:Creating package script '/home/racecar/ros2_ws/src/Team10_GROS5/install/racecar_navigation/share/racecar_navigation/package.ps1'
[11.115s] INFO:colcon.colcon_core.shell:Creating package descriptor '/home/racecar/ros2_ws/src/Team10_GROS5/install/racecar_navigation/share/racecar_navigation/package.dsv'
[11.119s] INFO:colcon.colcon_core.shell:Creating package script '/home/racecar/ros2_ws/src/Team10_GROS5/install/racecar_navigation/share/racecar_navigation/package.sh'
[11.121s] INFO:colcon.colcon_core.shell:Creating package script '/home/racecar/ros2_ws/src/Team10_GROS5/install/racecar_navigation/share/racecar_navigation/package.bash'
[11.124s] INFO:colcon.colcon_core.shell:Creating package script '/home/racecar/ros2_ws/src/Team10_GROS5/install/racecar_navigation/share/racecar_navigation/package.zsh'
[11.125s] Level 1:colcon.colcon_core.environment:create_file_with_runtime_dependencies(/home/racecar/ros2_ws/src/Team10_GROS5/install/racecar_navigation/share/colcon-core/packages/racecar_navigation)
[11.126s] DEBUG:colcon.colcon_parallel_executor.executor.parallel:closing loop
[11.127s] DEBUG:colcon.colcon_parallel_executor.executor.parallel:loop closed
[11.127s] DEBUG:colcon.colcon_parallel_executor.executor.parallel:run_until_complete finished with '0'
[11.127s] DEBUG:colcon.colcon_core.event_reactor:joining thread
[11.136s] INFO:colcon.colcon_core.plugin_system:Skipping extension 'colcon_notification.desktop_notification.terminal_notifier': Not used on non-Darwin systems
[11.137s] INFO:colcon.colcon_core.plugin_system:Skipping extension 'colcon_notification.desktop_notification.win32': Not used on non-Windows systems
[11.137s] INFO:colcon.colcon_notification.desktop_notification:Sending desktop notification using 'notify2'
[11.167s] DEBUG:colcon.colcon_core.event_reactor:joined thread
[11.168s] INFO:colcon.colcon_core.shell:Creating prefix script '/home/racecar/ros2_ws/src/Team10_GROS5/install/local_setup.ps1'
[11.169s] INFO:colcon.colcon_core.shell:Creating prefix util module '/home/racecar/ros2_ws/src/Team10_GROS5/install/_local_setup_util_ps1.py'
[11.172s] INFO:colcon.colcon_core.shell:Creating prefix chain script '/home/racecar/ros2_ws/src/Team10_GROS5/install/setup.ps1'
[11.175s] INFO:colcon.colcon_core.shell:Creating prefix script '/home/racecar/ros2_ws/src/Team10_GROS5/install/local_setup.sh'
[11.177s] INFO:colcon.colcon_core.shell:Creating prefix util module '/home/racecar/ros2_ws/src/Team10_GROS5/install/_local_setup_util_sh.py'
[11.178s] INFO:colcon.colcon_core.shell:Creating prefix chain script '/home/racecar/ros2_ws/src/Team10_GROS5/install/setup.sh'
[11.180s] INFO:colcon.colcon_core.shell:Creating prefix script '/home/racecar/ros2_ws/src/Team10_GROS5/install/local_setup.bash'
[11.181s] INFO:colcon.colcon_core.shell:Creating prefix chain script '/home/racecar/ros2_ws/src/Team10_GROS5/install/setup.bash'
[11.183s] INFO:colcon.colcon_core.shell:Creating prefix script '/home/racecar/ros2_ws/src/Team10_GROS5/install/local_setup.zsh'
[11.185s] INFO:colcon.colcon_core.shell:Creating prefix chain script '/home/racecar/ros2_ws/src/Team10_GROS5/install/setup.zsh'
