time,linear.x,linear.y,linear.z,angular.x,angular.y,angular.z
98938274,0.0,0.0,0.0,0.0,0.0,0.0
148387744,0.0,0.0,0.0,0.0,0.0,0.0
200336456,0.0,0.0,0.0,0.0,0.0,0.0
250062778,0.0,0.0,0.0,0.0,0.0,0.0
298210322,0.0,0.0,0.0,0.0,0.0,0.0
348677311,0.0,0.0,0.0,0.0,0.0,0.0
399008614,0.0,0.0,0.0,0.0,0.0,0.0
448759363,0.0,0.0,0.0,0.0,0.0,0.0
500797370,0.0,0.0,0.0,0.0,0.0,0.0
548216248,0.0,0.0,0.0,0.0,0.0,0.0
600622644,0.0,0.0,0.0,0.0,0.0,0.0
648575744,0.0,0.0,0.0,0.0,0.0,0.0
698261844,0.0,0.0,0.0,0.0,0.0,0.0
751939259,0.0,0.0,0.0,0.0,0.0,0.0
798250285,0.0,0.0,0.0,0.0,0.0,0.0
850328385,0.0,0.0,0.0,0.0,0.0,0.0
898608429,0.0,0.0,0.0,0.0,0.0,0.0
950532270,0.0,0.0,0.0,0.0,0.0,0.0
998381926,0.0,0.0,0.0,0.0,0.0,0.0
1048239211,0.0,0.0,0.0,0.0,0.0,0.0
1100972071,0.0,0.0,0.0,0.0,0.0,0.0
1148256633,0.0,0.0,0.0,0.0,0.0,0.0
1199958197,0.0,0.0,0.0,0.0,0.0,0.0
1248284371,0.0,0.0,0.0,0.0,0.0,0.0
1300038341,0.0,0.0,0.0,0.0,0.0,0.0
1351756942,0.0,0.0,0.0,0.0,0.0,0.0
1398290041,0.0,0.0,0.0,0.0,0.0,0.0
1452629197,0.0,0.0,0.0,0.0,0.0,0.0
1498370667,0.0,0.0,0.0,0.0,0.0,0.0
1550293323,0.0,0.0,0.0,0.0,0.0,0.0
1598255719,0.0,0.0,0.0,0.0,0.0,0.0
1649193986,0.0,0.0,0.0,0.0,0.0,0.0
1700772327,0.0,0.0,0.0,0.0,0.0,0.0
1748842038,0.0,0.0,0.0,0.0,0.0,0.0
1801215639,0.0,0.0,0.0,0.0,0.0,0.0
1848190942,0.0,0.0,0.0,0.0,0.0,0.0
1900741895,0.0,0.0,0.0,0.0,0.0,0.0
1948168106,0.0,0.0,0.0,0.0,0.0,0.0
1998377669,0.0,0.0,0.0,0.0,0.0,0.0
2049271825,0.0,0.0,0.0,0.0,0.0,0.0
2098839906,0.0,0.0,0.0,0.0,0.0,0.0
2149122710,0.0,0.0,0.0,0.0,0.0,0.0
2198733070,0.0,0.0,0.0,0.0,0.0,0.0
2248865114,0.0,0.0,0.0,0.0,0.0,0.0
2302153511,0.0,0.0,0.0,0.0,0.0,0.0
2349645500,0.0,0.0,0.0,0.0,0.0,0.0
2399742526,0.0,0.0,0.0,0.0,0.0,0.0
2454754627,0.0,0.0,0.0,0.0,0.0,0.0
2498758819,0.0,0.0,0.0,0.0,0.0,0.0
2551405938,0.0,0.0,0.0,0.0,0.0,0.0
2599257464,0.0,0.0,0.0,0.0,0.0,0.0
2653842028,0.0,0.0,0.0,0.0,0.0,0.0
2698322072,0.0,0.0,0.0,0.0,0.0,0.0
2750346098,0.0,0.0,0.0,0.0,0.0,0.0
2798695902,0.0,0.0,0.0,0.0,0.0,0.0
2851479725,0.0,0.0,0.0,0.0,0.0,0.0
2898244917,0.0,0.0,0.0,0.0,0.0,0.0
2948443906,0.0,0.0,0.0,0.0,0.0,0.0
3000428692,0.0,0.0,0.0,0.0,0.0,0.0
3048915866,0.0,0.0,0.0,0.0,0.0,0.0
3104695523,0.0,0.0,0.0,0.0,0.0,0.0
3148817937,0.0,0.0,0.0,0.0,0.0,0.0
3204185724,0.0,0.0,0.0,0.0,0.0,0.0
3249366323,0.0,0.0,0.0,0.0,0.0,0.0
3298501701,0.0,0.0,0.0,0.0,0.0,0.0
3348278005,0.0,0.0,0.0,0.0,0.0,0.0
3399920550,0.0,0.0,0.0,0.0,0.0,0.0
3450441836,0.0,0.0,0.0,0.0,0.0,0.0
3498246936,0.0,0.0,0.0,0.0,0.0,0.0
3549294555,0.0,0.0,0.0,0.0,0.0,0.0
3598379507,0.0,0.0,0.0,0.0,0.0,0.0
3651173015,0.0,0.0,0.0,0.0,0.0,0.0
3698263559,0.0,0.0,0.0,0.0,0.0,0.0
3748214715,0.0,0.0,0.0,0.0,0.0,0.0
3800107890,0.0,0.0,0.0,0.0,0.0,0.0
3848223342,0.0,0.0,0.0,0.0,0.0,0.0
3900886091,0.0,0.0,0.0,0.0,0.0,0.0
3948660487,0.0,0.0,0.0,0.0,0.0,0.0
4000783421,0.0,0.0,0.0,0.0,0.0,0.0
4048239910,0.0,0.0,0.0,0.0,0.0,0.0
4098259289,0.0,0.0,0.0,0.0,0.0,0.0
4149097667,0.0,0.0,0.0,0.0,0.0,0.0
4198291100,0.0,0.0,0.0,0.0,0.0,0.0
4248646571,0.0,0.0,0.0,0.0,0.0,0.0
4298336227,0.0,0.0,0.0,0.0,0.0,0.0
4349085846,0.0,0.0,0.0,0.0,0.0,0.0
4401770966,0.0,0.0,0.0,0.0,0.0,0.0
4449000418,0.0,0.0,0.0,0.0,0.0,0.0
4502837352,0.0,0.0,0.0,0.0,0.0,0.0
4548237044,0.0,0.0,0.0,0.0,0.0,0.0
4600631941,0.0,0.0,0.0,0.0,0.0,0.0
4648323245,0.0,0.0,0.0,0.0,0.0,0.0
4699463012,0.0,0.0,0.0,0.0,0.0,0.0
4748860706,0.0,0.0,0.0,0.0,0.0,0.0
4798270454,0.0,0.0,0.0,0.0,0.0,0.0
4849157629,0.0,0.0,0.0,0.0,0.0,0.0
4898237081,0.0,0.0,0.0,0.0,0.0,0.0
4949379200,0.0,0.0,0.0,0.0,0.0,0.0
4998237504,0.0,0.0,0.0,0.0,0.0,0.0
5048797957,0.0,0.0,0.0,0.0,0.0,0.0
5101781336,0.0,0.0,0.0,0.0,0.0,0.0
5149036102,0.0,0.0,0.0,0.0,0.0,0.0
5199464722,0.0,0.0,0.0,0.0,0.0,0.0
5248259100,0.0,0.0,0.0,0.0,0.0,0.0
5299856849,0.0,0.0,0.0,0.0,0.0,0.0
5348393245,0.0,0.0,0.0,0.0,0.0,0.0
5400940772,0.0,0.0,0.0,0.0,0.0,0.0
5448487261,0.0,0.0,0.0,0.0,0.0,0.0
5499391529,0.0,0.0,0.0,0.0,0.0,0.0
5548614240,0.0,0.0,0.0,0.0,0.0,0.0
5598506415,0.0,0.0,0.0,0.0,0.0,0.0
5648607719,0.0,0.0,0.0,0.0,0.0,0.0
5699598357,0.0,0.0,0.0,0.0,0.0,0.0
5750892032,0.0,0.0,0.0,0.0,0.0,0.0
5798357688,0.0,0.0,0.0,0.0,0.0,0.0
5852113104,0.0,0.0,0.0,0.0,0.0,0.0
5899000722,0.0,0.0,0.0,0.0,0.0,0.0
5949357267,0.0,0.0,0.0,0.0,0.0,0.0
5998231886,0.0,0.0,0.0,0.0,0.0,0.0
6049998099,0.0,0.0,0.0,0.0,0.0,0.0
6098276051,0.0,0.0,0.0,0.0,0.0,0.0
6148219151,0.0,0.0,0.0,0.0,0.0,0.0
6200063567,0.0,0.0,0.0,0.0,0.0,0.0
6248401519,0.0,0.0,0.0,0.0,0.0,0.0
6301901843,0.0,0.0,0.0,0.0,0.0,0.0
6348819739,0.0,0.0,0.0,0.0,0.0,0.0
6400010711,0.0,0.0,0.0,0.0,0.0,0.0
6448342978,0.0,0.0,0.0,0.0,0.0,0.0
6498899338,0.0,0.0,0.0,0.0,0.0,0.0
6550465513,0.0,0.0,0.0,0.0,0.0,0.0
6598264520,0.0,0.0,0.0,0.0,0.0,0.0
6649058547,0.0,0.0,0.0,0.0,0.0,0.0
6698932703,0.0,0.0,0.0,0.0,0.0,0.0
6748487786,0.0,0.0,0.0,0.0,0.0,0.0
6798328923,0.0,0.0,0.0,0.0,0.0,0.0
6848399117,0.0,0.0,0.0,0.0,0.0,0.0
6899562088,0.0,0.0,0.0,0.0,0.0,0.0
6948406578,0.0,0.0,0.0,0.0,0.0,0.0
6999270104,0.0,0.0,0.0,0.0,0.0,0.0
7049932335,0.0,0.0,0.0,0.0,0.0,0.0
7100286343,0.0,0.0,0.0,0.0,0.0,0.0
7148226647,0.0,0.0,0.0,0.0,0.0,0.0
7198266341,0.0,0.0,0.0,0.0,0.0,0.0
7249993294,0.0,0.0,0.0,0.0,0.0,0.0
7298228875,0.0,0.0,0.0,0.0,0.0,0.0
7349169291,0.0,0.0,0.0,0.0,0.0,0.0
7398428373,0.0,0.0,0.0,0.0,0.0,0.0
7450332215,0.0,0.0,0.0,0.0,0.0,0.0
7498244667,0.0,0.0,0.0,0.0,0.0,0.0
7549730194,0.0,0.0,0.0,0.0,0.0,0.0
7601908981,0.0,0.0,0.0,0.0,0.0,0.0
7648205340,0.0,0.0,0.0,0.0,0.0,0.0
7699409293,0.0,0.0,0.0,0.0,0.0,0.0
7748361857,0.0,0.0,0.0,0.0,0.0,0.0
7798380606,0.0,0.0,0.0,0.0,0.0,0.0
7851492837,0.0,0.0,0.0,0.0,0.0,0.0
7898543919,0.0,0.0,0.0,0.0,0.0,0.0
7948797872,0.0,0.0,0.0,0.0,0.0,0.0
7998616269,0.0,0.0,0.0,0.0,0.0,0.0
8050372351,0.0,0.0,0.0,0.0,0.0,0.0
8098108563,0.0,0.0,0.0,0.0,0.0,0.0
8148148553,0.0,0.0,0.0,0.0,0.0,0.0
8201682358,0.0,0.0,0.0,0.0,0.0,0.0
8248359551,0.0,0.0,0.0,0.0,0.0,0.0
8300985541,0.0,0.0,0.0,0.0,0.0,0.0
8348278660,0.0,0.0,0.0,0.0,0.0,0.0
8399882446,0.0,0.0,0.0,0.0,0.0,0.0
8465494920,0.0,0.0,0.0,0.0,0.0,0.0
8499926204,0.0,0.0,0.0,0.0,0.0,0.0
8554825139,0.0,0.0,0.0,0.0,0.0,0.0
8605416962,0.0,0.0,0.0,0.0,0.0,0.0
8648723840,0.0,0.0,0.0,0.0,0.0,0.0
8702207293,0.0,0.0,0.0,0.0,0.0,0.0
8748699449,0.0,0.0,0.0,0.0,0.0,0.0
8808473459,0.0,0.0,0.0,0.0,0.0,0.0
8851029781,0.0,0.0,0.0,0.0,0.0,0.0
8899543863,0.0,0.0,0.0,0.0,0.0,0.0
8948284927,0.0,0.0,0.0,0.0,0.0,0.0
9002125677,0.0,0.0,0.0,0.0,0.0,0.0
9048244333,0.0,0.0,0.0,0.0,0.0,0.0
9098499619,0.0,0.0,0.0,0.0,0.0,0.0
9148467276,0.0,0.0,0.0,0.0,0.0,0.0
9198297062,0.0,0.0,0.0,0.0,0.0,0.0
9249882237,0.0,0.0,0.0,0.0,0.0,0.0
9298494616,0.0,0.0,0.0,0.0,0.0,0.0
9348839180,0.0,0.0,0.0,0.0,0.0,0.0
9398700133,0.0,0.0,0.0,0.0,0.0,0.0
9448233474,0.0,0.0,0.0,0.0,0.0,0.0
9499567020,0.0,0.0,0.0,0.0,0.0,0.0
9548207491,0.0,0.0,0.0,0.0,0.0,0.0
9598409648,0.0,0.0,0.0,0.0,0.0,0.0
9650036582,0.0,0.0,0.0,0.0,0.0,0.0
9698301072,0.0,0.0,0.0,0.0,0.0,0.0
9748677321,0.0,0.0,0.0,0.0,0.0,0.0
9798299052,0.0,0.0,0.0,0.0,0.0,0.0
9848229116,0.0,0.0,0.0,0.0,0.0,0.0
9899172773,0.0,0.0,0.0,0.0,0.0,0.0
9948276170,0.0,0.0,0.0,0.0,0.0,0.0
9998618586,0.0,0.0,0.0,0.0,0.0,0.0
10051000854,0.0,0.0,0.0,0.0,0.0,0.0
10098352918,0.0,0.0,0.0,0.0,0.0,0.0
10148834056,0.0,0.0,0.0,0.0,0.0,0.0
10199133824,0.0,0.0,0.0,0.0,0.0,0.0
10249010759,0.0,0.0,0.0,0.0,0.0,0.0
10299116841,0.0,0.0,0.0,0.0,0.0,0.0
10348237368,0.0,0.0,0.0,0.0,0.0,0.0
10398819729,0.0,0.0,0.0,0.0,0.0,0.0
10449271996,0.0,0.0,0.0,0.0,0.0,0.0
10498376172,0.0,0.0,0.0,0.0,0.0,0.0
10551418162,0.0,0.0,0.0,0.0,0.0,0.0
10598232744,0.0,0.0,0.0,0.0,0.0,0.0
10648757808,0.0,0.0,0.0,0.0,0.0,0.0
10700622484,0.0,0.0,0.0,0.0,0.0,0.0
10748220511,0.0,0.0,0.0,0.0,0.0,0.0
10798155871,0.0,0.0,0.0,0.0,0.0,0.0
10848269769,0.0,0.0,0.0,0.0,0.0,0.0
10898954018,0.0,0.0,0.0,0.0,0.0,0.0
10950329805,0.0,0.0,0.0,0.0,0.0,0.0
10998258035,0.0,0.0,0.0,0.0,0.0,0.0
11050639470,0.0,0.0,0.0,0.0,0.0,0.0
11098895812,0.0,0.0,0.0,0.0,0.0,0.0
11148277580,0.0,0.0,0.0,0.0,0.0,0.0
11198464181,0.0,0.0,0.0,0.0,0.0,0.0
11248468301,0.0,0.0,0.0,0.0,0.0,0.0
11298266143,0.0,0.0,0.0,0.0,0.0,0.0
11348680485,0.0,0.0,0.0,0.0,0.0,0.0
11398203605,0.0,0.0,0.0,0.0,0.0,0.0
11449976114,0.0,0.0,0.0,0.0,0.0,0.0
11500016882,0.0,0.0,0.0,0.0,0.0,0.0
11548268260,0.0,0.0,0.0,0.0,0.0,0.0
11598479806,0.0,0.0,0.0,0.0,0.0,0.0
11648284037,0.0,0.0,0.0,0.0,0.0,0.0
11698253249,0.0,0.0,0.0,0.0,0.0,0.0
11751143740,0.0,0.0,0.0,0.0,0.0,0.0
11798378878,0.0,0.0,0.0,0.0,0.0,0.0
11849721146,0.0,0.0,0.0,0.0,0.0,0.0
11902500526,0.0,0.0,0.0,0.0,0.0,0.0
11948231460,0.0,0.0,0.0,0.0,0.0,0.0
11998667432,0.0,0.0,0.0,0.0,0.0,0.0
12049146089,0.0,0.0,0.0,0.0,0.0,0.0
12098301042,0.0,0.0,0.0,0.0,0.0,0.0
12149642551,0.0,0.0,0.0,0.0,0.0,0.0
12198654467,0.0,0.0,0.0,0.0,0.0,0.0
12252036920,0.0,0.0,0.0,0.0,0.0,0.0
12301275281,0.0,0.0,0.0,0.0,0.0,0.0
12348311141,0.0,0.0,0.0,0.0,0.0,0.0
12400042854,0.0,0.0,0.0,0.0,0.0,0.0
12448403714,0.0,0.0,0.0,0.0,0.0,0.0
12499143612,0.0,0.0,0.0,0.0,0.0,0.0
12549026269,0.0,0.0,0.0,0.0,0.0,0.0
12598287907,0.0,0.0,0.0,0.0,0.0,0.0
12649530268,0.0,0.0,0.0,0.0,0.0,0.0
12698195777,0.0,0.0,0.0,0.0,0.0,0.0
12748034971,0.0,0.0,0.0,0.0,0.0,0.0
12799816128,0.0,0.0,0.0,0.0,0.0,0.0
12848280600,0.0,0.0,0.0,0.0,0.0,0.0
12899832535,0.0,0.0,0.0,0.0,0.0,0.0
12948771803,0.0,0.0,0.0,0.0,0.0,0.0
12998250497,0.0,0.0,0.0,0.0,0.0,0.0
13052065265,0.0,0.0,0.0,0.0,0.0,0.0
13098519644,0.0,0.0,0.0,0.0,0.0,0.0
13148376986,0.0,0.0,0.0,0.0,0.0,0.0
13198159310,0.0,0.0,0.0,0.0,0.0,0.0
13248282911,0.0,0.0,0.0,0.0,0.0,0.0
13299690902,0.0,0.0,0.0,0.0,0.0,0.0
13348264540,0.0,0.0,0.0,0.0,0.0,0.0
13400306475,0.0,0.0,0.0,0.0,0.0,0.0
13449501151,0.0,0.0,0.0,0.0,0.0,0.0
13498249382,0.0,0.0,0.0,0.0,0.0,0.0
13548646076,0.0,0.0,0.0,0.0,0.0,0.0
13598225196,0.0,0.0,0.0,0.0,0.0,0.0
13648280816,0.0,0.0,0.0,0.0,0.0,0.0
13699909381,0.0,0.0,0.0,0.0,0.0,0.0
13748329741,0.0,0.0,0.0,0.0,0.0,0.0
13799759232,0.0,0.0,0.0,0.0,0.0,0.0
13848227500,0.0,0.0,0.0,0.0,0.0,0.0
13898261101,0.0,0.0,0.0,0.0,0.0,0.0
13951192092,0.0,0.0,0.0,0.0,0.0,0.0
13998255638,0.0,0.0,0.0,0.0,0.0,0.0
14048534443,0.0,0.0,0.0,0.0,0.0,0.0
14099537341,0.0,0.0,0.0,0.0,0.0,0.0
14148123572,0.0,0.0,0.0,0.0,0.0,0.0
14198173415,0.0,0.0,0.0,0.0,0.0,0.0
14248255183,0.0,0.0,0.0,0.0,0.0,0.0
14298114118,0.0,0.0,0.0,0.0,0.0,0.0
14350795590,0.0,0.0,0.0,0.0,0.0,0.0
14398648414,0.0,0.0,0.0,0.0,0.0,0.0
14449477978,0.0,0.0,0.0,0.0,0.0,0.0
14500320302,0.0,0.0,0.0,0.0,0.0,0.0
14548186607,0.0,0.0,0.0,0.0,0.0,0.0
14600487765,0.0,0.0,0.0,0.0,0.0,0.0
14648316348,0.0,0.0,0.0,0.0,0.0,0.0
14698303172,0.0,0.0,0.0,0.0,0.0,0.0
14749456755,0.0,0.0,0.0,0.0,0.0,0.0
14798650171,0.0,0.0,0.0,0.0,0.0,0.0
14848973106,0.0,0.0,0.0,0.0,0.0,0.0
14898320893,0.0,0.0,0.0,0.0,0.0,0.0
14948403347,0.0,0.0,0.0,0.0,0.0,0.0
14998875986,0.0,0.0,0.0,0.0,0.0,0.0
15049126661,0.0,0.0,0.0,0.0,0.0,0.0
15098416856,0.0,0.0,0.0,0.0,0.0,0.0
15150725180,0.0,0.0,0.0,0.0,0.0,0.0
15198183503,0.0,0.0,0.0,0.0,0.0,0.0
15250269068,0.0,0.0,0.0,0.0,0.0,0.0
15302395633,0.0,0.0,0.0,0.0,0.0,0.0
15348254771,0.0,0.0,0.0,0.0,0.0,0.0
15400130262,0.0,0.0,0.0,0.0,0.0,0.0
15448306345,0.0,0.0,0.0,0.0,0.0,0.0
15498389632,0.0,0.0,0.0,0.0,0.0,0.0
15550059679,0.0,0.0,0.0,0.0,0.0,0.0
15598345558,0.0,0.0,0.0,0.0,0.0,0.0
15648285345,0.0,0.0,0.0,0.0,0.0,0.0
15698273632,0.0,0.0,0.0,0.0,0.0,0.0
15748220826,0.0,0.0,0.0,0.0,0.0,0.0
15800883058,0.0,0.0,0.0,0.0,0.0,0.0
15848414993,0.0,0.0,0.0,0.0,0.0,0.0
15898897724,0.0,0.0,0.0,0.0,0.0,0.0
15953107142,0.0,0.0,0.0,0.0,0.0,0.0
15998234298,0.0,0.0,0.0,0.0,0.0,0.0
16048473067,0.0,0.0,0.0,0.0,0.0,0.0
16098251446,0.0,0.0,0.0,0.0,0.0,0.0
16148633270,0.0,0.0,0.0,0.0,0.0,0.0
16200411261,0.0,0.0,0.0,0.0,0.0,0.0
16248501270,0.0,0.0,0.0,0.0,0.0,0.0
16298518817,0.0,0.0,0.0,0.0,0.0,0.0
16348373437,0.0,0.0,0.0,0.0,0.0,0.0
16398144427,0.0,0.0,0.0,0.0,0.0,0.0
16454001123,0.0,0.0,0.0,0.0,0.0,0.0
16498230298,0.0,0.0,0.0,0.0,0.0,0.0
16549161418,0.0,0.0,0.0,0.0,0.0,0.0
16601010483,0.0,0.0,0.0,0.0,0.0,0.0
16648320381,0.0,0.0,0.0,0.0,0.0,0.0
16699126002,0.0,0.0,0.0,0.0,0.0,0.0
16748296196,0.0,0.0,0.0,0.0,0.0,0.0
16798941576,0.0,0.0,0.0,0.0,0.0,0.0
16851418345,0.0,0.0,0.0,0.0,0.0,0.0
16898356595,0.0,0.0,0.0,0.0,0.0,0.0
16948634382,0.0,0.0,0.0,0.0,0.0,0.0
16998294317,0.0,0.0,0.0,0.0,0.0,0.0
17049099641,0.0,0.0,0.0,0.0,0.0,0.0
17102067170,0.0,0.0,0.0,0.0,0.0,0.0
17148393845,0.0,0.0,0.0,0.0,0.0,0.0
17199179743,0.0,0.0,0.0,0.0,0.0,0.0
17250441679,0.0,0.0,0.0,0.0,0.0,0.0
17298298262,0.0,0.0,0.0,0.0,0.0,0.0
17348474549,0.0,0.0,0.0,0.0,0.0,0.0
17398261466,0.0,0.0,0.0,0.0,0.0,0.0
17448354086,0.0,0.0,0.0,0.0,0.0,0.0
17498964522,0.0,0.0,0.0,0.0,0.0,0.0
17548250197,0.0,0.0,0.0,0.0,0.0,0.0
17600432577,0.0,0.0,0.0,0.0,0.0,0.0
17648276716,0.0,0.0,0.0,0.0,0.0,0.0
17698236818,0.0,0.0,0.0,0.0,0.0,0.0
17750402347,0.0,0.0,0.0,0.0,0.0,0.0
17798323485,0.0,0.0,0.0,0.0,0.0,0.0
17851171995,0.0,0.0,0.0,0.0,0.0,0.0
17899713523,0.0,0.0,0.0,0.0,0.0,0.0
17948290199,0.0,0.0,0.0,0.0,0.0,0.0
17999709357,0.0,0.0,0.0,0.0,0.0,0.0
18048341144,0.0,0.0,0.0,0.0,0.0,0.0
18098217505,0.0,0.0,0.0,0.0,0.0,0.0
18150675367,0.0,0.0,0.0,0.0,0.0,0.0
18198287894,0.0,0.0,0.0,0.0,0.0,0.0
18248885441,0.0,0.0,0.0,0.0,0.0,0.0
18301114895,0.0,0.0,0.0,0.0,0.0,0.0
18348785812,0.0,0.0,0.0,0.0,0.0,0.0
18398894599,0.0,0.0,0.0,0.0,0.0,0.0
18450012720,0.0,0.0,0.0,0.0,0.0,0.0
18498214840,0.0,0.0,0.0,0.0,0.0,0.0
18548334220,0.0,0.0,0.0,0.0,0.0,0.0
18598207248,0.0,0.0,0.0,0.0,0.0,0.0
18648390850,0.0,0.0,0.0,0.0,0.0,0.0
18700436934,0.0,0.0,0.0,0.0,0.0,0.0
18748391980,0.0,0.0,0.0,0.0,0.0,0.0
18800306971,0.0,0.0,0.0,0.0,0.0,0.0
18848326499,0.0,0.0,0.0,0.0,0.0,0.0
18898290064,0.0,0.0,0.0,0.0,0.0,0.0
18951211482,0.0,0.0,0.0,0.0,0.0,0.0
18998658139,0.0,0.0,0.0,0.0,0.0,0.0
19050235667,0.0,0.0,0.0,0.0,0.0,0.0
19099631399,0.0,0.0,0.0,0.0,0.0,0.0
19148966575,0.0,0.0,0.0,0.0,0.0,0.0
19200195585,0.0,0.0,0.0,0.0,0.0,0.0
19248404742,0.0,0.0,0.0,0.0,0.0,0.0
19298312900,0.0,0.0,0.0,0.0,0.0,0.0
19349390984,0.0,0.0,0.0,0.0,0.0,0.0
19398216290,0.0,0.0,0.0,0.0,0.0,0.0
19448513114,0.0,0.0,0.0,0.0,0.0,0.0
19498873550,0.0,0.0,0.0,0.0,0.0,0.0
19548327818,0.0,0.0,0.0,0.0,0.0,0.0
19600719328,0.0,0.0,0.0,0.0,0.0,0.0
19648442708,0.0,0.0,0.0,0.0,0.0,0.0
19700740681,0.0,0.0,0.0,0.0,0.0,0.0
19751069913,0.0,0.0,0.0,0.0,0.0,0.0
19798236959,0.0,0.0,0.0,0.0,0.0,0.0
19849080210,0.0,0.0,0.0,0.0,0.0,0.0
19898234534,0.0,0.0,0.0,0.0,0.0,0.0
19948271673,0.0,0.0,0.0,0.0,0.0,0.0
19999307461,0.0,0.0,0.0,0.0,0.0,0.0
20048393156,0.0,0.0,0.0,0.0,0.0,0.0
20098281758,0.0,0.0,0.0,0.0,0.0,0.0
20149207157,0.0,0.0,0.0,0.0,0.0,0.0
20198170129,0.0,0.0,0.0,0.0,0.0,0.0
20248494565,0.0,0.0,0.0,0.0,0.0,0.0
20300792279,0.0,0.0,0.0,0.0,0.0,0.0
20348262751,0.0,0.0,0.0,0.0,0.0,0.0
20399538039,0.0,0.0,0.0,0.0,0.0,0.0
20448267770,0.0,0.0,0.0,0.0,0.0,0.0
20498249706,0.0,0.0,0.0,0.0,0.0,0.0
20550042512,0.0,0.0,0.0,0.0,0.0,0.0
20598223947,0.0,0.0,0.0,0.0,0.0,0.0
20648530254,0.0,0.0,0.0,0.0,0.0,0.0
20698207634,0.0,0.0,0.0,0.0,0.0,0.0
20748302884,0.0,0.0,0.0,0.0,0.0,0.0
20799000135,0.0,0.0,0.0,0.0,0.0,0.0
20848412645,0.0,0.0,0.0,0.0,0.0,0.0
20899083821,0.0,0.0,0.0,0.0,0.0,0.0
20948183368,0.0,0.0,0.0,0.0,0.0,0.0
20998126174,0.0,0.0,0.0,0.0,0.0,0.0
21050171277,0.0,0.0,0.0,0.0,0.0,0.0
21098911101,0.0,0.0,0.0,0.0,0.0,0.0
21151561630,0.0,0.0,0.0,0.0,0.0,0.0
21200990862,0.0,0.0,0.0,0.0,0.0,0.0
21248294167,0.0,0.0,0.0,0.0,0.0,0.0
21298455251,0.0,0.0,0.0,0.0,0.0,0.0
21348284705,0.0,0.0,0.0,0.0,0.0,0.0
21399362956,0.0,0.0,0.0,0.0,0.0,0.0
21450704540,0.0,0.0,0.0,0.0,0.0,0.0
21498278661,0.0,0.0,0.0,0.0,0.0,0.0
21549330652,0.0,0.0,0.0,0.0,0.0,0.0
21598438329,0.0,0.0,0.0,0.0,0.0,0.0
21648278801,0.0,0.0,0.0,0.0,0.0,0.0
21700803367,0.0,0.0,0.0,0.0,0.0,0.0
21748241673,0.0,0.0,0.0,0.0,0.0,0.0
21799963072,0.0,0.0,0.0,0.0,0.0,0.0
21851323545,0.0,0.0,0.0,0.0,0.0,0.0
21898291499,0.0,0.0,0.0,0.0,0.0,0.0
21948463157,0.0,0.0,0.0,0.0,0.0,0.0
21998305649,0.0,0.0,0.0,0.0,0.0,0.0
22048690492,0.0,0.0,0.0,0.0,0.0,0.0
22099198872,0.0,0.0,0.0,0.0,0.0,0.0
22148276400,0.0,0.0,0.0,0.0,0.0,0.0
22200053281,0.0,0.0,0.0,0.0,0.0,0.0
22248601994,0.0,0.0,0.0,0.0,0.0,0.0
22298752078,0.0,0.0,0.0,0.0,0.0,0.0
22348521292,0.0,0.0,0.0,0.0,0.0,0.0
22398269024,0.0,0.0,0.0,0.0,0.0,0.0
22448352775,0.0,0.0,0.0,0.0,0.0,0.0
22500241452,0.0,0.0,0.0,0.0,0.0,0.0
22548274054,0.0,0.0,0.0,0.0,0.0,0.0
22599322434,0.0,0.0,0.0,0.0,0.0,0.0
22648361407,0.0,0.0,0.0,0.0,0.0,0.0
22698244880,0.0,0.0,0.0,0.0,0.0,0.0
22750845131,0.0,0.0,0.0,0.0,0.0,0.0
22798282678,0.0,0.0,0.0,0.0,0.0,0.0
22850444670,0.0,0.0,0.0,0.0,0.0,0.0
22900912365,0.0,0.0,0.0,0.0,0.0,0.0
22949072319,0.0,0.0,0.0,0.0,0.0,0.0
22999426422,0.0,0.0,0.0,0.0,0.0,0.0
23048341061,0.0,0.0,0.0,0.0,0.0,0.0
23098236775,0.0,0.0,0.0,0.0,0.0,0.0
23149093822,0.0,0.0,0.0,0.0,0.0,0.0
23198567851,0.0,0.0,0.0,0.0,0.0,0.0
23248308287,0.0,0.0,0.0,0.0,0.0,0.0
23303027594,0.0,0.0,0.0,0.0,0.0,0.0
23348215510,0.0,0.0,0.0,0.0,0.0,0.0
23399653261,0.0,0.0,0.0,0.0,0.0,0.0
23448240864,0.0,0.0,0.0,0.0,0.0,0.0
23498712929,0.0,0.0,0.0,0.0,0.0,0.0
23550019958,0.0,0.0,0.0,0.0,0.0,0.0
23598241412,0.0,0.0,0.0,0.0,0.0,0.0
23649649071,0.0,0.0,0.0,0.0,0.0,0.0
23698498988,0.0,0.0,0.0,0.0,0.0,0.0
23749979425,0.0,0.0,0.0,0.0,0.0,0.0
23798679268,0.0,0.0,0.0,0.0,0.0,0.0
23848311685,0.0,0.0,0.0,0.0,0.0,0.0
23901078733,0.0,0.0,0.0,0.0,0.0,0.0
23948247872,0.0,0.0,0.0,0.0,0.0,0.0
23998885697,0.0,0.0,0.0,0.0,0.0,0.0
24048389744,0.0,0.0,0.0,0.0,0.0,0.0
24099221106,0.0,0.0,0.0,0.0,0.0,0.0
24151169395,0.0,0.0,0.0,0.0,0.0,0.0
24198309367,0.0,0.0,0.0,0.0,0.0,0.0
24248863211,0.0,0.0,0.0,0.0,0.0,0.0
24298657517,0.0,0.0,0.0,0.0,0.0,0.0
24348573972,0.0,0.0,0.0,0.0,0.0,0.0
24400394501,0.0,0.0,0.0,0.0,0.0,0.0
24448514918,0.0,0.0,0.0,0.0,0.0,0.0
24500490336,0.0,0.0,0.0,0.0,0.0,0.0
24548271031,0.0,0.0,0.0,0.0,0.0,0.0
24598240819,0.0,0.0,0.0,0.0,0.0,0.0
24650201181,0.0,0.0,0.0,0.0,0.0,0.0
24698421469,0.0,0.0,0.0,0.0,0.0,0.0
24748686461,0.0,0.0,0.0,0.0,0.0,0.0
24798282119,0.0,0.0,0.0,0.0,0.0,0.0
24848523870,0.0,0.0,0.0,0.0,0.0,0.0
24901820955,0.0,0.0,0.0,0.0,0.0,0.0
24948535242,0.0,0.0,0.0,0.0,0.0,0.0
24999998253,0.0,0.0,0.0,0.0,0.0,0.0
25050879560,0.0,0.0,0.0,0.0,0.0,0.0
25098270477,0.0,0.0,0.0,0.0,0.0,0.0
25148540895,0.0,0.0,0.0,0.0,0.0,0.0
25198253534,0.0,0.0,0.0,0.0,0.0,0.0
25248288119,0.0,0.0,0.0,0.0,0.0,0.0
25302425333,0.0,0.0,0.0,0.0,0.0,0.0
25348182972,0.0,0.0,0.0,0.0,0.0,0.0
25399776298,0.0,0.0,0.0,0.0,0.0,0.0
25452412142,0.0,0.0,0.0,0.0,0.0,0.0
25498291633,0.0,0.0,0.0,0.0,0.0,0.0
25548468532,0.0,0.0,0.0,0.0,0.0,0.0
25598265227,0.0,0.0,0.0,0.0,0.0,0.0
25648900923,0.0,0.0,0.0,0.0,0.0,0.0
25700126730,0.0,0.0,0.0,0.0,0.0,0.0
25748505055,0.0,0.0,0.0,0.0,0.0,0.0
25800117491,0.0,0.0,0.0,0.0,0.0,0.0
25851452502,0.0,0.0,0.0,0.0,0.0,0.0
25898282012,0.0,0.0,0.0,0.0,0.0,0.0
25949460911,0.0,0.0,0.0,0.0,0.0,0.0
25998158810,0.0,0.0,0.0,0.0,0.0,0.0
26048960617,0.0,0.0,0.0,0.0,0.0,0.0
26099839424,0.0,0.0,0.0,0.0,0.0,0.0
26148509082,0.0,0.0,0.0,0.0,0.0,0.0
26201127889,0.0,0.0,0.0,0.0,0.0,0.0
26248340455,0.0,0.0,0.0,0.0,0.0,0.0
26298268854,0.0,0.0,0.0,0.0,0.0,0.0
26350172772,0.0,0.0,0.0,0.0,0.0,0.0
26398320856,0.0,0.0,0.0,0.0,0.0,0.0
26448875811,0.0,0.0,0.0,0.0,0.0,0.0
26499979488,0.0,0.0,0.0,0.0,0.0,0.0
26548529943,0.0,0.0,0.0,0.0,0.0,0.0
26598930435,0.0,0.0,0.0,0.0,0.0,0.0
26648639556,0.0,0.0,0.0,0.0,0.0,0.0
26699073419,0.0,0.0,0.0,0.0,0.0,0.0
26750968856,0.0,0.0,0.0,0.0,0.0,0.0
26798225328,0.0,0.0,0.0,0.0,0.0,0.0
26849377432,0.0,0.0,0.0,0.0,0.0,0.0
26900367461,0.0,0.0,0.0,0.0,0.0,0.0
26948181193,0.0,0.0,0.0,0.0,0.0,0.0
27000072630,0.0,0.0,0.0,0.0,0.0,0.0
27048454010,0.0,0.0,0.0,0.0,0.0,0.0
27098730465,0.0,0.0,0.0,0.0,0.0,0.0
27151264884,0.0,0.0,0.0,0.0,0.0,0.0
27198389579,0.0,0.0,0.0,0.0,0.0,0.0
27250279312,0.0,0.0,0.0,0.0,0.0,0.0
27298198878,0.0,0.0,0.0,0.0,0.0,0.0
27348106129,0.0,0.0,0.0,0.0,0.0,0.0
27399612010,0.0,0.0,0.0,0.0,0.0,0.0
27448322187,0.0,0.0,0.0,0.0,0.0,0.0
27500001864,0.0,0.0,0.0,0.0,0.0,0.0
27548154208,0.0,0.0,0.0,0.0,0.0,0.0
27598138607,0.0,0.0,0.0,0.0,0.0,0.0
27649098933,0.0,0.0,0.0,0.0,0.0,0.0
27698104888,0.0,0.0,0.0,0.0,0.0,0.0
27748065972,0.0,0.0,0.0,0.0,0.0,0.0
27804197169,0.0,0.0,0.0,0.0,0.0,0.0
27849780660,0.0,0.0,0.0,0.0,0.0,0.0
27900730356,0.0,0.0,0.0,0.0,0.0,0.0
27952129997,0.0,0.0,0.0,0.0,0.0,0.0
27998393007,0.0,0.0,0.0,0.0,0.0,0.0
28056411797,0.0,0.0,0.0,0.0,0.0,0.0
28098303120,0.0,0.0,0.0,0.0,0.0,0.0
28150483502,0.0,0.0,0.0,0.0,0.0,0.0
28201767809,0.0,0.0,0.0,0.0,0.0,0.0
28248335097,0.0,0.0,0.0,0.0,0.0,0.0
28298760089,0.0,0.0,0.0,0.0,0.0,0.0
28348291710,0.0,0.0,0.0,0.0,0.0,0.0
28398270462,0.0,0.0,0.0,0.0,0.0,0.0
28451780566,0.0,0.0,0.0,0.0,0.0,0.0
28498210668,0.0,0.0,0.0,0.0,0.0,0.0
28548262568,0.0,0.0,0.0,0.0,0.0,0.0
28598178356,0.0,0.0,0.0,0.0,0.0,0.0
28648331496,0.0,0.0,0.0,0.0,0.0,0.0
28702168452,0.0,0.0,0.0,0.0,0.0,0.0
28748352018,0.0,0.0,0.0,0.0,0.0,0.0
28799811269,0.0,0.0,0.0,0.0,0.0,0.0
28851450947,0.0,0.0,0.0,0.0,0.0,0.0
28898269587,0.0,0.0,0.0,0.0,0.0,0.0
28949134079,0.0,0.0,0.0,0.0,0.0,0.0
28998319701,0.0,0.0,0.0,0.0,0.0,0.0
29048281526,0.0,0.0,0.0,0.0,0.0,0.0
29098899463,0.0,0.0,0.0,0.0,0.0,0.0
29148149603,0.0,0.0,0.0,0.0,0.0,0.0
29199330966,0.0,0.0,0.0,0.0,0.0,0.0
29249060236,0.0,0.0,0.0,0.0,0.0,0.0
29298288432,0.0,0.0,0.0,0.0,0.0,0.0
29351047758,0.0,0.0,0.0,0.0,0.0,0.0
29398476953,0.0,0.0,0.0,0.0,0.0,0.0
29450279335,0.0,0.0,0.0,0.0,0.0,0.0
29498307067,0.0,0.0,0.0,0.0,0.0,0.0
29548426004,0.0,0.0,0.0,0.0,0.0,0.0
29599187978,0.0,0.0,0.0,0.0,0.0,0.0
29648920988,0.0,0.0,0.0,0.0,0.0,0.0
29698522332,0.0,0.0,0.0,0.0,0.0,0.0
29749884862,0.0,0.0,0.0,0.0,0.0,0.0
29798276280,0.0,0.0,0.0,0.0,0.0,0.0
29849557365,0.0,0.0,0.0,0.0,0.0,0.0
29898696857,0.0,0.0,0.0,0.0,0.0,0.0
29948311590,0.0,0.0,0.0,0.0,0.0,0.0
29999892157,0.0,0.0,0.0,0.0,0.0,0.0
30048405315,0.0,0.0,0.0,0.0,0.0,0.0
30100006104,0.0,0.0,0.0,0.0,0.0,0.0
30151169967,0.0,0.0,0.0,0.0,0.0,0.0
30198279829,0.0,0.0,0.0,0.0,0.0,0.0
30248338044,0.0,0.0,0.0,0.0,0.0,0.0
30298238592,0.0,0.0,0.0,0.0,0.0,0.0
30348492899,0.0,0.0,0.0,0.0,0.0,0.0
30399182576,0.0,0.0,0.0,0.0,0.0,0.0
30448456124,0.0,0.0,0.0,0.0,0.0,0.0
30499048857,0.0,0.0,0.0,0.0,0.0,0.0
30550362572,0.0,0.0,0.0,0.0,0.0,0.0
30598283842,0.0,0.0,0.0,0.0,0.0,0.0
30648629742,0.0,0.0,0.0,0.0,0.0,0.0
30698267197,0.0,0.0,0.0,0.0,0.0,0.0
30748255597,0.0,0.0,0.0,0.0,0.0,0.0
30800769034,0.0,0.0,0.0,0.0,0.0,0.0
30848298933,0.0,0.0,0.0,0.0,0.0,0.0
30899728241,0.0,0.0,0.0,0.0,0.0,0.0
30948364307,0.0,0.0,0.0,0.0,0.0,0.0
30998280874,0.0,0.0,0.0,0.0,0.0,0.0
31052244552,0.0,0.0,0.0,0.0,0.0,0.0
31098271044,0.0,0.0,0.0,0.0,0.0,0.0
31149611499,0.0,0.0,0.0,0.0,0.0,0.0
31200538992,0.0,0.0,0.0,0.0,0.0,0.0
31248375058,0.0,0.0,0.0,0.0,0.0,0.0
31298289717,0.0,0.0,0.0,0.0,0.0,0.0
31348367561,0.0,0.0,0.0,0.0,0.0,0.0
31398215517,0.0,0.0,0.0,0.0,0.0,0.0
31451053491,0.0,0.0,0.0,0.0,0.0,0.0
31498219372,0.0,0.0,0.0,0.0,0.0,0.0
31548728920,0.0,0.0,0.0,0.0,0.0,0.0
31598297449,0.0,0.0,0.0,0.0,0.0,0.0
31648260534,0.0,0.0,0.0,0.0,0.0,0.0
31699343434,0.0,0.0,0.0,0.0,0.0,0.0
31748149853,0.0,0.0,0.0,0.0,0.0,0.0
31798635104,0.0,0.0,0.0,0.0,0.0,0.0
31852961505,0.0,0.0,0.0,0.0,0.0,0.0
31898227126,0.0,0.0,0.0,0.0,0.0,0.0
31948466175,0.0,0.0,0.0,0.0,0.0,0.0
31998262686,0.0,0.0,0.0,0.0,0.0,0.0
32048629623,0.0,0.0,0.0,0.0,0.0,0.0
32101551468,0.0,0.0,0.0,0.0,0.0,0.0
32148251867,0.0,0.0,0.0,0.0,0.0,0.0
32200700489,0.0,0.0,0.0,0.0,0.0,0.0
32248334963,0.0,0.0,0.0,0.0,0.0,0.0
32298222548,0.0,0.0,0.0,0.0,0.0,0.0
32355470709,0.0,0.0,0.0,0.0,0.0,0.0
32398288607,0.0,0.0,0.0,0.0,0.0,0.0
32449427767,0.0,0.0,0.0,0.0,0.0,0.0
32499489574,0.0,0.0,0.0,0.0,0.0,0.0
32548855937,0.0,0.0,0.0,0.0,0.0,0.0
32598331670,0.0,0.0,0.0,0.0,0.0,0.0
32648302181,0.0,0.0,0.0,0.0,0.0,0.0
32698514785,0.0,0.0,0.0,0.0,0.0,0.0
32750814296,0.0,0.0,0.0,0.0,0.0,0.0
32798219937,0.0,0.0,0.0,0.0,0.0,0.0
32850129282,0.0,0.0,0.0,0.0,0.0,0.0
32898139996,0.0,0.0,0.0,0.0,0.0,0.0
32948214266,0.0,0.0,0.0,0.0,0.0,0.0
33001345704,0.0,0.0,0.0,0.0,0.0,0.0
33048434418,0.0,0.0,0.0,0.0,0.0,0.0
33100686930,0.0,0.0,0.0,0.0,0.0,0.0
33148907756,0.0,0.0,0.0,0.0,0.0,0.0
33198266452,0.0,0.0,0.0,0.0,0.0,0.0
33248275222,0.0,0.0,0.0,0.0,0.0,0.0
33298092492,0.0,0.0,0.0,0.0,0.0,0.0
33348448300,0.0,0.0,0.0,0.0,0.0,0.0
33402031849,0.0,0.0,0.0,0.0,0.0,0.0
33448182230,0.0,0.0,0.0,0.0,0.0,0.0
33498969426,0.0,0.0,0.0,0.0,0.0,0.0
33551454660,0.0,0.0,0.0,0.0,0.0,0.0
33599027374,0.0,0.0,0.0,0.0,0.0,0.0
33648556108,0.0,0.0,0.0,0.0,0.0,0.0
33699773027,0.0,0.0,0.0,0.0,0.0,0.0
33748273704,0.0,0.0,0.0,0.0,0.0,0.0
33799766290,0.0,0.0,0.0,0.0,0.0,0.0
33848763560,0.0,0.0,0.0,0.0,0.0,0.0
33898244664,0.0,0.0,0.0,0.0,0.0,0.0
33949965361,0.0,0.0,0.0,0.0,0.0,0.0
33998290298,0.0,0.0,0.0,0.0,0.0,0.0
34048407772,0.0,0.0,0.0,0.0,0.0,0.0
34098230376,0.0,0.0,0.0,0.0,0.0,0.0
34148404702,0.0,0.0,0.0,0.0,0.0,0.0
34201195714,0.0,0.0,0.0,0.0,0.0,0.0
34248364317,0.0,0.0,0.0,0.0,0.0,0.0
34299694643,0.0,0.0,0.0,0.0,0.0,0.0
34352734100,0.0,0.0,0.0,0.0,0.0,0.0
34398313110,0.0,0.0,0.0,0.0,0.0,0.0
34449034881,0.0,0.0,0.0,0.0,0.0,0.0
34498263207,0.0,0.0,0.0,0.0,0.0,0.0
34548265218,0.0,0.0,0.0,0.0,0.0,0.0
34600535674,0.0,0.0,0.0,0.0,0.0,0.0
34648652148,0.0,0.0,0.0,0.0,0.0,0.0
34699094937,0.0,0.0,0.0,0.0,0.0,0.0
34748222133,0.0,0.0,0.0,0.0,0.0,0.0
34798328534,0.0,0.0,0.0,0.0,0.0,0.0
34852809583,0.0,0.0,0.0,0.0,0.0,0.0
34898210649,0.0,0.0,0.0,0.0,0.0,0.0
34948782846,0.0,0.0,0.0,0.0,0.0,0.0
34999880339,0.0,0.0,0.0,0.0,0.0,0.0
35048277831,0.0,0.0,0.0,0.0,0.0,0.0
35098490269,0.0,0.0,0.0,0.0,0.0,0.0
35148295836,0.0,0.0,0.0,0.0,0.0,0.0
35198298847,0.0,0.0,0.0,0.0,0.0,0.0
35250200340,0.0,0.0,0.0,0.0,0.0,0.0
35298247018,0.0,0.0,0.0,0.0,0.0,0.0
35348368659,0.0,0.0,0.0,0.0,0.0,0.0
35398364281,0.0,0.0,0.0,0.0,0.0,0.0
35448719552,0.0,0.0,0.0,0.0,0.0,0.0
35498912952,0.0,0.0,0.0,0.0,0.0,0.0
35548282241,0.0,0.0,0.0,0.0,0.0,0.0
35598720549,0.0,0.0,0.0,0.0,0.0,0.0
35649427672,0.0,0.0,0.0,0.0,0.0,0.0
35698237387,0.0,0.0,0.0,0.0,0.0,0.0
35748430158,0.0,0.0,0.0,0.0,0.0,0.0
35798274391,0.0,0.0,0.0,0.0,0.0,0.0
35848315069,0.0,0.0,0.0,0.0,0.0,0.0
35899123803,0.0,0.0,0.0,0.0,0.0,0.0
35948359074,0.0,0.0,0.0,0.0,0.0,0.0
35998884122,0.0,0.0,0.0,0.0,0.0,0.0
36048306189,0.0,0.0,0.0,0.0,0.0,0.0
36098222867,0.0,0.0,0.0,0.0,0.0,0.0
36152919806,0.0,0.0,0.0,0.0,0.0,0.0
36198467113,0.0,0.0,0.0,0.0,0.0,0.0
36250619699,0.0,0.0,0.0,0.0,0.0,0.0
36299371247,0.0,0.0,0.0,0.0,0.0,0.0
36348237443,0.0,0.0,0.0,0.0,0.0,0.0
36398360955,0.0,0.0,0.0,0.0,0.0,0.0
36448241003,0.0,0.0,0.0,0.0,0.0,0.0
36498249107,0.0,0.0,0.0,0.0,0.0,0.0
36550445249,0.0,0.0,0.0,0.0,0.0,0.0
36598221242,0.0,0.0,0.0,0.0,0.0,0.0
36648768661,0.0,0.0,0.0,0.0,0.0,0.0
36698792469,0.0,0.0,0.0,0.0,0.0,0.0
36748216054,0.0,0.0,0.0,0.0,0.0,0.0
36799771770,0.0,0.0,0.0,0.0,0.0,0.0
36849436781,0.0,0.0,0.0,0.0,0.0,0.0
36899851497,0.0,0.0,0.0,0.0,0.0,0.0
36950513823,0.0,0.0,0.0,0.0,0.0,0.0
36998302519,0.0,0.0,0.0,0.0,0.0,0.0
37048525901,0.0,0.0,0.0,0.0,0.0,0.0
37098506061,0.0,0.0,0.0,0.0,0.0,0.0
37148433406,0.0,0.0,0.0,0.0,0.0,0.0
37199932011,0.0,0.0,0.0,0.0,0.0,0.0
37248759707,0.0,0.0,0.0,0.0,0.0,0.0
37300278867,0.0,0.0,0.0,0.0,0.0,0.0
37348267323,0.0,0.0,0.0,0.0,0.0,0.0
37398283631,0.0,0.0,0.0,0.0,0.0,0.0
37454406921,0.0,0.0,0.0,0.0,0.0,0.0
37499040061,0.0,0.0,0.0,0.0,0.0,0.0
37548903295,0.0,0.0,0.0,0.0,0.0,0.0
37601146289,0.0,0.0,0.0,0.0,0.0,0.0
37648338874,0.0,0.0,0.0,0.0,0.0,0.0
37698549515,0.0,0.0,0.0,0.0,0.0,0.0
37748245397,0.0,0.0,0.0,0.0,0.0,0.0
37798442428,0.0,0.0,0.0,0.0,0.0,0.0
37848403310,0.0,0.0,0.0,0.0,0.0,0.0
37898440710,0.0,0.0,0.0,0.0,0.0,0.0
37949526630,0.0,0.0,0.0,0.0,0.0,0.0
38001428290,0.0,0.0,0.0,0.0,0.0,0.0
38048313597,0.0,0.0,0.0,0.0,0.0,0.0
38098469664,0.0,0.0,0.0,0.0,0.0,0.0
38148834436,0.0,0.0,0.0,0.0,0.0,0.0
38198356021,0.0,0.0,0.0,0.0,0.0,0.0
38249559496,0.0,0.0,0.0,0.0,0.0,0.0
38298255359,0.0,0.0,0.0,0.0,0.0,0.0
38349416705,0.0,0.0,0.0,0.0,0.0,0.0
38398263642,0.0,0.0,0.0,0.0,0.0,0.0
38448220339,0.0,0.0,0.0,0.0,0.0,0.0
38498698721,0.0,0.0,0.0,0.0,0.0,0.0
38548223159,0.0,0.0,0.0,0.0,0.0,0.0
38599711189,0.0,0.0,0.0,0.0,0.0,0.0
38648257886,0.0,0.0,0.0,0.0,0.0,0.0
38698561231,0.0,0.0,0.0,0.0,0.0,0.0
38753620614,0.0,0.0,0.0,0.0,0.0,0.0
38798537773,0.0,0.0,0.0,0.0,0.0,0.0
38848482118,0.0,0.0,0.0,0.0,0.0,0.0
38900339408,0.0,0.0,0.0,0.0,0.0,0.0
38948298272,0.0,0.0,0.0,0.0,0.0,0.0
38998862061,0.0,0.0,0.0,0.0,0.0,0.0
39048557036,0.0,0.0,0.0,0.0,0.0,0.0
39098485937,0.0,0.0,0.0,0.0,0.0,0.0
39149807152,0.0,0.0,0.0,0.0,0.0,0.0
39198757386,0.0,0.0,0.0,0.0,0.0,0.0
39250290176,0.0,0.0,0.0,0.0,0.0,0.0
39298199965,0.0,0.0,0.0,0.0,0.0,0.0
39348169292,0.0,0.0,0.0,0.0,0.0,0.0
39409124325,0.0,0.0,0.0,0.0,0.0,0.0
39448315112,0.0,0.0,0.0,0.0,0.0,0.0
39499458809,0.0,0.0,0.0,0.0,0.0,0.0
39548538395,0.0,0.0,0.0,0.0,0.0,0.0
39598256851,0.0,0.0,0.0,0.0,0.0,0.0
39650150363,0.0,0.0,0.0,0.0,0.0,0.0
39698532097,0.0,0.0,0.0,0.0,0.0,0.0
39750326165,0.0,0.0,0.0,0.0,0.0,0.0
39798295121,0.0,0.0,0.0,0.0,0.0,0.0
39848932688,0.0,0.0,0.0,0.0,0.0,0.0
39899359775,0.0,0.0,0.0,0.0,0.0,0.0
39948214731,0.0,0.0,0.0,0.0,0.0,0.0
39998502317,0.0,0.0,0.0,0.0,0.0,0.0
40049680014,0.0,0.0,0.0,0.0,0.0,0.0
40098322859,0.0,0.0,0.0,0.0,0.0,0.0
40149978242,0.0,0.0,0.0,0.0,0.0,0.0
40198219401,0.0,0.0,0.0,0.0,0.0,0.0
40248482710,0.0,0.0,0.0,0.0,0.0,0.0
40303105149,0.0,0.0,0.0,0.0,0.0,0.0
40348616974,0.0,0.0,0.0,0.0,0.0,0.0
40399671301,0.0,0.0,0.0,0.0,0.0,0.0
40449067924,0.0,0.0,0.0,0.0,0.0,0.0
40498227251,0.0,0.0,0.0,0.0,0.0,0.0
40549946504,0.0,0.0,0.0,0.0,0.0,0.0
40598487775,0.0,0.0,0.0,0.0,0.0,0.0
40649682028,0.0,0.0,0.0,0.0,0.0,0.0
40699511688,0.0,0.0,0.0,0.0,0.0,0.0
40748157477,0.0,0.0,0.0,0.0,0.0,0.0
40800219527,0.0,0.0,0.0,0.0,0.0,0.0
40848269835,0.0,0.0,0.0,0.0,0.0,0.0
40898200124,0.0,0.0,0.0,0.0,0.0,0.0
40950792952,0.0,0.0,0.0,0.0,0.0,0.0
40998512815,0.0,0.0,0.0,0.0,0.0,0.0
41049355420,0.0,0.0,0.0,0.0,0.0,0.0
41100554414,0.0,0.0,0.0,0.0,0.0,0.0
41148132259,0.0,0.0,0.0,0.0,0.0,0.0
41199349327,0.0,0.0,0.0,0.0,0.0,0.0
41248221616,0.0,0.0,0.0,0.0,0.0,0.0
41299639240,0.0,0.0,0.0,0.0,0.0,0.0
41350116270,0.0,0.0,0.0,0.0,0.0,0.0
41398295060,0.0,0.0,0.0,0.0,0.0,0.0
41449685757,0.0,0.0,0.0,0.0,0.0,0.0
41500013695,0.0,0.0,0.0,0.0,0.0,0.0
41548245688,0.0,0.0,0.0,0.0,0.0,0.0
41598538052,0.0,0.0,0.0,0.0,0.0,0.0
41648496009,0.0,0.0,0.0,0.0,0.0,0.0
41698761317,0.0,0.0,0.0,0.0,0.0,0.0
41749171811,0.0,0.0,0.0,0.0,0.0,0.0
41798339990,0.0,0.0,0.0,0.0,0.0,0.0
41848729483,0.0,0.0,0.0,0.0,0.0,0.0
41898262273,0.0,0.0,0.0,0.0,0.0,0.0
41949165748,0.0,0.0,0.0,0.0,0.0,0.0
42001532150,0.0,0.0,0.0,0.0,0.0,0.0
42048537532,0.0,0.0,0.0,0.0,0.0,0.0
42100183526,0.0,0.0,0.0,0.0,0.0,0.0
42151801816,0.0,0.0,0.0,0.0,0.0,0.0
42198385642,0.0,0.0,0.0,0.0,0.0,0.0
42248343451,0.0,0.0,0.0,0.0,0.0,0.0
42298268555,0.0,0.0,0.0,0.0,0.0,0.0
42348182679,0.0,0.0,0.0,0.0,0.0,0.0
42399259099,0.0,0.0,0.0,0.0,0.0,0.0
42448317425,0.0,0.0,0.0,0.0,0.0,0.0
42499688475,0.0,0.0,0.0,0.0,0.0,0.0
42553646043,0.0,0.0,0.0,0.0,0.0,0.0
42598320554,0.0,0.0,0.0,0.0,0.0,0.0
42649793548,0.0,0.0,0.0,0.0,0.0,0.0
42698251875,0.0,0.0,0.0,0.0,0.0,0.0
42748236961,0.0,0.0,0.0,0.0,0.0,0.0
42800381307,0.0,0.0,0.0,0.0,0.0,0.0
42849067356,0.0,0.0,0.0,0.0,0.0,0.0
42900455628,0.0,0.0,0.0,0.0,0.0,0.0
42948314066,0.0,0.0,0.0,0.0,0.0,0.0
42998269782,0.0,0.0,0.0,0.0,0.0,0.0
43052572017,0.0,0.0,0.0,0.0,0.0,0.0
43098204195,0.0,0.0,0.0,0.0,0.0,0.0
43148186245,0.0,0.0,0.0,0.0,0.0,0.0
43199254479,0.0,0.0,0.0,0.0,0.0,0.0
43248376362,0.0,0.0,0.0,0.0,0.0,0.0
43300197134,0.0,0.0,0.0,0.0,0.0,0.0
43348252553,0.0,0.0,0.0,0.0,0.0,0.0
43398433861,0.0,0.0,0.0,0.0,0.0,0.0
43450195689,0.0,0.0,0.0,0.0,0.0,0.0
43498293071,0.0,0.0,0.0,0.0,0.0,0.0
43549842510,0.0,0.0,0.0,0.0,0.0,0.0
43598297096,0.0,0.0,0.0,0.0,0.0,0.0
43648305571,0.0,0.0,0.0,0.0,0.0,0.0
43700806084,0.0,0.0,0.0,0.0,0.0,0.0
43748442614,0.0,0.0,0.0,0.0,0.0,0.0
43798241200,0.0,0.0,0.0,0.0,0.0,0.0
43850992732,0.0,0.0,0.0,0.0,0.0,0.0
43899644689,0.0,0.0,0.0,0.0,0.0,0.0
43948406275,0.0,0.0,0.0,0.0,0.0,0.0
43998324083,0.0,0.0,0.0,0.0,0.0,0.0
44048337022,0.0,0.0,0.0,0.0,0.0,0.0
44100066331,0.0,0.0,0.0,0.0,0.0,0.0
44148273250,0.0,0.0,0.0,0.0,0.0,0.0
44199071577,0.0,0.0,0.0,0.0,0.0,0.0
44248257201,0.0,0.0,0.0,0.0,0.0,0.0
44298315806,0.0,0.0,0.0,0.0,0.0,0.0
44349036355,0.0,0.0,0.0,0.0,0.0,0.0
44398222719,0.0,0.0,0.0,0.0,0.0,0.0
44448703991,0.0,0.0,0.0,0.0,0.0,0.0
44502028652,0.0,0.0,0.0,0.0,0.0,0.0
44548232515,0.0,0.0,0.0,0.0,0.0,0.0
44598583398,0.0,0.0,0.0,0.0,0.0,0.0
44648725485,0.0,0.0,0.0,0.0,0.0,0.0
44698896646,0.0,0.0,0.0,0.0,0.0,0.0
44750382714,0.0,0.0,0.0,0.0,0.0,0.0
44798266559,0.0,0.0,0.0,0.0,0.0,0.0
44848665664,0.0,0.0,0.0,0.0,0.0,0.0
44898335473,0.0,0.0,0.0,0.0,0.0,0.0
44948499189,0.0,0.0,0.0,0.0,0.0,0.0
45001024313,0.0,0.0,0.0,0.0,0.0,0.0
45048224381,0.0,0.0,0.0,0.0,0.0,0.0
45101081672,0.0,0.0,0.0,0.0,0.0,0.0
45149387369,0.0,0.0,0.0,0.0,0.0,0.0
45198423307,0.0,0.0,0.0,0.0,0.0,0.0
45248551153,0.0,0.0,0.0,0.0,0.0,0.0
45298400221,0.0,0.0,0.0,0.0,0.0,0.0
45348265270,0.0,0.0,0.0,0.0,0.0,0.0
45400820043,0.0,0.0,0.0,0.0,0.0,0.0
45448380573,0.0,0.0,0.0,0.0,0.0,0.0
45498789586,0.0,0.0,0.0,0.0,0.0,0.0
45548229487,0.0,0.0,0.0,0.0,0.0,0.0
45598526611,0.0,0.0,0.0,0.0,0.0,0.0
45649529253,0.0,0.0,0.0,0.0,0.0,0.0
45698148321,0.0,0.0,0.0,0.0,0.0,0.0
45748528111,0.0,0.0,0.0,0.0,0.0,0.0
45799482717,0.0,0.0,0.0,0.0,0.0,0.0
45848298155,0.0,0.0,0.0,0.0,0.0,0.0
45898777982,0.0,0.0,0.0,0.0,0.0,0.0
45948234069,0.0,0.0,0.0,0.0,0.0,0.0
45998320193,0.0,0.0,0.0,0.0,0.0,0.0
46051718502,0.0,0.0,0.0,0.0,0.0,0.0
46098882829,0.0,0.0,0.0,0.0,0.0,0.0
46148382193,0.0,0.0,0.0,0.0,0.0,0.0
46198506947,0.0,0.0,0.0,0.0,0.0,0.0
46248407052,0.0,0.0,0.0,0.0,0.0,0.0
46302490973,0.0,0.0,0.0,0.0,0.0,0.0
46348909596,0.0,0.0,0.0,0.0,0.0,0.0
46400424238,0.0,0.0,0.0,0.0,0.0,0.0
46451956418,0.0,0.0,0.0,0.0,0.0,0.0
46498266559,0.0,0.0,0.0,0.0,0.0,0.0
46548374312,0.0,0.0,0.0,0.0,0.0,0.0
46598222214,0.0,0.0,0.0,0.0,0.0,0.0
46648223134,0.0,0.0,0.0,0.0,0.0,0.0
46699714221,0.0,0.0,0.0,0.0,0.0,0.0
46748300882,0.0,0.0,0.0,0.0,0.0,0.0
46799850691,0.0,0.0,0.0,0.0,0.0,0.0
46848348148,0.0,0.0,0.0,0.0,0.0,0.0
46898214642,0.0,0.0,0.0,0.0,0.0,0.0
46951747248,0.0,0.0,0.0,0.0,0.0,0.0
46998726649,0.0,0.0,0.0,0.0,0.0,0.0
47051745421,0.0,0.0,0.0,0.0,0.0,0.0
47099945637,0.0,0.0,0.0,0.0,0.0,0.0
47148222020,0.0,0.0,0.0,0.0,0.0,0.0
47198503496,0.0,0.0,0.0,0.0,0.0,0.0
47248317379,0.0,0.0,0.0,0.0,0.0,0.0
47298315688,0.0,0.0,0.0,0.0,0.0,0.0
47349242182,0.0,0.0,0.0,0.0,0.0,0.0
47398369102,0.0,0.0,0.0,0.0,0.0,0.0
47449009448,0.0,0.0,0.0,0.0,0.0,0.0
47498217424,0.0,0.0,0.0,0.0,0.0,0.0
47548211899,0.0,0.0,0.0,0.0,0.0,0.0
47600791857,0.0,0.0,0.0,0.0,0.0,0.0
47648300203,0.0,0.0,0.0,0.0,0.0,0.0
47699910419,0.0,0.0,0.0,0.0,0.0,0.0
47750980247,0.0,0.0,0.0,0.0,0.0,0.0
47798273204,0.0,0.0,0.0,0.0,0.0,0.0
47848605198,0.0,0.0,0.0,0.0,0.0,0.0
47898228174,0.0,0.0,0.0,0.0,0.0,0.0
47948279205,0.0,0.0,0.0,0.0,0.0,0.0
48001331978,0.0,0.0,0.0,0.0,0.0,0.0
48048450546,0.0,0.0,0.0,0.0,0.0,0.0
48098471762,0.0,0.0,0.0,0.0,0.0,0.0
48150264201,0.0,0.0,0.0,0.0,0.0,0.0
48198183954,0.0,0.0,0.0,0.0,0.0,0.0
48250693838,0.0,0.0,0.0,0.0,0.0,0.0
48301170184,0.0,0.0,0.0,0.0,0.0,0.0
48348623197,0.0,0.0,0.0,0.0,0.0,0.0
48400684895,0.0,0.0,0.0,0.0,0.0,0.0
48448273481,0.0,0.0,0.0,0.0,0.0,0.0
48498078364,0.0,0.0,0.0,0.0,0.0,0.0
48549411229,0.0,0.0,0.0,0.0,0.0,0.0
48598216834,0.0,0.0,0.0,0.0,0.0,0.0
48649014218,0.0,0.0,0.0,0.0,0.0,0.0
48698433675,0.0,0.0,0.0,0.0,0.0,0.0
48748251281,0.0,0.0,0.0,0.0,0.0,0.0
48800713535,0.0,0.0,0.0,0.0,0.0,0.0
48848494195,0.0,0.0,0.0,0.0,0.0,0.0
48898542264,0.0,0.0,0.0,0.0,0.0,0.0
48951028314,0.0,0.0,0.0,0.0,0.0,0.0
48998228938,0.0,0.0,0.0,0.0,0.0,0.0
49051104488,0.0,0.0,0.0,0.0,0.0,0.0
49098216723,0.0,0.0,0.0,0.0,0.0,0.0
49148258217,0.0,0.0,0.0,0.0,0.0,0.0
49199847527,0.0,0.0,0.0,0.0,0.0,0.0
49248493780,0.0,0.0,0.0,0.0,0.0,0.0
49300212830,0.0,0.0,0.0,0.0,0.0,0.0
49350419232,0.0,0.0,0.0,0.0,0.0,0.0
49398812282,0.0,0.0,0.0,0.0,0.0,0.0
49452346351,0.0,0.0,0.0,0.0,0.0,0.0
49499116937,0.0,0.0,0.0,0.0,0.0,0.0
49548952543,0.0,0.0,0.0,0.0,0.0,0.0
49599859185,0.0,0.0,0.0,0.0,0.0,0.0
49648266846,0.0,0.0,0.0,0.0,0.0,0.0
49700045749,0.0,0.0,0.0,0.0,0.0,0.0
49748226094,0.0,0.0,0.0,0.0,0.0,0.0
49798565830,0.0,0.0,0.0,0.0,0.0,0.0
49849247917,0.0,0.0,0.0,0.0,0.0,0.0
49898267930,0.0,0.0,0.0,0.0,0.0,0.0
49948206943,0.0,0.0,0.0,0.0,0.0,0.0
50000512493,0.0,0.0,0.0,0.0,0.0,0.0
50048262376,0.0,0.0,0.0,0.0,0.0,0.0
50098271093,0.0,0.0,0.0,0.0,0.0,0.0
50148239254,0.0,0.0,0.0,0.0,0.0,0.0
50198535193,0.0,0.0,0.0,0.0,0.0,0.0
50250439114,0.0,0.0,0.0,0.0,0.0,0.0
50298466701,0.0,0.0,0.0,0.0,0.0,0.0
50351742289,0.0,0.0,0.0,0.0,0.0,0.0
50398231486,0.0,0.0,0.0,0.0,0.0,0.0
50448313314,0.0,0.0,0.0,0.0,0.0,0.0
50499762253,0.0,0.0,0.0,0.0,0.0,0.0
50548288043,0.0,0.0,0.0,0.0,0.0,0.0
50598252130,0.0,0.0,0.0,0.0,0.0,0.0
50650758385,0.0,0.0,0.0,0.0,0.0,0.0
50698157879,0.0,0.0,0.0,0.0,0.0,0.0
50749228263,0.0,0.0,0.0,0.0,0.0,0.0
50802601536,0.0,0.0,0.0,0.0,0.0,0.0
50848494363,0.0,0.0,0.0,0.0,0.0,0.0
50898375265,0.0,0.0,0.0,0.0,0.0,0.0
50948217222,0.0,0.0,0.0,0.0,0.0,0.0
50998232569,0.0,0.0,0.0,0.0,0.0,0.0
51051944527,0.0,0.0,0.0,0.0,0.0,0.0
51098285336,0.0,0.0,0.0,0.0,0.0,0.0
51150255349,0.0,0.0,0.0,0.0,0.0,0.0
51198905195,0.0,0.0,0.0,0.0,0.0,0.0
51248290912,0.0,0.0,0.0,0.0,0.0,0.0
51299870407,0.0,0.0,0.0,0.0,0.0,0.0
51348642531,0.0,0.0,0.0,0.0,0.0,0.0
51399695748,0.0,0.0,0.0,0.0,0.0,0.0
51454660577,0.0,0.0,0.0,0.0,0.0,0.0
51498238200,0.0,0.0,0.0,0.0,0.0,0.0
51548322065,0.0,0.0,0.0,0.0,0.0,0.0
51598860004,0.0,0.0,0.0,0.0,0.0,0.0
51648342443,0.0,0.0,0.0,0.0,0.0,0.0
51699307734,0.0,0.0,0.0,0.0,0.0,0.0
51748318858,0.0,0.0,0.0,0.0,0.0,0.0
51798614186,-0.0,0.0,2.0,0.0,0.0,0.0
51848560589,-0.0,0.0,2.0,0.0,0.0,0.0
51898222750,-0.0,0.0,2.0,0.0,0.0,0.0
51950131356,-0.0,0.0,2.0,0.0,0.0,0.0
51998217795,-0.0,0.0,2.0,0.0,0.0,0.0
52050909272,-0.0,0.0,2.0,0.0,0.0,0.0
52100988100,-0.0,0.0,2.0,0.0,0.0,0.0
52148274260,-0.0,0.0,2.0,0.0,0.0,0.0
52198554663,-0.0,0.0,2.0,0.0,0.0,0.0
52248306898,-0.0,0.0,2.0,0.0,0.0,0.0
52298291467,-0.0,0.0,2.0,0.0,0.0,0.0
52349095517,-0.0,0.0,2.0,0.0,0.0,0.0
52398297364,-0.0,0.0,2.0,0.0,0.0,0.0
52450405211,-0.0,0.0,2.0,0.0,0.0,0.0
52499567835,-0.0,0.0,2.0,0.0,0.0,0.0
52548263977,-0.0,0.0,2.0,0.0,0.0,0.0
52599195361,-0.0,0.0,2.0,0.0,0.0,0.0
52648500411,-0.0,0.0,2.0,0.0,0.0,0.0
52698130943,-0.0,0.0,2.0,0.0,0.0,0.0
52750213605,-0.0,0.0,2.0,0.0,0.0,0.0
52798285544,-0.0,0.0,2.0,0.0,0.0,0.0
52850685076,-0.0,0.0,2.0,0.0,0.0,0.0
52898214922,-0.0,0.0,2.0,0.0,0.0,0.0
52948244769,-0.0,0.0,2.0,0.0,0.0,0.0
52999231653,-0.0,0.0,2.0,0.0,0.0,0.0
53048421203,-0.0,0.0,2.0,0.0,0.0,0.0
53098259790,-0.0,0.0,2.0,0.0,0.0,0.0
53150116749,-0.0,0.0,2.0,0.0,0.0,0.0
53198218317,-0.0,0.0,2.0,0.0,0.0,0.0
53250194849,-0.0,0.0,2.0,0.0,0.0,0.0
53298696974,-0.0,0.0,2.0,0.0,0.0,0.0
53348958376,-0.0,0.0,2.0,0.0,0.0,0.0
53401685205,-0.0,0.0,2.0,0.0,0.0,0.0
53448943569,-0.0,0.0,2.0,0.0,0.0,0.0
53499491583,-0.0,0.0,2.0,0.0,0.0,0.0
53548155966,-0.0,0.0,2.0,0.0,0.0,0.0
53598250127,-0.0,0.0,2.0,0.0,0.0,0.0
53650266882,-0.0,0.0,2.0,0.0,0.0,0.0
53698219062,-0.0,0.0,2.0,0.0,0.0,0.0
53748215668,-0.0,0.0,2.0,0.0,0.0,0.0
53800313441,-0.0,0.0,2.0,0.0,0.0,0.0
53848859454,-0.0,0.0,2.0,0.0,0.0,0.0
53898902208,-0.0,0.0,2.0,0.0,0.0,0.0
53951078130,-0.0,0.0,2.0,0.0,0.0,0.0
53998687476,-0.0,0.0,2.0,0.0,0.0,0.0
54049744601,-0.0,0.0,2.0,0.0,0.0,0.0
54098296188,-0.0,0.0,2.0,0.0,0.0,0.0
54148291183,-0.0,0.0,2.0,0.0,0.0,0.0
54200978123,-0.0,0.0,2.0,0.0,0.0,0.0
54248301524,-0.0,0.0,2.0,0.0,0.0,0.0
54300259872,-0.0,0.0,2.0,0.0,0.0,0.0
54348254144,-0.0,0.0,2.0,0.0,0.0,0.0
54398231768,-0.0,0.0,2.0,0.0,0.0,0.0
54452690746,-0.0,0.0,2.0,0.0,0.0,0.0
54498740592,-0.0,0.0,2.0,0.0,0.0,0.0
54549494198,-0.0,0.0,2.0,0.0,0.0,0.0
54602404138,-0.0,0.0,2.0,0.0,0.0,0.0
54648317039,-0.0,0.0,2.0,0.0,0.0,0.0
54701010609,-0.0,0.0,2.0,0.0,0.0,0.0
54748227992,-0.0,0.0,2.0,0.0,0.0,0.0
54798245210,-0.0,0.0,2.0,0.0,0.0,0.0
54849970112,-0.0,0.0,2.0,0.0,0.0,0.0
54898999922,-0.0,0.0,2.0,0.0,0.0,0.0
54950626936,-0.0,0.0,2.0,0.0,0.0,0.0
54999018912,-0.0,0.0,2.0,0.0,0.0,0.0
55048414777,-0.0,0.0,2.0,0.0,0.0,0.0
55099638013,-0.0,0.0,2.0,0.0,0.0,0.0
55148987953,-0.0,0.0,2.0,0.0,0.0,0.0
55199983263,-0.0,0.0,2.0,0.0,0.0,0.0
55252762907,-0.0,0.0,2.0,0.0,0.0,0.0
55298832253,-0.0,0.0,2.0,0.0,0.0,0.0
55348512433,-0.0,0.0,2.0,0.0,0.0,0.0
55398266798,-0.0,0.0,2.0,0.0,0.0,0.0
55448408571,-0.0,0.0,2.0,0.0,0.0,0.0
55499390640,-0.0,0.0,2.0,0.0,0.0,0.0
55548316283,-0.0,0.0,2.0,0.0,0.0,0.0
55598525019,-0.0,0.0,2.0,0.0,0.0,0.0
55648447607,-0.0,0.0,2.0,0.0,0.0,0.0
55698278935,-0.0,0.0,2.0,0.0,0.0,0.0
55750157671,-0.0,0.0,2.0,0.0,0.0,0.0
55798202925,-0.0,0.0,2.0,0.0,0.0,0.0
55851760292,-0.0,0.0,2.0,0.0,0.0,0.0
55903137935,-0.0,0.0,2.0,0.0,0.0,0.0
55948298689,-0.0,0.0,2.0,0.0,0.0,0.0
55998537110,-0.0,0.0,2.0,0.0,0.0,0.0
56048323790,-0.0,0.0,2.0,0.0,0.0,0.0
56098304618,-0.0,0.0,2.0,0.0,0.0,0.0
56150728670,-0.0,0.0,2.0,0.0,0.0,0.0
56198294609,-0.0,0.0,2.0,0.0,0.0,0.0
56249526937,-0.0,0.0,2.0,0.0,0.0,0.0
56298642932,-0.0,0.0,2.0,0.0,0.0,0.0
56348191427,-0.0,0.0,2.0,0.0,0.0,0.0
56400664349,-0.0,0.0,2.0,0.0,0.0,0.0
56448642566,-0.0,0.0,2.0,0.0,0.0,0.0
56498655709,-0.0,0.0,2.0,0.0,0.0,0.0
56550012834,-0.0,0.0,2.0,0.0,0.0,0.0
56598213829,-0.0,0.0,2.0,0.0,0.0,0.0
56649535658,-0.0,0.0,2.0,0.0,0.0,0.0
56700651616,-0.0,0.0,2.0,0.0,0.0,0.0
56748836704,-0.0,0.0,2.0,0.0,0.0,0.0
56799505106,-0.0,0.0,2.0,0.0,0.0,0.0
56848314120,-0.0,0.0,2.0,0.0,0.0,0.0
56898320948,-0.0,0.0,2.0,0.0,0.0,0.0
56949711074,-0.0,0.0,2.0,0.0,0.0,0.0
56998320217,-0.0,0.0,2.0,0.0,0.0,0.0
57050978528,-0.0,0.0,2.0,0.0,0.0,0.0
57100491986,-0.0,0.0,2.0,0.0,0.0,0.0
57148519091,-0.0,0.0,2.0,0.0,0.0,0.0
57200324476,-0.0,0.0,2.0,0.0,0.0,0.0
57248340174,-0.0,0.0,2.0,0.0,0.0,0.0
57298273114,-0.0,0.0,2.0,0.0,0.0,0.0
57351457555,-0.0,0.0,2.0,0.0,0.0,0.0
57398304364,-0.0,0.0,2.0,0.0,0.0,0.0
57449473878,-0.0,0.0,2.0,0.0,0.0,0.0
57499910133,-0.0,0.0,2.0,0.0,0.0,0.0
57548323905,-0.0,0.0,2.0,0.0,0.0,0.0
57599148549,-0.0,0.0,2.0,0.0,0.0,0.0
57648558544,-0.0,0.0,2.0,0.0,0.0,0.0
57698608058,-0.0,0.0,2.0,0.0,0.0,0.0
57750764239,-0.0,0.0,2.0,0.0,0.0,0.0
57798248178,-0.0,0.0,2.0,0.0,0.0,0.0
57851361211,-0.0,0.0,2.0,0.0,0.0,0.0
57898320613,-0.0,0.0,2.0,0.0,0.0,0.0
57948240868,-0.0,0.0,2.0,0.0,0.0,0.0
57999858530,-0.0,0.0,2.0,0.0,0.0,0.0
58048371970,-0.0,0.0,2.0,0.0,0.0,0.0
58099746687,-0.0,0.0,2.0,0.0,0.0,0.0
58148276164,-0.0,0.0,2.0,0.0,0.0,0.0
58198279067,-0.0,0.0,2.0,0.0,0.0,0.0
58253011119,-0.0,0.0,2.0,0.0,0.0,0.0
58298221946,-0.0,0.0,2.0,0.0,0.0,0.0
58348209979,-0.0,0.0,2.0,0.0,0.0,0.0
58400904419,-0.0,0.0,2.0,0.0,0.0,0.0
58448293488,-0.0,0.0,2.0,0.0,0.0,0.0
58499670187,-0.0,0.0,2.0,0.0,0.0,0.0
58548363016,-0.0,0.0,2.0,0.0,0.0,0.0
58599897511,-0.0,0.0,2.0,0.0,0.0,0.0
58654117082,-0.0,0.0,2.0,0.0,0.0,0.0
58698292983,-0.0,0.0,2.0,0.0,0.0,0.0
58748443201,-0.0,0.0,2.0,0.0,0.0,0.0
58798289548,-0.0,0.0,2.0,0.0,0.0,0.0
58848290155,-0.0,0.0,2.0,0.0,0.0,0.0
58899295595,-0.0,0.0,2.0,0.0,0.0,0.0
58948278201,-0.0,0.0,2.0,0.0,0.0,0.0
58998309178,-0.0,0.0,2.0,0.0,0.0,0.0
59052864490,-0.0,0.0,2.0,0.0,0.0,0.0
59098679465,-0.0,0.0,2.0,0.0,0.0,0.0
59148474128,-0.0,0.0,2.0,0.0,0.0,0.0
59198205067,-0.0,0.0,2.0,0.0,0.0,0.0
59248378452,-0.0,0.0,2.0,0.0,0.0,0.0
59302862208,-0.0,0.0,2.0,0.0,0.0,0.0
59348233332,-0.0,0.0,2.0,0.0,0.0,0.0
59399127846,-0.0,0.0,2.0,0.0,0.0,0.0
59449986008,-0.0,0.0,2.0,0.0,0.0,0.0
59498236059,-0.0,0.0,2.0,0.0,0.0,0.0
59551894555,-0.0,0.0,2.0,0.0,0.0,0.0
59598338698,-0.0,0.0,2.0,0.0,0.0,0.0
59650131990,-0.0,0.0,2.0,0.0,0.0,0.0
59700457541,-0.0,0.0,2.0,0.0,0.0,0.0
59748209407,-0.0,0.0,2.0,0.0,0.0,0.0
59798378087,-0.0,0.0,2.0,0.0,0.0,0.0
59849324009,-0.0,0.0,2.0,0.0,0.0,0.0
59898344597,-0.0,0.0,2.0,0.0,0.0,0.0
59948337944,-0.0,0.0,2.0,0.0,0.0,0.0
59998253940,-0.0,0.0,2.0,0.0,0.0,0.0
60048416898,-0.0,0.0,2.0,0.0,0.0,0.0
60099971246,-0.0,0.0,2.0,0.0,0.0,0.0
60148188445,7.0,0.0,1.0,0.0,0.0,0.0
60199282571,7.0,0.0,1.0,0.0,0.0,0.0
60248818455,7.0,0.0,1.0,0.0,0.0,0.0
60298084358,7.0,0.0,1.0,0.0,0.0,0.0
60349831335,7.0,0.0,1.0,0.0,0.0,0.0
60399021571,7.0,0.0,1.0,0.0,0.0,0.0
60450735382,7.0,0.0,1.0,0.0,0.0,0.0
60500230933,7.0,0.0,1.0,0.0,0.0,0.0
60548225780,7.0,0.0,1.0,0.0,0.0,0.0
60598604424,7.0,0.0,1.0,0.0,0.0,0.0
60648445697,7.0,0.0,1.0,0.0,0.0,0.0
60698228619,7.0,0.0,1.0,0.0,0.0,0.0
60748979966,7.0,0.0,1.0,0.0,0.0,0.0
60798285647,7.0,0.0,1.0,0.0,0.0,0.0
60849309384,7.0,0.0,1.0,0.0,0.0,0.0
60898882231,7.0,0.0,1.0,0.0,0.0,0.0
60948100708,7.0,0.0,1.0,0.0,0.0,0.0
61000796334,7.0,0.0,1.0,0.0,0.0,0.0
61048399625,7.0,0.0,1.0,0.0,0.0,0.0
61098357325,7.0,0.0,1.0,0.0,0.0,0.0
61150128228,7.0,0.0,1.0,0.0,0.0,0.0
61198245909,7.0,0.0,1.0,0.0,0.0,0.0
61248669497,7.0,0.0,1.0,0.0,0.0,0.0
61298257992,7.0,0.0,1.0,0.0,0.0,0.0
61348257284,7.0,0.0,1.0,0.0,0.0,0.0
61401068781,7.0,0.0,1.0,0.0,0.0,0.0
61448487683,7.0,0.0,1.0,0.0,0.0,0.0
61499127123,7.0,0.0,1.0,0.0,0.0,0.0
61548311230,7.0,0.0,1.0,0.0,0.0,0.0
61598671818,7.0,0.0,1.0,0.0,0.0,0.0
61653223667,7.0,0.0,1.0,0.0,0.0,0.0
61698352273,7.0,0.0,1.0,0.0,0.0,0.0
61749755362,7.0,0.0,1.0,0.0,0.0,0.0
61803052229,7.0,0.0,1.0,0.0,0.0,0.0
61848371612,7.0,0.0,1.0,0.0,0.0,0.0
61898398774,7.0,0.0,1.0,0.0,0.0,0.0
61948244252,7.0,0.0,1.0,0.0,0.0,0.0
61998633284,7.0,0.0,1.0,0.0,0.0,0.0
62050340966,7.0,0.0,1.0,0.0,0.0,0.0
62098200739,7.0,0.0,1.0,0.0,0.0,0.0
62148851642,7.0,0.0,1.0,0.0,0.0,0.0
62198251064,7.0,0.0,1.0,0.0,0.0,0.0
62249100467,7.0,0.0,1.0,0.0,0.0,0.0
62300256797,7.0,0.0,1.0,0.0,0.0,0.0
62348446162,7.0,0.0,1.0,0.0,0.0,0.0
62398966195,7.0,0.0,1.0,0.0,0.0,0.0
62448442228,7.0,0.0,1.0,0.0,0.0,0.0
62498249279,7.0,0.0,1.0,0.0,0.0,0.0
62548480145,7.0,0.0,1.0,0.0,0.0,0.0
62598269567,7.0,0.0,1.0,0.0,0.0,0.0
62648406248,7.0,0.0,1.0,0.0,0.0,0.0
62699961929,7.0,0.0,1.0,0.0,0.0,0.0
62748190740,7.0,0.0,1.0,0.0,0.0,0.0
62799832032,7.0,0.0,1.0,0.0,0.0,0.0
62852659177,7.0,0.0,1.0,0.0,0.0,0.0
62898319783,7.0,0.0,1.0,0.0,0.0,0.0
62949619538,7.0,0.0,1.0,0.0,0.0,0.0
62998238145,7.0,0.0,1.0,0.0,0.0,0.0
63050726456,7.0,0.0,1.0,0.0,0.0,0.0
63098239840,7.0,0.0,1.0,0.0,0.0,0.0
63148258484,7.0,0.0,1.0,0.0,0.0,0.0
63200140555,7.0,0.0,1.0,0.0,0.0,0.0
63248522532,7.0,0.0,1.0,0.0,0.0,0.0
63298229565,7.0,0.0,1.0,0.0,0.0,0.0
63351215487,7.0,0.0,1.0,0.0,0.0,0.0
63398223482,7.0,0.0,1.0,0.0,0.0,0.0
63449350053,7.0,0.0,1.0,0.0,0.0,0.0
63498794993,7.0,0.0,1.0,0.0,0.0,0.0
63548477785,7.0,0.0,1.0,0.0,0.0,0.0
63600187818,7.0,0.0,1.0,0.0,0.0,0.0
63648535314,7.0,0.0,1.0,0.0,0.0,0.0
63698383717,7.0,0.0,1.0,0.0,0.0,0.0
63748734787,7.0,0.0,1.0,0.0,0.0,0.0
63798402876,7.0,0.0,1.0,0.0,0.0,0.0
63849329279,7.0,0.0,1.0,0.0,0.0,0.0
63898407460,7.0,0.0,1.0,0.0,0.0,0.0
63948847790,7.0,0.0,1.0,0.0,0.0,0.0
63998214656,7.0,0.0,1.0,0.0,0.0,0.0
64048451615,7.0,0.0,1.0,0.0,0.0,0.0
64102457667,7.0,0.0,1.0,0.0,0.0,0.0
64148550440,7.0,0.0,1.0,0.0,0.0,0.0
64199796714,7.0,0.0,1.0,0.0,0.0,0.0
64250561192,7.0,0.0,1.0,0.0,0.0,0.0
64298258095,7.0,0.0,1.0,0.0,0.0,0.0
64348354350,7.0,0.0,1.0,0.0,0.0,0.0
64398237975,7.0,0.0,1.0,0.0,0.0,0.0
64448544286,7.0,0.0,1.0,0.0,0.0,0.0
64499725338,7.0,0.0,1.0,0.0,0.0,0.0
64548175260,7.0,0.0,1.0,0.0,0.0,0.0
64598341811,7.0,0.0,1.0,0.0,0.0,0.0
64648397455,7.0,0.0,1.0,0.0,0.0,0.0
64698217859,7.0,0.0,1.0,0.0,0.0,0.0
64749755115,7.0,0.0,1.0,0.0,0.0,0.0
64798319555,7.0,0.0,1.0,0.0,0.0,0.0
64848947199,-0.0,0.0,2.0,0.0,0.0,0.0
64900037492,-0.0,0.0,2.0,0.0,0.0,0.0
64948230784,-0.0,0.0,2.0,0.0,0.0,0.0
64998542835,-0.0,0.0,2.0,0.0,0.0,0.0
65048918424,-0.0,0.0,2.0,0.0,0.0,0.0
65098472939,-0.0,0.0,2.0,0.0,0.0,0.0
65149658231,-0.0,0.0,2.0,0.0,0.0,0.0
65198234801,-0.0,0.0,2.0,0.0,0.0,0.0
65248968946,-0.0,0.0,2.0,0.0,0.0,0.0
65299098145,7.2,0.0,1.0,0.0,0.0,0.0
65348249364,7.2,0.0,1.0,0.0,0.0,0.0
65402698972,7.2,0.0,1.0,0.0,0.0,0.0
65448720560,7.2,0.0,1.0,0.0,0.0,0.0
65500110408,7.2,0.0,1.0,0.0,0.0,0.0
65552154053,-0.0,0.0,2.0,0.0,0.0,0.0
65598233270,-0.0,0.0,2.0,0.0,0.0,0.0
65649121951,-0.0,0.0,2.0,0.0,0.0,0.0
65698221707,-0.0,0.0,2.0,0.0,0.0,0.0
65748262629,-0.0,0.0,2.0,0.0,0.0,0.0
65799570181,-0.0,0.0,2.0,0.0,0.0,0.0
65848493195,-0.0,0.0,2.0,0.0,0.0,0.0
65900138433,-0.0,0.0,2.0,0.0,0.0,0.0
65948262576,-0.0,0.0,2.0,0.0,0.0,0.0
65998300128,-0.0,0.0,2.0,0.0,0.0,0.0
66049242032,-0.0,0.0,2.0,0.0,0.0,0.0
66098442343,-0.0,0.0,2.0,0.0,0.0,0.0
66149703914,-0.0,0.0,2.0,0.0,0.0,0.0
66198286354,-0.0,0.0,2.0,0.0,0.0,0.0
66248529572,0.0,0.0,0.0,0.0,0.0,0.0
66302823736,0.0,0.0,0.0,0.0,0.0,0.0
66348363268,0.0,0.0,0.0,0.0,0.0,0.0
66398994320,0.0,0.0,0.0,0.0,0.0,0.0
66448958705,0.0,0.0,0.0,0.0,0.0,0.0
66498366923,0.0,0.0,0.0,0.0,0.0,0.0
66554212458,0.0,0.0,0.0,0.0,0.0,0.0
66598193379,0.0,0.0,0.0,0.0,0.0,0.0
66650334746,0.0,0.0,0.0,0.0,0.0,0.0
66702096984,0.0,0.0,0.0,0.0,0.0,0.0
66748207349,0.0,0.0,0.0,0.0,0.0,0.0
66799396790,0.0,0.0,0.0,0.0,0.0,0.0
66848665786,0.0,0.0,0.0,0.0,0.0,0.0
66899059116,0.0,0.0,0.0,0.0,0.0,0.0
66951874872,0.0,0.0,0.0,0.0,0.0,0.0
66998255979,0.0,0.0,0.0,0.0,0.0,0.0
67049748290,0.0,0.0,0.0,0.0,0.0,0.0
67098215249,0.0,0.0,0.0,0.0,0.0,0.0
67148214838,0.0,0.0,0.0,0.0,0.0,0.0
67200049464,0.0,0.0,0.0,0.0,0.0,0.0
67248527238,0.0,0.0,0.0,0.0,0.0,0.0
67299126031,0.0,0.0,0.0,0.0,0.0,0.0
67348609416,0.0,0.0,0.0,0.0,0.0,0.0
67398505468,0.0,0.0,0.0,0.0,0.0,0.0
67450531687,0.0,0.0,0.0,0.0,0.0,0.0
67498273553,0.0,0.0,0.0,0.0,0.0,0.0
67548443901,0.0,0.0,0.0,0.0,0.0,0.0
67601240231,0.0,0.0,0.0,0.0,0.0,0.0
67648893746,0.0,0.0,0.0,0.0,0.0,0.0
67698812872,0.0,0.0,0.0,0.0,0.0,0.0
67748206423,0.0,0.0,0.0,0.0,0.0,0.0
67798229216,0.0,0.0,0.0,0.0,0.0,0.0
67849773880,0.0,0.0,0.0,0.0,0.0,0.0
67898314875,0.0,0.0,0.0,0.0,0.0,0.0
67949915261,0.0,0.0,0.0,0.0,0.0,0.0
68000128369,0.0,0.0,0.0,0.0,0.0,0.0
68048668402,0.0,0.0,0.0,0.0,0.0,0.0
68100568010,0.0,0.0,0.0,0.0,0.0,0.0
68148250080,0.0,0.0,0.0,0.0,0.0,0.0
68198277428,0.0,0.0,0.0,0.0,0.0,0.0
68250844666,0.0,0.0,0.0,0.0,0.0,0.0
68299212662,0.0,0.0,0.0,0.0,0.0,0.0
68349663880,0.0,0.0,0.0,0.0,0.0,0.0
68398182006,0.0,0.0,0.0,0.0,0.0,0.0
68448888651,0.0,0.0,0.0,0.0,0.0,0.0
68501161815,0.0,0.0,0.0,0.0,0.0,0.0
68548373625,0.0,0.0,0.0,0.0,0.0,0.0
68599391177,0.0,0.0,0.0,0.0,0.0,0.0
68655543694,0.0,0.0,0.0,0.0,0.0,0.0
68698461170,0.0,0.0,0.0,0.0,0.0,0.0
68748491648,0.0,0.0,0.0,0.0,0.0,0.0
68798291422,0.0,0.0,0.0,0.0,0.0,0.0
68848478733,0.0,0.0,0.0,0.0,0.0,0.0
68900787953,0.0,0.0,0.0,0.0,0.0,0.0
68948443967,0.0,0.0,0.0,0.0,0.0,0.0
68999935334,0.0,0.0,0.0,0.0,0.0,0.0
69051067313,0.0,0.0,0.0,0.0,0.0,0.0
69098236068,0.0,0.0,0.0,0.0,0.0,0.0
69149626620,0.0,0.0,0.0,0.0,0.0,0.0
69198885802,0.0,0.0,0.0,0.0,0.0,0.0
69248346020,0.0,0.0,0.0,0.0,0.0,0.0
69303743481,0.0,0.0,0.0,0.0,0.0,0.0
69348535402,0.0,0.0,0.0,0.0,0.0,0.0
69399970732,0.0,0.0,0.0,0.0,0.0,0.0
69454878138,0.0,0.0,0.0,0.0,0.0,0.0
69498233836,0.0,0.0,0.0,0.0,0.0,0.0
69548384962,0.0,0.0,0.0,0.0,0.0,0.0
69598439348,0.0,0.0,0.0,0.0,0.0,0.0
69648767289,0.0,0.0,0.0,0.0,0.0,0.0
69699932508,0.0,0.0,0.0,0.0,0.0,0.0
69748194448,0.0,0.0,0.0,0.0,0.0,0.0
69799074408,0.0,0.0,0.0,0.0,0.0,0.0
69852608017,0.0,0.0,0.0,0.0,0.0,0.0
69898186253,0.0,0.0,0.0,0.0,0.0,0.0
69950350824,0.0,0.0,0.0,0.0,0.0,0.0
69998208098,0.0,0.0,0.0,0.0,0.0,0.0
70048814576,0.0,0.0,0.0,0.0,0.0,0.0
70100002684,0.0,0.0,0.0,0.0,0.0,0.0
70148252088,0.0,0.0,0.0,0.0,0.0,0.0
70199442474,0.0,0.0,0.0,0.0,0.0,0.0
70249849082,0.0,0.0,0.0,0.0,0.0,0.0
70299148115,0.0,0.0,0.0,0.0,0.0,0.0
70348201908,0.0,0.0,0.0,0.0,0.0,0.0
70398208312,0.0,0.0,0.0,0.0,0.0,0.0
70453832588,0.0,0.0,0.0,0.0,0.0,0.0
70498672231,0.0,0.0,0.0,0.0,0.0,0.0
70548425098,0.0,0.0,0.0,0.0,0.0,0.0
70598809632,0.0,0.0,0.0,0.0,0.0,0.0
70648523184,0.0,0.0,0.0,0.0,0.0,0.0
70699018662,0.0,0.0,0.0,0.0,0.0,0.0
70748387455,0.0,0.0,0.0,0.0,0.0,0.0
70799404785,0.0,0.0,0.0,0.0,0.0,0.0
70853003320,0.0,0.0,0.0,0.0,0.0,0.0
70898212037,0.0,0.0,0.0,0.0,0.0,0.0
70948958238,0.0,0.0,0.0,0.0,0.0,0.0
70998455235,0.0,0.0,0.0,0.0,0.0,0.0
71049845454,0.0,0.0,0.0,0.0,0.0,0.0
71099949303,0.0,0.0,0.0,0.0,0.0,0.0
71149013669,0.0,0.0,0.0,0.0,0.0,0.0
71199804037,0.0,0.0,0.0,0.0,0.0,0.0
71250337756,0.0,0.0,0.0,0.0,0.0,0.0
71298293400,0.0,0.0,0.0,0.0,0.0,0.0
71349154675,0.0,0.0,0.0,0.0,0.0,0.0
71398297097,0.0,0.0,0.0,0.0,0.0,0.0
71448602631,0.0,0.0,0.0,0.0,0.0,0.0
71499606369,0.0,0.0,0.0,0.0,0.0,0.0
71548225902,0.0,0.0,0.0,0.0,0.0,0.0
71599476214,0.0,0.0,0.0,0.0,0.0,0.0
71649433229,0.0,0.0,0.0,0.0,0.0,0.0
71698228670,0.0,0.0,0.0,0.0,0.0,0.0
71752355261,0.0,0.0,0.0,0.0,0.0,0.0
71798265497,0.0,0.0,0.0,0.0,0.0,0.0
71851316532,0.0,0.0,0.0,0.0,0.0,0.0
71898818639,0.0,0.0,0.0,0.0,0.0,0.0
71948785080,0.0,0.0,0.0,0.0,0.0,0.0
72000468096,0.0,0.0,0.0,0.0,0.0,0.0
72049021815,0.0,0.0,0.0,0.0,0.0,0.0
72098552626,0.0,0.0,0.0,0.0,0.0,0.0
72148565086,0.0,0.0,0.0,0.0,0.0,0.0
72198039305,0.0,0.0,0.0,0.0,0.0,0.0
72250376913,0.0,0.0,0.0,0.0,0.0,0.0
72302102652,0.0,0.0,0.0,0.0,0.0,0.0
72348327388,0.0,0.0,0.0,0.0,0.0,0.0
72398237181,0.0,0.0,0.0,0.0,0.0,0.0
72448937789,0.0,0.0,0.0,0.0,0.0,0.0
72498571304,0.0,0.0,0.0,0.0,0.0,0.0
72550664672,0.0,0.0,0.0,0.0,0.0,0.0
72598215631,0.0,0.0,0.0,0.0,0.0,0.0
72649823054,0.0,0.0,0.0,0.0,0.0,0.0
72698149477,0.0,0.0,0.0,0.0,0.0,0.0
72748226770,0.0,0.0,0.0,0.0,0.0,0.0
72800517601,0.0,0.0,0.0,0.0,0.0,0.0
72848854671,0.0,0.0,0.0,0.0,0.0,0.0
72898249650,0.0,0.0,0.0,0.0,0.0,0.0
72948183850,0.0,0.0,0.0,0.0,0.0,0.0
72998491329,0.0,0.0,0.0,0.0,0.0,0.0
73054446365,0.0,0.0,0.0,0.0,0.0,0.0
73098434878,0.0,0.0,0.0,0.0,0.0,0.0
73148605208,0.0,0.0,0.0,0.0,0.0,0.0
73200653428,0.0,0.0,0.0,0.0,0.0,0.0
73248980813,0.0,0.0,0.0,0.0,0.0,0.0
73298300514,0.0,0.0,0.0,0.0,0.0,0.0
73348228011,0.0,0.0,0.0,0.0,0.0,0.0
73398377711,0.0,0.0,0.0,0.0,0.0,0.0
73450160839,0.0,0.0,0.0,0.0,0.0,0.0
73498222298,0.0,0.0,0.0,0.0,0.0,0.0
73548559313,0.0,0.0,0.0,0.0,0.0,0.0
73598352866,0.0,0.0,0.0,0.0,0.0,0.0
73649328604,0.0,0.0,0.0,0.0,0.0,0.0
73700375323,0.0,0.0,0.0,0.0,0.0,0.0
73749081116,0.0,0.0,0.0,0.0,0.0,0.0
73798871669,0.0,0.0,0.0,0.0,0.0,0.0
73848944721,0.0,0.0,0.0,0.0,0.0,0.0
73898409589,0.0,0.0,0.0,0.0,0.0,0.0
73950864605,0.0,0.0,0.0,0.0,0.0,0.0
73998674231,0.0,0.0,0.0,0.0,0.0,0.0
74049813006,0.0,0.0,0.0,0.0,0.0,0.0
74098246169,0.0,0.0,0.0,0.0,0.0,0.0
74148337333,0.0,0.0,0.0,0.0,0.0,0.0
74203086165,0.0,0.0,0.0,0.0,0.0,0.0
74249285531,0.0,0.0,0.0,0.0,0.0,0.0
74299575639,0.0,0.0,0.0,0.0,0.0,0.0
74350030099,0.0,0.0,0.0,0.0,0.0,0.0
74398282299,0.0,0.0,0.0,0.0,0.0,0.0
74449726852,0.0,0.0,0.0,0.0,0.0,0.0
74498319219,0.0,0.0,0.0,0.0,0.0,0.0
74548256124,0.0,0.0,0.0,0.0,0.0,0.0
74599943325,0.0,0.0,0.0,0.0,0.0,0.0
74649358377,0.0,0.0,0.0,0.0,0.0,0.0
74698289337,0.0,0.0,0.0,0.0,0.0,0.0
74748288982,0.0,0.0,0.0,0.0,0.0,0.0
74798712887,0.0,0.0,0.0,0.0,0.0,0.0
74852488515,0.0,0.0,0.0,0.0,0.0,0.0
74898378289,0.0,0.0,0.0,0.0,0.0,0.0
74951853416,0.0,0.0,0.0,0.0,0.0,0.0
75000509747,0.0,0.0,0.0,0.0,0.0,0.0
75049123539,0.0,0.0,0.0,0.0,0.0,0.0
75098360203,0.0,0.0,0.0,0.0,0.0,0.0
75148259700,0.0,0.0,0.0,0.0,0.0,0.0
75198278234,0.0,0.0,0.0,0.0,0.0,0.0
75251147547,0.0,0.0,0.0,0.0,0.0,0.0
75298288580,0.0,0.0,0.0,0.0,0.0,0.0
75349152318,0.0,0.0,0.0,0.0,0.0,0.0
75398781167,0.0,0.0,0.0,0.0,0.0,0.0
75448985035,0.0,0.0,0.0,0.0,0.0,0.0
75499247810,0.0,0.0,0.0,0.0,0.0,0.0
75548298603,0.0,0.0,0.0,0.0,0.0,0.0
75600198249,0.0,0.0,0.0,0.0,0.0,0.0
75649910487,0.0,0.0,0.0,0.0,0.0,0.0
75698308076,0.0,0.0,0.0,0.0,0.0,0.0
75748411758,0.0,0.0,0.0,0.0,0.0,0.0
75798293422,0.0,0.0,0.0,0.0,0.0,0.0
75849455124,0.0,0.0,0.0,0.0,0.0,0.0
75899413084,0.0,0.0,0.0,0.0,0.0,0.0
75948215432,0.0,0.0,0.0,0.0,0.0,0.0
75999759004,0.0,0.0,0.0,0.0,0.0,0.0
76048943501,0.0,0.0,0.0,0.0,0.0,0.0
76098477072,0.0,0.0,0.0,0.0,0.0,0.0
76149756755,0.0,0.0,0.0,0.0,0.0,0.0
76198390826,0.0,0.0,0.0,0.0,0.0,0.0
76252363362,0.0,0.0,0.0,0.0,0.0,0.0
76301243488,0.0,0.0,0.0,0.0,0.0,0.0
76348683614,0.0,0.0,0.0,0.0,0.0,0.0
76400253667,0.0,0.0,0.0,0.0,0.0,0.0
76449119016,0.0,0.0,0.0,0.0,0.0,0.0
76498738235,0.0,0.0,0.0,0.0,0.0,0.0
76551277344,0.0,0.0,0.0,0.0,0.0,0.0
76598903378,0.0,0.0,0.0,0.0,0.0,0.0
76648952486,0.0,0.0,0.0,0.0,0.0,0.0
76698252706,0.0,0.0,0.0,0.0,0.0,0.0
76748238166,0.0,0.0,0.0,0.0,0.0,0.0
76802035479,0.0,0.0,0.0,0.0,0.0,0.0
76849758235,0.0,0.0,0.0,0.0,0.0,0.0
76900383029,0.0,0.0,0.0,0.0,0.0,0.0
76951791897,0.0,0.0,0.0,0.0,0.0,0.0
76998248227,0.0,0.0,0.0,0.0,0.0,0.0
77049688928,0.0,0.0,0.0,0.0,0.0,0.0
77098855259,0.0,0.0,0.0,0.0,0.0,0.0
77148209441,0.0,0.0,0.0,0.0,0.0,0.0
77199411920,0.0,0.0,0.0,0.0,0.0,0.0
77249004139,0.0,0.0,0.0,0.0,0.0,0.0
77298706322,0.0,0.0,0.0,0.0,0.0,0.0
77348232449,0.0,0.0,0.0,0.0,0.0,0.0
77398208372,0.0,0.0,0.0,0.0,0.0,0.0
77454733556,0.0,0.0,0.0,0.0,0.0,0.0
77498540607,0.0,0.0,0.0,0.0,0.0,0.0
77551648291,0.0,0.0,0.0,0.0,0.0,0.0
77600212658,0.0,0.0,0.0,0.0,0.0,0.0
77649078600,0.0,0.0,0.0,0.0,0.0,0.0
77698307152,0.0,0.0,0.0,0.0,0.0,0.0
77748269205,0.0,0.0,0.0,0.0,0.0,0.0
77798364777,0.0,0.0,0.0,0.0,0.0,0.0
77850834645,0.0,0.0,0.0,0.0,0.0,0.0
77898366512,0.0,0.0,0.0,0.0,0.0,0.0
77948356417,0.0,0.0,0.0,0.0,0.0,0.0
77998193655,0.0,0.0,0.0,0.0,0.0,0.0
78048466116,0.0,0.0,0.0,0.0,0.0,0.0
78099306299,0.0,0.0,0.0,0.0,0.0,0.0
78148253722,0.0,0.0,0.0,0.0,0.0,0.0
78200160386,0.0,0.0,0.0,0.0,0.0,0.0
78252074829,0.0,0.0,0.0,0.0,0.0,0.0
78298299029,0.0,0.0,0.0,0.0,0.0,0.0
78348337026,0.0,0.0,0.0,0.0,0.0,0.0
78398915394,0.0,0.0,0.0,0.0,0.0,0.0
78449731818,0.0,0.0,0.0,0.0,0.0,0.0
78499352815,0.0,0.0,0.0,0.0,0.0,0.0
78548205275,0.0,0.0,0.0,0.0,0.0,0.0
78598445050,0.0,0.0,0.0,0.0,0.0,0.0
78649021530,0.0,0.0,0.0,0.0,0.0,0.0
78698465953,0.0,0.0,0.0,0.0,0.0,0.0
78750750173,0.0,0.0,0.0,0.0,0.0,0.0
78798878633,0.0,0.0,0.0,0.0,0.0,0.0
78851282280,0.0,0.0,0.0,0.0,0.0,0.0
78901168944,0.0,0.0,0.0,0.0,0.0,0.0
78948239477,0.0,0.0,0.0,0.0,0.0,0.0
78998336105,0.0,0.0,0.0,0.0,0.0,0.0
79048976973,0.0,0.0,0.0,0.0,0.0,0.0
79098247674,0.0,0.0,0.0,0.0,0.0,0.0
79149068783,0.0,0.0,0.0,0.0,0.0,0.0
79198193910,0.0,0.0,0.0,0.0,0.0,0.0
79250067334,0.0,0.0,0.0,0.0,0.0,0.0
79298218775,0.0,0.0,0.0,0.0,0.0,0.0
79348864680,0.0,0.0,0.0,0.0,0.0,0.0
79400759604,0.0,0.0,0.0,0.0,0.0,0.0
79449867972,0.0,0.0,0.0,0.0,0.0,0.0
79500070414,0.0,0.0,0.0,0.0,0.0,0.0
79551341782,0.0,0.0,0.0,0.0,0.0,0.0
79598260371,0.0,0.0,0.0,0.0,0.0,0.0
79650524203,0.0,0.0,0.0,0.0,0.0,0.0
79698325459,0.0,0.0,0.0,0.0,0.0,0.0
79748713549,0.0,0.0,0.0,0.0,0.0,0.0
79800340548,0.0,0.0,0.0,0.0,0.0,0.0
79849127211,0.0,0.0,0.0,0.0,0.0,0.0
79900359469,0.0,0.0,0.0,0.0,0.0,0.0
79948183132,0.0,0.0,0.0,0.0,0.0,0.0
79998286445,0.0,0.0,0.0,0.0,0.0,0.0
80052538018,0.0,0.0,0.0,0.0,0.0,0.0
80098140607,0.0,0.0,0.0,0.0,0.0,0.0
80150916105,0.0,0.0,0.0,0.0,0.0,0.0
80198255732,0.0,0.0,0.0,0.0,0.0,0.0
80248528470,0.0,0.0,0.0,0.0,0.0,0.0
80301648043,0.0,0.0,0.0,0.0,0.0,0.0
80348382076,0.0,0.0,0.0,0.0,0.0,0.0
80398985796,0.0,0.0,0.0,0.0,0.0,0.0
80451342424,0.0,0.0,0.0,0.0,0.0,0.0
80498199791,0.0,0.0,0.0,0.0,0.0,0.0
80551408938,0.0,0.0,0.0,0.0,0.0,0.0
80598380490,0.0,0.0,0.0,0.0,0.0,0.0
80649151025,0.0,0.0,0.0,0.0,0.0,0.0
80699688375,0.0,0.0,0.0,0.0,0.0,0.0
80748418076,0.0,0.0,0.0,0.0,0.0,0.0
80800140852,0.0,0.0,0.0,0.0,0.0,0.0
80849030072,0.0,0.0,0.0,0.0,0.0,0.0
80898122162,0.0,0.0,0.0,0.0,0.0,0.0
80948865215,0.0,0.0,0.0,0.0,0.0,0.0
80998188824,0.0,0.0,0.0,0.0,0.0,0.0
81048619563,0.0,0.0,0.0,0.0,0.0,0.0
81098107653,0.0,0.0,0.0,0.0,0.0,0.0
81148236373,0.0,0.0,0.0,0.0,0.0,0.0
81200650501,0.0,0.0,0.0,0.0,0.0,0.0
81250652517,0.0,0.0,0.0,0.0,0.0,0.0
81299695348,0.0,0.0,0.0,0.0,0.0,0.0
81351118513,0.0,0.0,0.0,0.0,0.0,0.0
81398129510,0.0,0.0,0.0,0.0,0.0,0.0
81449017896,0.0,0.0,0.0,0.0,0.0,0.0
81498094820,0.0,0.0,0.0,0.0,0.0,0.0
81548114725,0.0,0.0,0.0,0.0,0.0,0.0
81600421909,0.0,0.0,0.0,0.0,0.0,0.0
81648875276,0.0,0.0,0.0,0.0,0.0,0.0
81698477070,0.0,0.0,0.0,0.0,0.0,0.0
81748734494,0.0,0.0,0.0,0.0,0.0,0.0
81798225603,0.0,0.0,0.0,0.0,0.0,0.0
81851909769,0.0,0.0,0.0,0.0,0.0,0.0
81898524728,0.0,0.0,0.0,0.0,0.0,0.0
81949540615,0.0,0.0,0.0,0.0,0.0,0.0
81999497909,0.0,0.0,0.0,0.0,0.0,0.0
82049118278,0.0,0.0,0.0,0.0,0.0,0.0
82098427090,0.0,0.0,0.0,0.0,0.0,0.0
82148342551,0.0,0.0,0.0,0.0,0.0,0.0
82198306586,0.0,0.0,0.0,0.0,0.0,0.0
82251507566,0.0,0.0,0.0,0.0,0.0,0.0
82298200840,0.0,0.0,0.0,0.0,0.0,0.0
82348346023,0.0,0.0,0.0,0.0,0.0,0.0
82398235614,0.0,0.0,0.0,0.0,0.0,0.0
82448751779,0.0,0.0,0.0,0.0,0.0,0.0
82503440259,0.0,0.0,0.0,0.0,0.0,0.0
82548654737,0.0,0.0,0.0,0.0,0.0,0.0
82600472995,0.0,0.0,0.0,0.0,0.0,0.0
82650458548,0.0,0.0,0.0,0.0,0.0,0.0
82698298620,0.0,0.0,0.0,0.0,0.0,0.0
82748500951,0.0,0.0,0.0,0.0,0.0,0.0
82798235986,0.0,0.0,0.0,0.0,0.0,0.0
82848721873,0.0,0.0,0.0,0.0,0.0,0.0
82900000982,0.0,0.0,0.0,0.0,0.0,0.0
82949794369,0.0,0.0,0.0,0.0,0.0,0.0
82999837682,0.0,0.0,0.0,0.0,0.0,0.0
83051543514,0.0,0.0,0.0,0.0,0.0,0.0
83098198751,0.0,0.0,0.0,0.0,0.0,0.0
83148562490,0.0,0.0,0.0,0.0,0.0,0.0
83198157617,0.0,0.0,0.0,0.0,0.0,0.0
83249867171,0.0,0.0,0.0,0.0,0.0,0.0
83299432558,0.0,0.0,0.0,0.0,0.0,0.0
83348708963,0.0,0.0,0.0,0.0,0.0,0.0
83398619424,0.0,0.0,0.0,0.0,0.0,0.0
83449719830,0.0,0.0,0.0,0.0,0.0,0.0
83498287086,0.0,0.0,0.0,0.0,0.0,0.0
83549291288,0.0,0.0,0.0,0.0,0.0,0.0
83598486323,0.0,0.0,0.0,0.0,0.0,0.0
83650230229,0.0,0.0,0.0,0.0,0.0,0.0
83701457153,0.0,0.0,0.0,0.0,0.0,0.0
83748167854,0.0,0.0,0.0,0.0,0.0,0.0
83798533093,0.0,0.0,0.0,0.0,0.0,0.0
83851838407,0.0,0.0,0.0,0.0,0.0,0.0
83898229978,0.0,0.0,0.0,0.0,0.0,0.0
83948777661,0.0,0.0,0.0,0.0,0.0,0.0
83998316104,0.0,0.0,0.0,0.0,0.0,0.0
84050416102,0.0,0.0,0.0,0.0,0.0,0.0
84100213860,0.0,0.0,0.0,0.0,0.0,0.0
84148238783,0.0,0.0,0.0,0.0,0.0,0.0
84198301077,0.0,0.0,0.0,0.0,0.0,0.0
84249282094,0.0,0.0,0.0,0.0,0.0,0.0
84298203944,0.0,0.0,0.0,0.0,0.0,0.0
84352152073,0.0,0.0,0.0,0.0,0.0,0.0
84398297977,0.0,0.0,0.0,0.0,0.0,0.0
84454172143,0.0,0.0,0.0,0.0,0.0,0.0
84498491232,0.0,0.0,0.0,0.0,0.0,0.0
84548931193,0.0,0.0,0.0,0.0,0.0,0.0
84599412506,0.0,0.0,0.0,0.0,0.0,0.0
84648613282,0.0,0.0,0.0,0.0,0.0,0.0
84701231262,0.0,0.0,0.0,0.0,0.0,0.0
84748668852,0.0,0.0,0.0,0.0,0.0,0.0
84799069017,0.0,0.0,0.0,0.0,0.0,0.0
84848398497,0.0,0.0,0.0,0.0,0.0,0.0
84898537661,0.0,0.0,0.0,0.0,0.0,0.0
84950426382,0.0,0.0,0.0,0.0,0.0,0.0
84998759343,0.0,0.0,0.0,0.0,0.0,0.0
85050546860,0.0,0.0,0.0,0.0,0.0,0.0
85098414784,0.0,0.0,0.0,0.0,0.0,0.0
85148365559,0.0,0.0,0.0,0.0,0.0,0.0
85199537391,0.0,0.0,0.0,0.0,0.0,0.0
85249651519,0.0,0.0,0.0,0.0,0.0,0.0
85298535813,0.0,0.0,0.0,0.0,0.0,0.0
85348303219,0.0,0.0,0.0,0.0,0.0,0.0
85398390402,0.0,0.0,0.0,0.0,0.0,0.0
85449994345,0.0,0.0,0.0,0.0,0.0,0.0
85498221380,0.0,0.0,0.0,0.0,0.0,0.0
85550735360,0.0,0.0,0.0,0.0,0.0,0.0
85598180987,0.0,0.0,0.0,0.0,0.0,0.0
85648473004,0.0,0.0,0.0,0.0,0.0,0.0
85700328799,0.0,0.0,0.0,0.0,0.0,0.0
85748482408,0.0,0.0,0.0,0.0,0.0,0.0
85800271832,0.0,0.0,0.0,0.0,0.0,0.0
85850299423,0.0,0.0,0.0,0.0,0.0,0.0
85898299736,0.0,0.0,0.0,0.0,0.0,0.0
85948530586,0.0,0.0,0.0,0.0,0.0,0.0
85998311214,0.0,0.0,0.0,0.0,0.0,0.0
86048401471,0.0,0.0,0.0,0.0,0.0,0.0
86098340395,0.0,0.0,0.0,0.0,0.0,0.0
86148559449,0.0,0.0,0.0,0.0,0.0,0.0
86198470281,0.0,0.0,0.0,0.0,0.0,0.0
86249135538,0.0,0.0,0.0,0.0,0.0,0.0
86298185018,0.0,0.0,0.0,0.0,0.0,0.0
86352820943,0.0,0.0,0.0,0.0,0.0,0.0
86398372829,0.0,0.0,0.0,0.0,0.0,0.0
86450712791,0.0,0.0,0.0,0.0,0.0,0.0
86500770123,0.0,0.0,0.0,0.0,0.0,0.0
86548193416,0.0,0.0,0.0,0.0,0.0,0.0
86598624655,0.0,0.0,0.0,0.0,0.0,0.0
86648482580,0.0,0.0,0.0,0.0,0.0,0.0
86698621337,0.0,0.0,0.0,0.0,0.0,0.0
86750005966,0.0,0.0,0.0,0.0,0.0,0.0
86798088093,0.0,0.0,0.0,0.0,0.0,0.0
86849490258,0.0,0.0,0.0,0.0,0.0,0.0
86898225238,0.0,0.0,0.0,0.0,0.0,0.0
86948144051,0.0,0.0,0.0,0.0,0.0,0.0
87002024440,0.0,0.0,0.0,0.0,0.0,0.0
87048366418,0.0,0.0,0.0,0.0,0.0,0.0
87100127954,0.0,0.0,0.0,0.0,0.0,0.0
87150392490,0.0,0.0,0.0,0.0,0.0,0.0
87198136617,0.0,0.0,0.0,0.0,0.0,0.0
87248540523,0.0,0.0,0.0,0.0,0.0,0.0
87298136910,0.0,0.0,0.0,0.0,0.0,0.0
87348130371,0.0,0.0,0.0,0.0,0.0,0.0
87399423962,0.0,0.0,0.0,0.0,0.0,0.0
87448093034,0.0,0.0,0.0,0.0,0.0,0.0
87499857052,0.0,0.0,0.0,0.0,0.0,0.0
87548152327,0.0,0.0,0.0,0.0,0.0,0.0
87598472233,0.0,0.0,0.0,0.0,0.0,0.0
87651734936,0.0,0.0,0.0,0.0,0.0,0.0
87698581489,0.0,0.0,0.0,0.0,0.0,0.0
87748762340,0.0,0.0,0.0,0.0,0.0,0.0
87801183080,0.0,0.0,0.0,0.0,0.0,0.0
87849632615,0.0,0.0,0.0,0.0,0.0,0.0
87898305964,0.0,0.0,0.0,0.0,0.0,0.0
87948328592,0.0,0.0,0.0,0.0,0.0,0.0
87998259887,0.0,0.0,0.0,0.0,0.0,0.0
88049802534,0.0,0.0,0.0,0.0,0.0,0.0
88098247458,0.0,0.0,0.0,0.0,0.0,0.0
88149907624,0.0,0.0,0.0,0.0,0.0,0.0
88198203585,0.0,0.0,0.0,0.0,0.0,0.0
88248942565,0.0,0.0,0.0,0.0,0.0,0.0
88300766712,0.0,0.0,0.0,0.0,0.0,0.0
88348549895,0.0,0.0,0.0,0.0,0.0,0.0
88400325560,0.0,0.0,0.0,0.0,0.0,0.0
88448407095,0.0,0.0,0.0,0.0,0.0,0.0
88498273279,0.0,0.0,0.0,0.0,0.0,0.0
88549648759,0.0,0.0,0.0,0.0,0.0,0.0
88598610109,0.0,0.0,0.0,0.0,0.0,0.0
88649273145,0.0,0.0,0.0,0.0,0.0,0.0
88700989237,0.0,0.0,0.0,0.0,0.0,0.0
88748207642,0.0,0.0,0.0,0.0,0.0,0.0
88798635918,0.0,0.0,0.0,0.0,0.0,0.0
88848730620,0.0,0.0,0.0,0.0,0.0,0.0
88898256415,0.0,0.0,0.0,0.0,0.0,0.0
88950416340,0.0,0.0,0.0,0.0,0.0,0.0
88998295560,0.0,0.0,0.0,0.0,0.0,0.0
89053741450,0.0,0.0,0.0,0.0,0.0,0.0
89101064484,0.0,0.0,0.0,0.0,0.0,0.0
89148267167,0.0,0.0,0.0,0.0,0.0,0.0
89198616036,0.0,0.0,0.0,0.0,0.0,0.0
89248348127,0.0,0.0,0.0,0.0,0.0,0.0
89298232700,0.0,0.0,0.0,0.0,0.0,0.0
89350736032,0.0,0.0,0.0,0.0,0.0,0.0
89398195178,0.0,0.0,0.0,0.0,0.0,0.0
89450309900,0.0,0.0,0.0,0.0,0.0,0.0
89498383564,0.0,0.0,0.0,0.0,0.0,0.0
89548315544,0.0,0.0,0.0,0.0,0.0,0.0
89602736507,0.0,0.0,0.0,0.0,0.0,0.0
89648530986,0.0,0.0,0.0,0.0,0.0,0.0
89700365467,0.0,0.0,0.0,0.0,0.0,0.0
89751542003,0.0,0.0,0.0,0.0,0.0,0.0
89798241815,0.0,0.0,0.0,0.0,0.0,0.0
89851158370,0.0,0.0,0.0,0.0,0.0,0.0
89898353071,0.0,0.0,0.0,0.0,0.0,0.0
89948208718,0.0,0.0,0.0,0.0,0.0,0.0
90000791070,0.0,0.0,0.0,0.0,0.0,0.0
90048161475,0.0,0.0,0.0,0.0,0.0,0.0
90099059585,0.0,0.0,0.0,0.0,0.0,0.0
90150015250,0.0,0.0,0.0,0.0,0.0,0.0
90198289767,0.0,0.0,0.0,0.0,0.0,0.0
90250164026,0.0,0.0,0.0,0.0,0.0,0.0
90298411579,0.0,0.0,0.0,0.0,0.0,0.0
90351457838,0.0,0.0,0.0,0.0,0.0,0.0
90398865762,0.0,0.0,0.0,0.0,0.0,0.0
90448664186,0.0,0.0,0.0,0.0,0.0,0.0
90500054908,0.0,0.0,0.0,0.0,0.0,0.0
90548365035,0.0,0.0,0.0,0.0,0.0,0.0
90598453034,0.0,0.0,0.0,0.0,0.0,0.0
90649362588,0.0,0.0,0.0,0.0,0.0,0.0
90698383735,0.0,0.0,0.0,0.0,0.0,0.0
90750136531,0.0,0.0,0.0,0.0,0.0,0.0
90798259751,0.0,0.0,0.0,0.0,0.0,0.0
90848497213,0.0,0.0,0.0,0.0,0.0,0.0
90899391749,0.0,0.0,0.0,0.0,0.0,0.0
90948316506,0.0,0.0,0.0,0.0,0.0,0.0
90998344801,0.0,0.0,0.0,0.0,0.0,0.0
91049502875,0.0,0.0,0.0,0.0,0.0,0.0
91098347114,0.0,0.0,0.0,0.0,0.0,0.0
91148356927,0.0,0.0,0.0,0.0,0.0,0.0
91198289482,0.0,0.0,0.0,0.0,0.0,0.0
91248615814,0.0,0.0,0.0,0.0,0.0,0.0
91303950833,0.0,0.0,0.0,0.0,0.0,0.0
91348156311,0.0,0.0,0.0,0.0,0.0,0.0
91399040921,0.0,0.0,0.0,0.0,0.0,0.0
91449677031,0.0,0.0,0.0,0.0,0.0,0.0
91498273363,0.0,0.0,0.0,0.0,0.0,0.0
91549321603,0.0,0.0,0.0,0.0,0.0,0.0
91598256101,0.0,0.0,0.0,0.0,0.0,0.0
91651907823,0.0,0.0,0.0,0.0,0.0,0.0
91698354062,0.0,0.0,0.0,0.0,0.0,0.0
91748806098,0.0,0.0,0.0,0.0,0.0,0.0
91799297467,0.0,0.0,0.0,0.0,0.0,0.0
91848422280,0.0,0.0,0.0,0.0,0.0,0.0
91899943780,0.0,0.0,0.0,0.0,0.0,0.0
91951244112,0.0,0.0,0.0,0.0,0.0,0.0
91998213351,0.0,0.0,0.0,0.0,0.0,0.0
92049159776,0.0,0.0,0.0,0.0,0.0,0.0
92098473589,0.0,0.0,0.0,0.0,0.0,0.0
92148252477,0.0,0.0,0.0,0.0,0.0,0.0
92199259476,0.0,0.0,0.0,0.0,0.0,0.0
92248297067,0.0,0.0,0.0,0.0,0.0,0.0
92298563511,0.0,0.0,0.0,0.0,0.0,0.0
92350262954,0.0,0.0,0.0,0.0,0.0,0.0
92398224564,0.0,0.0,0.0,0.0,0.0,0.0
92448252266,0.0,0.0,0.0,0.0,0.0,0.0
92498200228,0.0,0.0,0.0,0.0,0.0,0.0
92548265634,0.0,0.0,0.0,0.0,0.0,0.0
92603367339,0.0,0.0,0.0,0.0,0.0,0.0
92648182206,0.0,0.0,0.0,0.0,0.0,0.0
92700110854,0.0,0.0,0.0,0.0,0.0,0.0
92750327464,0.0,0.0,0.0,0.0,0.0,0.0
92798329388,0.0,0.0,0.0,0.0,0.0,0.0
92848697646,0.0,0.0,0.0,0.0,0.0,0.0
92898268516,0.0,0.0,0.0,0.0,0.0,0.0
92948338811,0.0,0.0,0.0,0.0,0.0,0.0
93000890403,0.0,0.0,0.0,0.0,0.0,0.0
93048370012,0.0,0.0,0.0,0.0,0.0,0.0
93099840512,0.0,0.0,0.0,0.0,0.0,0.0
93150572326,0.0,0.0,0.0,0.0,0.0,0.0
93198263231,0.0,0.0,0.0,0.0,0.0,0.0
93250270916,0.0,0.0,0.0,0.0,0.0,0.0
93298441340,0.0,0.0,0.0,0.0,0.0,0.0
93349753692,0.0,0.0,0.0,0.0,0.0,0.0
93400266876,0.0,0.0,0.0,0.0,0.0,0.0
93448182856,0.0,0.0,0.0,0.0,0.0,0.0
93500080170,0.0,0.0,0.0,0.0,0.0,0.0
93548177724,0.0,0.0,0.0,0.0,0.0,0.0
93598261797,0.0,0.0,0.0,0.0,0.0,0.0
93650797408,0.0,0.0,0.0,0.0,0.0,0.0
93698662499,0.0,0.0,0.0,0.0,0.0,0.0
93748549220,0.0,0.0,0.0,0.0,0.0,0.0
93800734201,0.0,0.0,0.0,0.0,0.0,0.0
93848247903,0.0,0.0,0.0,0.0,0.0,0.0
93899904329,0.0,0.0,0.0,0.0,0.0,0.0
93948194809,0.0,0.0,0.0,0.0,0.0,0.0
93998218659,0.0,0.0,0.0,0.0,0.0,0.0
94048970659,0.0,0.0,0.0,0.0,0.0,0.0
94098114491,0.0,0.0,0.0,0.0,0.0,0.0
94149748231,0.0,0.0,0.0,0.0,0.0,0.0
94198236230,0.0,0.0,0.0,0.0,0.0,0.0
94248248395,0.0,0.0,0.0,0.0,0.0,0.0
94299823858,0.0,0.0,0.0,0.0,0.0,0.0
94348343967,0.0,0.0,0.0,0.0,0.0,0.0
94400207615,0.0,0.0,0.0,0.0,0.0,0.0
94448372021,0.0,0.0,0.0,0.0,0.0,0.0
94498156076,0.0,0.0,0.0,0.0,0.0,0.0
94548678353,0.0,0.0,0.0,0.0,0.0,0.0
94598209481,0.0,0.0,0.0,0.0,0.0,0.0
94648286702,0.0,0.0,0.0,0.0,0.0,0.0
94700682406,0.0,0.0,0.0,0.0,0.0,0.0
94748302034,0.0,0.0,0.0,0.0,0.0,0.0
94798387830,0.0,0.0,0.0,0.0,0.0,0.0
94848208088,0.0,0.0,0.0,0.0,0.0,0.0
94898057550,0.0,0.0,0.0,0.0,0.0,0.0
94949937087,0.0,0.0,0.0,0.0,0.0,0.0
94998648048,0.0,0.0,0.0,0.0,0.0,0.0
95048164288,0.0,0.0,0.0,0.0,0.0,0.0
95101379511,0.0,0.0,0.0,0.0,0.0,0.0
95148281546,0.0,0.0,0.0,0.0,0.0,0.0
95199042082,0.0,0.0,0.0,0.0,0.0,0.0
95248803155,0.0,0.0,0.0,0.0,0.0,0.0
95298248413,0.0,0.0,0.0,0.0,0.0,0.0
95348908616,0.0,0.0,0.0,0.0,0.0,0.0
95398447263,0.0,0.0,0.0,0.0,0.0,0.0
95450825189,0.0,0.0,0.0,0.0,0.0,0.0
95500874726,0.0,0.0,0.0,0.0,0.0,0.0
95548325224,0.0,0.0,0.0,0.0,0.0,0.0
95598567075,0.0,0.0,0.0,0.0,0.0,0.0
95648256648,0.0,0.0,0.0,0.0,0.0,0.0
95698359129,0.0,0.0,0.0,0.0,0.0,0.0
95750975110,0.0,0.0,0.0,0.0,0.0,0.0
95798642720,0.0,0.0,0.0,0.0,0.0,0.0
95849657775,0.0,0.0,0.0,0.0,0.0,0.0
95901898182,0.0,0.0,0.0,0.0,0.0,0.0
95948281532,0.0,0.0,0.0,0.0,0.0,0.0
96000151403,0.0,0.0,0.0,0.0,0.0,0.0
96048985401,0.0,0.0,0.0,0.0,0.0,0.0
96098307030,0.0,0.0,0.0,0.0,0.0,0.0
96149163511,0.0,0.0,0.0,0.0,0.0,0.0
96198193954,0.0,0.0,0.0,0.0,0.0,0.0
96248742028,0.0,0.0,0.0,0.0,0.0,0.0
96299877472,0.0,0.0,0.0,0.0,0.0,0.0
96348335119,0.0,0.0,0.0,0.0,0.0,0.0
96398554137,0.0,0.0,0.0,0.0,0.0,0.0
96448110302,0.0,0.0,0.0,0.0,0.0,0.0
96498656302,0.0,0.0,0.0,0.0,0.0,0.0
96551918858,0.0,0.0,0.0,0.0,0.0,0.0
96598394782,0.0,0.0,0.0,0.0,0.0,0.0
96650449541,0.0,0.0,0.0,0.0,0.0,0.0
96700021707,0.0,0.0,0.0,0.0,0.0,0.0
96748264224,0.0,0.0,0.0,0.0,0.0,0.0
96798642557,0.0,0.0,0.0,0.0,0.0,0.0
96851281742,0.0,0.0,0.0,0.0,0.0,0.0
96898364277,0.0,0.0,0.0,0.0,0.0,0.0
96948737407,0.0,0.0,0.0,0.0,0.0,0.0
96998220813,0.0,0.0,0.0,0.0,0.0,0.0
97049459183,0.0,0.0,0.0,0.0,0.0,0.0
97100072405,0.0,0.0,0.0,0.0,0.0,0.0
97148598811,0.0,0.0,0.0,0.0,0.0,0.0
97200839608,0.0,0.0,0.0,0.0,0.0,0.0
97248234291,0.0,0.0,0.0,0.0,0.0,0.0
97299056383,0.0,0.0,0.0,0.0,0.0,0.0
97350174716,0.0,0.0,0.0,0.0,0.0,0.0
97398245400,0.0,0.0,0.0,0.0,0.0,0.0
97449699159,0.0,0.0,0.0,0.0,0.0,0.0
97498294825,0.0,0.0,0.0,0.0,0.0,0.0
97551671807,0.0,0.0,0.0,0.0,0.0,0.0
97600086676,0.0,0.0,0.0,0.0,0.0,0.0
97649896564,0.0,0.0,0.0,0.0,0.0,0.0
97698200563,0.0,0.0,0.0,0.0,0.0,0.0
97749059044,0.0,0.0,0.0,0.0,0.0,0.0
97798301469,0.0,0.0,0.0,0.0,0.0,0.0
97850817581,0.0,0.0,0.0,0.0,0.0,0.0
97898233635,0.0,0.0,0.0,0.0,0.0,0.0
97948326579,0.0,0.0,0.0,0.0,0.0,0.0
97999921597,0.0,0.0,0.0,0.0,0.0,0.0
98048311522,0.0,0.0,0.0,0.0,0.0,0.0
98100241115,0.0,0.0,0.0,0.0,0.0,0.0
98148321243,0.0,0.0,0.0,0.0,0.0,0.0
98198260891,0.0,0.0,0.0,0.0,0.0,0.0
98249148872,0.0,0.0,0.0,0.0,0.0,0.0
98298396538,0.0,0.0,0.0,0.0,0.0,0.0
98351044519,0.0,0.0,0.0,0.0,0.0,0.0
98401022186,0.0,0.0,0.0,0.0,0.0,0.0
98448281925,0.0,0.0,0.0,0.0,0.0,0.0
98500341332,0.0,0.0,0.0,0.0,0.0,0.0
98548254646,0.0,0.0,0.0,0.0,0.0,0.0
98598276645,0.0,0.0,0.0,0.0,0.0,0.0
98651884146,0.0,0.0,0.0,0.0,0.0,0.0
98698259070,0.0,0.0,0.0,0.0,0.0,0.0
98748337699,0.0,0.0,0.0,0.0,0.0,0.0
98798224625,0.0,0.0,0.0,0.0,0.0,0.0
98848331587,0.0,0.0,0.0,0.0,0.0,0.0
98901892347,0.0,0.0,0.0,0.0,0.0,0.0
98948261216,0.0,0.0,0.0,0.0,0.0,0.0
98998938290,0.0,0.0,0.0,0.0,0.0,0.0
99052536365,0.0,0.0,0.0,0.0,0.0,0.0
99098258418,0.0,0.0,0.0,0.0,0.0,0.0
99148309955,0.0,0.0,0.0,0.0,0.0,0.0
99198214991,0.0,0.0,0.0,0.0,0.0,0.0
99248270824,0.0,0.0,0.0,0.0,0.0,0.0
99298660731,0.0,0.0,0.0,0.0,0.0,0.0
99348435471,0.0,0.0,0.0,0.0,0.0,0.0
99399366379,0.0,0.0,0.0,0.0,0.0,0.0
99453463232,0.0,0.0,0.0,0.0,0.0,0.0
99498291303,0.0,0.0,0.0,0.0,0.0,0.0
99552406138,0.0,0.0,0.0,0.0,0.0,0.0
99598260321,0.0,0.0,0.0,0.0,0.0,0.0
99648302617,0.0,0.0,0.0,0.0,0.0,0.0
99702775248,0.0,0.0,0.0,0.0,0.0,0.0
99749893802,0.0,0.0,0.0,0.0,0.0,0.0
99799512709,0.0,0.0,0.0,0.0,0.0,0.0
99851491227,0.0,0.0,0.0,0.0,0.0,0.0
99898405930,0.0,0.0,0.0,0.0,0.0,0.0
99948505763,0.0,0.0,0.0,0.0,0.0,0.0
99998308410,0.0,0.0,0.0,0.0,0.0,0.0
100048218373,0.0,0.0,0.0,0.0,0.0,0.0
100100960077,0.0,0.0,0.0,0.0,0.0,0.0
100148199261,0.0,0.0,0.0,0.0,0.0,0.0
100198753964,0.0,0.0,0.0,0.0,0.0,0.0
100253078225,0.0,0.0,0.0,0.0,0.0,0.0
100298321797,0.0,0.0,0.0,0.0,0.0,0.0
100350775964,0.0,0.0,0.0,0.0,0.0,0.0
100398227666,0.0,0.0,0.0,0.0,0.0,0.0
100448270018,0.0,0.0,0.0,0.0,0.0,0.0
100499883055,0.0,0.0,0.0,0.0,0.0,0.0
100548256758,0.0,0.0,0.0,0.0,0.0,0.0
100598358684,0.0,0.0,0.0,0.0,0.0,0.0
100652000722,0.0,0.0,0.0,0.0,0.0,0.0
100698367757,0.0,0.0,0.0,0.0,0.0,0.0
100748530627,0.0,0.0,0.0,0.0,0.0,0.0
100798407386,0.0,0.0,0.0,0.0,0.0,0.0
100848234108,0.0,0.0,0.0,0.0,0.0,0.0
100901841072,0.0,0.0,0.0,0.0,0.0,0.0
100948231978,0.0,0.0,0.0,0.0,0.0,0.0
100999279348,0.0,0.0,0.0,0.0,0.0,0.0
101048369718,0.0,0.0,0.0,0.0,0.0,0.0
101098265495,0.0,0.0,0.0,0.0,0.0,0.0
101150904533,0.0,0.0,0.0,0.0,0.0,0.0
101199032421,0.0,0.0,0.0,0.0,0.0,0.0
101251237644,0.0,0.0,0.0,0.0,0.0,0.0
101300369477,0.0,0.0,0.0,0.0,0.0,0.0
101348760605,0.0,0.0,0.0,0.0,0.0,0.0
101398764512,0.0,0.0,0.0,0.0,0.0,0.0
101448220067,0.0,0.0,0.0,0.0,0.0,0.0
101498236956,0.0,0.0,0.0,0.0,0.0,0.0
101551261994,0.0,0.0,0.0,0.0,0.0,0.0
101598464159,0.0,0.0,0.0,0.0,0.0,0.0
101649949289,0.0,0.0,0.0,0.0,0.0,0.0
101700784623,0.0,0.0,0.0,0.0,0.0,0.0
101748145233,0.0,0.0,0.0,0.0,0.0,0.0
101799099233,0.0,0.0,0.0,0.0,0.0,0.0
101848350492,0.0,0.0,0.0,0.0,0.0,0.0
101898091714,0.0,0.0,0.0,0.0,0.0,0.0
101950318899,0.0,0.0,0.0,0.0,0.0,0.0
101998244769,0.0,0.0,0.0,0.0,0.0,0.0
102048628361,0.0,0.0,0.0,0.0,0.0,0.0
102098236935,0.0,0.0,0.0,0.0,0.0,0.0
102148174620,0.0,0.0,0.0,0.0,0.0,0.0
102200487158,0.0,0.0,0.0,0.0,0.0,0.0
102248817231,0.0,0.0,0.0,0.0,0.0,0.0
102298695490,0.0,0.0,0.0,0.0,0.0,0.0
102352814195,0.0,0.0,0.0,0.0,0.0,0.0
102398268619,0.0,0.0,0.0,0.0,0.0,0.0
102448448897,0.0,0.0,0.0,0.0,0.0,0.0
102499218638,0.0,0.0,0.0,0.0,0.0,0.0
102548264341,0.0,0.0,0.0,0.0,0.0,0.0
102601655305,0.0,0.0,0.0,0.0,0.0,0.0
102649159822,0.0,0.0,0.0,0.0,0.0,0.0
102699760434,0.0,0.0,0.0,0.0,0.0,0.0
102749686063,0.0,0.0,0.0,0.0,0.0,0.0
102798250729,0.0,0.0,0.0,0.0,0.0,0.0
102851436138,0.0,0.0,0.0,0.0,0.0,0.0
102898373470,0.0,0.0,0.0,0.0,0.0,0.0
102949230322,0.0,0.0,0.0,0.0,0.0,0.0
102999750674,0.0,0.0,0.0,0.0,0.0,0.0
103048271562,0.0,0.0,0.0,0.0,0.0,0.0
103098365025,0.0,0.0,0.0,0.0,0.0,0.0
103148920358,0.0,0.0,0.0,0.0,0.0,0.0
103198313025,0.0,0.0,0.0,0.0,0.0,0.0
103250248322,0.0,0.0,0.0,0.0,0.0,0.0
103298245599,0.0,0.0,0.0,0.0,0.0,0.0
103349582284,0.0,0.0,0.0,0.0,0.0,0.0
103398245506,0.0,0.0,0.0,0.0,0.0,0.0
103448168746,0.0,0.0,0.0,0.0,0.0,0.0
103502611841,0.0,0.0,0.0,0.0,0.0,0.0
103548299006,0.0,0.0,0.0,0.0,0.0,0.0
103600153673,0.0,0.0,0.0,0.0,0.0,0.0
103648882450,0.0,0.0,0.0,0.0,0.0,0.0
103698265654,0.0,0.0,0.0,0.0,0.0,0.0
103751854766,0.0,0.0,0.0,0.0,0.0,0.0
103802576470,0.0,0.0,0.0,0.0,0.0,0.0
103848925709,0.0,0.0,0.0,0.0,0.0,0.0
103898273968,0.0,0.0,0.0,0.0,0.0,0.0
103954021526,0.0,0.0,0.0,0.0,0.0,0.0
103998324709,0.0,0.0,0.0,0.0,0.0,0.0
104049765636,0.0,0.0,0.0,0.0,0.0,0.0
104098365431,0.0,0.0,0.0,0.0,0.0,0.0
104150136191,0.0,0.0,0.0,0.0,0.0,0.0
104201618266,0.0,0.0,0.0,0.0,0.0,0.0
104248363357,0.0,0.0,0.0,0.0,0.0,0.0
104299758654,0.0,0.0,0.0,0.0,0.0,0.0
104348328228,0.0,0.0,0.0,0.0,0.0,0.0
104398677821,0.0,0.0,0.0,0.0,0.0,0.0
104448327006,0.0,0.0,0.0,0.0,0.0,0.0
104498316876,0.0,0.0,0.0,0.0,0.0,0.0
104551959581,0.0,0.0,0.0,0.0,0.0,0.0
104598210913,0.0,0.0,0.0,0.0,0.0,0.0
104648163913,0.0,0.0,0.0,0.0,0.0,0.0
104700745507,0.0,0.0,0.0,0.0,0.0,0.0
104748517636,0.0,0.0,0.0,0.0,0.0,0.0
104799508469,0.0,0.0,0.0,0.0,0.0,0.0
104848274673,0.0,0.0,0.0,0.0,0.0,0.0
104898412951,0.0,0.0,0.0,0.0,0.0,0.0
104949732248,0.0,0.0,0.0,0.0,0.0,0.0
104998251117,0.0,0.0,0.0,0.0,0.0,0.0
105048494673,0.0,0.0,0.0,0.0,0.0,0.0
105098224877,0.0,0.0,0.0,0.0,0.0,0.0
105148211284,0.0,0.0,0.0,0.0,0.0,0.0
105199507729,0.0,0.0,0.0,0.0,0.0,0.0
105248233729,0.0,0.0,0.0,0.0,0.0,0.0
105299728711,0.0,0.0,0.0,0.0,0.0,0.0
105349126507,0.0,0.0,0.0,0.0,0.0,0.0
105398962952,0.0,0.0,0.0,0.0,0.0,0.0
105450956564,0.0,0.0,0.0,0.0,0.0,0.0
105498486378,0.0,0.0,0.0,0.0,0.0,0.0
105550307490,0.0,0.0,0.0,0.0,0.0,0.0
105598810304,0.0,0.0,0.0,0.0,0.0,0.0
105648398100,0.0,0.0,0.0,0.0,0.0,0.0
105698455378,0.0,0.0,0.0,0.0,0.0,0.0
105748406305,0.0,0.0,0.0,0.0,0.0,0.0
105798698009,0.0,0.0,0.0,0.0,0.0,0.0
105848635398,0.0,0.0,0.0,0.0,0.0,0.0
105898210101,0.0,0.0,0.0,0.0,0.0,0.0
105950760862,0.0,0.0,0.0,0.0,0.0,0.0
105998495972,0.0,0.0,0.0,0.0,0.0,0.0
106050097880,0.0,0.0,0.0,0.0,0.0,0.0
106100726733,0.0,0.0,0.0,0.0,0.0,0.0
106148287751,0.0,0.0,0.0,0.0,0.0,0.0
106198658214,0.0,0.0,0.0,0.0,0.0,0.0
106248265010,0.0,0.0,0.0,0.0,0.0,0.0
106298223862,0.0,0.0,0.0,0.0,0.0,0.0
106349734548,0.0,0.0,0.0,0.0,0.0,0.0
106398906381,0.0,0.0,0.0,0.0,0.0,0.0
106448444289,0.0,0.0,0.0,0.0,0.0,0.0
106498286826,0.0,0.0,0.0,0.0,0.0,0.0
106548203548,0.0,0.0,0.0,0.0,0.0,0.0
106603316532,0.0,0.0,0.0,0.0,0.0,0.0
106648202345,0.0,0.0,0.0,0.0,0.0,0.0
106700567013,0.0,0.0,0.0,0.0,0.0,0.0
106750223717,0.0,0.0,0.0,0.0,0.0,0.0
106798306402,0.0,0.0,0.0,0.0,0.0,0.0
106850142514,0.0,0.0,0.0,0.0,0.0,0.0
106898227884,0.0,0.0,0.0,0.0,0.0,0.0
106948277921,0.0,0.0,0.0,0.0,0.0,0.0
106999273588,0.0,0.0,0.0,0.0,0.0,0.0
107048535329,0.0,0.0,0.0,0.0,0.0,0.0
107098567644,0.0,0.0,0.0,0.0,0.0,0.0
107148222867,0.0,0.0,0.0,0.0,0.0,0.0
107198206608,0.0,0.0,0.0,0.0,0.0,0.0
107254250351,0.0,0.0,0.0,0.0,0.0,0.0
107299051201,0.0,0.0,0.0,0.0,0.0,0.0
107349080924,0.0,0.0,0.0,0.0,0.0,0.0
107400519943,0.0,0.0,0.0,0.0,0.0,0.0
107448231387,0.0,0.0,0.0,0.0,0.0,0.0
107498467406,0.0,0.0,0.0,0.0,0.0,0.0
107548259999,0.0,0.0,0.0,0.0,0.0,0.0
107598689499,0.0,0.0,0.0,0.0,0.0,0.0
107651961260,0.0,0.0,0.0,0.0,0.0,0.0
107698448407,0.0,0.0,0.0,0.0,0.0,0.0
107748393926,0.0,0.0,0.0,0.0,0.0,0.0
107799209260,0.0,0.0,0.0,0.0,0.0,0.0
107848152871,0.0,0.0,0.0,0.0,0.0,0.0
107899033890,0.0,0.0,0.0,0.0,0.0,0.0
107949339261,0.0,0.0,0.0,0.0,0.0,0.0
107998261243,0.0,0.0,0.0,0.0,0.0,0.0
108048739799,0.0,0.0,0.0,0.0,0.0,0.0
108098250170,0.0,0.0,0.0,0.0,0.0,0.0
108148269540,0.0,0.0,0.0,0.0,0.0,0.0
108199668338,0.0,0.0,0.0,0.0,0.0,0.0
108248259763,0.0,0.0,0.0,0.0,0.0,0.0
108298577060,0.0,0.0,0.0,0.0,0.0,0.0
108348248616,0.0,0.0,0.0,0.0,0.0,0.0
108398256709,0.0,0.0,0.0,0.0,0.0,0.0
108455237323,0.0,0.0,0.0,0.0,0.0,0.0
108498236858,0.0,0.0,0.0,0.0,0.0,0.0
108551247267,0.0,0.0,0.0,0.0,0.0,0.0
108598741951,0.0,0.0,0.0,0.0,0.0,0.0
108648331137,0.0,0.0,0.0,0.0,0.0,0.0
108699525138,0.0,0.0,0.0,0.0,0.0,0.0
108748284193,0.0,0.0,0.0,0.0,0.0,0.0
108798259101,0.0,0.0,0.0,0.0,0.0,0.0
108851346862,0.0,0.0,0.0,0.0,0.0,0.0
108898360880,0.0,0.0,0.0,0.0,0.0,0.0
108948641288,0.0,0.0,0.0,0.0,0.0,0.0
108998259900,0.0,0.0,0.0,0.0,0.0,0.0
109052181031,0.0,0.0,0.0,0.0,0.0,0.0
109099949401,0.0,0.0,0.0,0.0,0.0,0.0
109148884512,0.0,0.0,0.0,0.0,0.0,0.0
109201494699,0.0,0.0,0.0,0.0,0.0,0.0
109249699532,0.0,0.0,0.0,0.0,0.0,0.0
109298220773,0.0,0.0,0.0,0.0,0.0,0.0
109348602718,0.0,0.0,0.0,0.0,0.0,0.0
109398232348,0.0,0.0,0.0,0.0,0.0,0.0
109448371182,0.0,0.0,0.0,0.0,0.0,0.0
109499255146,0.0,0.0,0.0,0.0,0.0,0.0
109548264238,0.0,0.0,0.0,0.0,0.0,0.0
109598356961,0.0,0.0,0.0,0.0,0.0,0.0
109648366517,0.0,0.0,0.0,0.0,0.0,0.0
109698234203,0.0,0.0,0.0,0.0,0.0,0.0
109749254408,0.0,0.0,0.0,0.0,0.0,0.0
109798231797,0.0,0.0,0.0,0.0,0.0,0.0
109852345614,0.0,0.0,0.0,0.0,0.0,0.0
109900892521,0.0,0.0,0.0,0.0,0.0,0.0
109948258206,0.0,0.0,0.0,0.0,0.0,0.0
109999038670,0.0,0.0,0.0,0.0,0.0,0.0
110048183763,0.0,0.0,0.0,0.0,0.0,0.0
110098294948,0.0,0.0,0.0,0.0,0.0,0.0
110151512543,0.0,0.0,0.0,0.0,0.0,0.0
110198212542,0.0,0.0,0.0,0.0,0.0,0.0
110248269228,0.0,0.0,0.0,0.0,0.0,0.0
110298323728,0.0,0.0,0.0,0.0,0.0,0.0
110348360988,0.0,0.0,0.0,0.0,0.0,0.0
110399053822,0.0,0.0,0.0,0.0,0.0,0.0
110448824045,0.0,0.0,0.0,0.0,0.0,0.0
110499496713,0.0,0.0,0.0,0.0,0.0,0.0
110552022344,0.0,0.0,0.0,0.0,0.0,0.0
110598369602,0.0,0.0,0.0,0.0,0.0,0.0
110648358862,0.0,0.0,0.0,0.0,0.0,0.0
110698206030,0.0,0.0,0.0,0.0,0.0,0.0
110748228845,0.0,0.0,0.0,0.0,0.0,0.0
110799757939,0.0,0.0,0.0,0.0,0.0,0.0
110848249013,0.0,0.0,0.0,0.0,0.0,0.0
110900267959,0.0,0.0,0.0,0.0,0.0,0.0
110948228848,0.0,0.0,0.0,0.0,0.0,0.0
110998393849,0.0,0.0,0.0,0.0,0.0,0.0
111051756017,0.0,0.0,0.0,0.0,0.0,0.0
111098693035,0.0,0.0,0.0,0.0,0.0,0.0
111150390740,0.0,0.0,0.0,0.0,0.0,0.0
111200551259,0.0,0.0,0.0,0.0,0.0,0.0
111248188259,0.0,0.0,0.0,0.0,0.0,0.0
111298929594,0.0,0.0,0.0,0.0,0.0,0.0
111348219631,0.0,0.0,0.0,0.0,0.0,0.0
111398317539,0.0,0.0,0.0,0.0,0.0,0.0
111449907466,0.0,0.0,0.0,0.0,0.0,0.0
111498179948,0.0,0.0,0.0,0.0,0.0,0.0
111548523671,0.0,0.0,0.0,0.0,0.0,0.0
111598203690,0.0,0.0,0.0,0.0,0.0,0.0
111648187709,0.0,0.0,0.0,0.0,0.0,0.0
111700259303,0.0,0.0,0.0,0.0,0.0,0.0
111748246933,0.0,0.0,0.0,0.0,0.0,0.0
111798822841,0.0,0.0,0.0,0.0,0.0,0.0
111851849825,0.0,0.0,0.0,0.0,0.0,0.0
111898128472,0.0,0.0,0.0,0.0,0.0,0.0
111949129936,0.0,0.0,0.0,0.0,0.0,0.0
111998356992,0.0,0.0,0.0,0.0,0.0,0.0
112048298697,0.0,0.0,0.0,0.0,0.0,0.0
112098264772,0.0,0.0,0.0,0.0,0.0,0.0
112148311106,0.0,0.0,0.0,0.0,0.0,0.0
112198131977,0.0,0.0,0.0,0.0,0.0,0.0
112248243385,0.0,0.0,0.0,0.0,0.0,0.0
112298190682,0.0,0.0,0.0,0.0,0.0,0.0
112350449721,0.0,0.0,0.0,0.0,0.0,0.0
112398461295,0.0,0.0,0.0,0.0,0.0,0.0
112450134796,0.0,0.0,0.0,0.0,0.0,0.0
112502792909,0.0,0.0,0.0,0.0,0.0,0.0
112548443112,0.0,0.0,0.0,0.0,0.0,0.0
112598513465,0.0,0.0,0.0,0.0,0.0,0.0
112648879021,0.0,0.0,0.0,0.0,0.0,0.0
112698351633,0.0,0.0,0.0,0.0,0.0,0.0
112749030949,0.0,0.0,0.0,0.0,0.0,0.0
112798323505,0.0,0.0,0.0,0.0,0.0,0.0
112852223174,0.0,0.0,0.0,0.0,0.0,0.0
112900959397,0.0,0.0,0.0,0.0,0.0,0.0
112948202063,0.0,0.0,0.0,0.0,0.0,0.0
113000048583,0.0,0.0,0.0,0.0,0.0,0.0
113048324010,0.0,0.0,0.0,0.0,0.0,0.0
113098938714,0.0,0.0,0.0,0.0,0.0,0.0
113150365679,0.0,0.0,0.0,0.0,0.0,0.0
113198285142,0.0,0.0,0.0,0.0,0.0,0.0
113248408143,0.0,0.0,0.0,0.0,0.0,0.0
113298258069,0.0,0.0,0.0,0.0,0.0,0.0
113348849515,0.0,0.0,0.0,0.0,0.0,0.0
113401285221,0.0,0.0,0.0,0.0,0.0,0.0
113448267887,0.0,0.0,0.0,0.0,0.0,0.0
113499498555,0.0,0.0,0.0,0.0,0.0,0.0
113548257574,0.0,0.0,0.0,0.0,0.0,0.0
113599800575,0.0,0.0,0.0,0.0,0.0,0.0
113650040021,0.0,0.0,0.0,0.0,0.0,0.0
113698284132,0.0,0.0,0.0,0.0,0.0,0.0
113748386004,0.0,0.0,0.0,0.0,0.0,0.0
113798920505,0.0,0.0,0.0,0.0,0.0,0.0
113848637765,0.0,0.0,0.0,0.0,0.0,0.0
113900404118,0.0,0.0,0.0,0.0,0.0,0.0
113948255637,0.0,0.0,0.0,0.0,0.0,0.0
114000740361,0.0,0.0,0.0,0.0,0.0,0.0
114048524713,0.0,0.0,0.0,0.0,0.0,0.0
114098226473,0.0,0.0,0.0,0.0,0.0,0.0
114148637215,0.0,0.0,0.0,0.0,0.0,0.0
114198190938,0.0,0.0,0.0,0.0,0.0,0.0
114253695015,0.0,0.0,0.0,0.0,0.0,0.0
114298633329,0.0,0.0,0.0,0.0,0.0,0.0
114349874275,0.0,0.0,0.0,0.0,0.0,0.0
114400565813,0.0,0.0,0.0,0.0,0.0,0.0
114448309498,0.0,0.0,0.0,0.0,0.0,0.0
114498684444,0.0,0.0,0.0,0.0,0.0,0.0
114548269260,0.0,0.0,0.0,0.0,0.0,0.0
114598272724,0.0,0.0,0.0,0.0,0.0,0.0
114649885114,0.0,0.0,0.0,0.0,0.0,0.0
114698271466,0.0,0.0,0.0,0.0,0.0,0.0
114748210949,0.0,0.0,0.0,0.0,0.0,0.0
114798235469,0.0,0.0,0.0,0.0,0.0,0.0
114848151155,0.0,0.0,0.0,0.0,0.0,0.0
114900050008,0.0,0.0,0.0,0.0,0.0,0.0
114948336564,0.0,0.0,0.0,0.0,0.0,0.0
114998359732,0.0,0.0,0.0,0.0,0.0,0.0
115051284549,0.0,0.0,0.0,0.0,0.0,0.0
115098226327,0.0,0.0,0.0,0.0,0.0,0.0
115148610346,0.0,0.0,0.0,0.0,0.0,0.0
115198304496,0.0,0.0,0.0,0.0,0.0,0.0
115248262311,0.0,0.0,0.0,0.0,0.0,0.0
115302403888,0.0,0.0,0.0,0.0,0.0,0.0
115348201554,0.0,0.0,0.0,0.0,0.0,0.0
115398842611,0.0,0.0,0.0,0.0,0.0,0.0
115448977427,0.0,0.0,0.0,0.0,0.0,0.0
115498526502,0.0,0.0,0.0,0.0,0.0,0.0
115549915744,0.0,0.0,0.0,0.0,0.0,0.0
115598368782,0.0,0.0,0.0,0.0,0.0,0.0
115648443264,0.0,0.0,0.0,0.0,0.0,0.0
115700373285,0.0,0.0,0.0,0.0,0.0,0.0
115748237156,0.0,0.0,0.0,0.0,0.0,0.0
115798459083,0.0,0.0,0.0,0.0,0.0,0.0
115848300380,0.0,0.0,0.0,0.0,0.0,0.0
115898337659,0.0,0.0,0.0,0.0,0.0,0.0
115953215125,0.0,0.0,0.0,0.0,0.0,0.0
115998942717,0.0,0.0,0.0,0.0,0.0,0.0
116048997663,0.0,0.0,0.0,0.0,0.0,0.0
116098186330,0.0,0.0,0.0,0.0,0.0,0.0
116149404776,0.0,0.0,0.0,0.0,0.0,0.0
116199997778,0.0,0.0,0.0,0.0,0.0,0.0
116248293871,0.0,0.0,0.0,0.0,0.0,0.0
116298672965,0.0,0.0,0.0,0.0,0.0,0.0
116351477726,0.0,0.0,0.0,0.0,0.0,0.0
116398261578,0.0,0.0,0.0,0.0,0.0,0.0
116449078154,0.0,0.0,0.0,0.0,0.0,0.0
116498310117,0.0,0.0,0.0,0.0,0.0,0.0
116548319304,0.0,0.0,0.0,0.0,0.0,0.0
116599332139,0.0,0.0,0.0,0.0,0.0,0.0
116648253436,0.0,0.0,0.0,0.0,0.0,0.0
116698384437,0.0,0.0,0.0,0.0,0.0,0.0
116748498049,0.0,0.0,0.0,0.0,0.0,0.0
116798262902,0.0,0.0,0.0,0.0,0.0,0.0
116853951702,0.0,0.0,0.0,0.0,0.0,0.0
116898468627,0.0,0.0,0.0,0.0,0.0,0.0
116948883795,0.0,0.0,0.0,0.0,0.0,0.0
116998259278,0.0,0.0,0.0,0.0,0.0,0.0
117048394927,0.0,0.0,0.0,0.0,0.0,0.0
117100383411,0.0,0.0,0.0,0.0,0.0,0.0
117148502300,0.0,0.0,0.0,0.0,0.0,0.0
117200236821,0.0,0.0,0.0,0.0,0.0,0.0
117250947915,0.0,0.0,0.0,0.0,0.0,0.0
117298235082,0.0,0.0,0.0,0.0,0.0,0.0
117348306787,0.0,0.0,0.0,0.0,0.0,0.0
117398149566,0.0,0.0,0.0,0.0,0.0,0.0
117448177196,0.0,0.0,0.0,0.0,0.0,0.0
117499578272,0.0,0.0,0.0,0.0,0.0,0.0
117548280847,0.0,0.0,0.0,0.0,0.0,0.0
117598376534,0.0,0.0,0.0,0.0,0.0,0.0
117648233442,0.0,0.0,0.0,0.0,0.0,0.0
117698264944,0.0,0.0,0.0,0.0,0.0,0.0
117750676761,0.0,0.0,0.0,0.0,0.0,0.0
117798755947,0.0,0.0,0.0,0.0,0.0,0.0
117851641005,0.0,0.0,0.0,0.0,0.0,0.0
117898278782,0.0,0.0,0.0,0.0,0.0,0.0
117948234321,0.0,0.0,0.0,0.0,0.0,0.0
118001238490,0.0,0.0,0.0,0.0,0.0,0.0
118048173916,0.0,0.0,0.0,0.0,0.0,0.0
118100166307,0.0,0.0,0.0,0.0,0.0,0.0
118150052882,0.0,0.0,0.0,0.0,0.0,0.0
118198282920,0.0,0.0,0.0,0.0,0.0,0.0
118248987385,0.0,0.0,0.0,0.0,0.0,0.0
118298234478,0.0,0.0,0.0,0.0,0.0,0.0
118348242906,0.0,0.0,0.0,0.0,0.0,0.0
118400839389,0.0,0.0,0.0,0.0,0.0,0.0
118448688982,0.0,0.0,0.0,0.0,0.0,0.0
118498538317,0.0,0.0,0.0,0.0,0.0,0.0
118548335189,0.0,0.0,0.0,0.0,0.0,0.0
118598274931,0.0,0.0,0.0,0.0,0.0,0.0
118654694657,0.0,0.0,0.0,0.0,0.0,0.0
118698346211,0.0,0.0,0.0,0.0,0.0,0.0
118750754084,0.0,0.0,0.0,0.0,0.0,0.0
118800125197,0.0,0.0,0.0,0.0,0.0,0.0
118848182253,0.0,0.0,0.0,0.0,0.0,0.0
118898339125,0.0,0.0,0.0,0.0,0.0,0.0
118948251404,0.0,0.0,0.0,0.0,0.0,0.0
118998211331,0.0,0.0,0.0,0.0,0.0,0.0
119048733185,0.0,0.0,0.0,0.0,0.0,0.0
119098236167,0.0,0.0,0.0,0.0,0.0,0.0
119149065428,0.0,0.0,0.0,0.0,0.0,0.0
119198220948,0.0,0.0,0.0,0.0,0.0,0.0
119248762153,0.0,0.0,0.0,0.0,0.0,0.0
119298520599,0.0,0.0,0.0,0.0,0.0,0.0
119348696453,0.0,0.0,0.0,0.0,0.0,0.0
119399969454,0.0,0.0,0.0,0.0,0.0,0.0
119448903955,0.0,0.0,0.0,0.0,0.0,0.0
119498656772,0.0,0.0,0.0,0.0,0.0,0.0
119548494717,0.0,0.0,0.0,0.0,0.0,0.0
119598961571,0.0,0.0,0.0,0.0,0.0,0.0
119648554239,0.0,0.0,0.0,0.0,0.0,0.0
119698137148,0.0,0.0,0.0,0.0,0.0,0.0
119748219057,0.0,0.0,0.0,0.0,0.0,0.0
119800734633,0.0,0.0,0.0,0.0,0.0,0.0
119848383523,0.0,0.0,0.0,0.0,0.0,0.0
119900996488,0.0,0.0,0.0,0.0,0.0,0.0
119952922028,0.0,0.0,0.0,0.0,0.0,0.0
119998231787,0.0,0.0,0.0,0.0,0.0,0.0
120051204234,0.0,0.0,0.0,0.0,0.0,0.0
120098058623,0.0,0.0,0.0,0.0,0.0,0.0
120148285217,0.0,0.0,0.0,0.0,0.0,0.0
120201879072,0.0,0.0,0.0,0.0,0.0,0.0
120248457035,0.0,0.0,0.0,0.0,0.0,0.0
120299841611,-0.0,0.0,2.0,0.0,0.0,0.0
120348275427,-0.0,0.0,2.0,0.0,0.0,0.0
120398334521,-0.0,0.0,2.0,0.0,0.0,0.0
120452817969,-0.0,0.0,2.0,0.0,0.0,0.0
120498253450,-0.0,0.0,2.0,0.0,0.0,0.0
120549683045,-0.0,0.0,2.0,0.0,0.0,0.0
120598246323,-0.0,0.0,2.0,0.0,0.0,0.0
120648328270,-0.0,0.0,2.0,0.0,0.0,0.0
120702482403,-0.0,0.0,2.0,0.0,0.0,0.0
120748657106,-0.0,0.0,2.0,0.0,0.0,0.0
120799808053,-0.0,0.0,2.0,0.0,0.0,0.0
120853204871,-0.0,0.0,2.0,0.0,0.0,0.0
120898225315,-0.0,0.0,2.0,0.0,0.0,0.0
120948817983,-0.0,0.0,2.0,0.0,0.0,0.0
120998233059,-0.0,0.0,2.0,0.0,0.0,0.0
121048336560,-0.0,0.0,2.0,0.0,0.0,0.0
121101644119,-0.0,0.0,2.0,0.0,0.0,0.0
121148147341,-0.0,0.0,2.0,0.0,0.0,0.0
121198577862,-0.0,0.0,2.0,0.0,0.0,0.0
121254295588,-0.0,0.0,2.0,0.0,0.0,0.0
121298263754,-0.0,0.0,2.0,0.0,0.0,0.0
121348633737,-0.0,0.0,2.0,0.0,0.0,0.0
121398253627,-0.0,0.0,2.0,0.0,0.0,0.0
121448269555,-0.0,0.0,2.0,0.0,0.0,0.0
121501820465,-0.0,0.0,2.0,0.0,0.0,0.0
121548404706,-0.0,0.0,2.0,0.0,0.0,0.0
121599901171,-0.0,0.0,2.0,0.0,0.0,0.0
121648260506,-0.0,0.0,2.0,0.0,0.0,0.0
121698916100,-0.0,0.0,2.0,0.0,0.0,0.0
121751248140,-0.0,0.0,2.0,0.0,0.0,0.0
121798329918,-0.0,0.0,2.0,0.0,0.0,0.0
121849022569,-0.0,0.0,2.0,0.0,0.0,0.0
121901082886,-0.0,0.0,2.0,0.0,0.0,0.0
121948222849,-0.0,0.0,2.0,0.0,0.0,0.0
122001091223,-0.0,0.0,2.0,0.0,0.0,0.0
122048402983,-0.0,0.0,2.0,0.0,0.0,0.0
122100139559,-0.0,0.0,2.0,0.0,0.0,0.0
122148306690,-0.0,0.0,2.0,0.0,0.0,0.0
122198314395,-0.0,0.0,2.0,0.0,0.0,0.0
122249254786,-0.0,0.0,2.0,0.0,0.0,0.0
122298397288,-0.0,0.0,2.0,0.0,0.0,0.0
122348318919,-0.0,0.0,2.0,0.0,0.0,0.0
122403975090,-0.0,0.0,2.0,0.0,0.0,0.0
122448199737,-0.0,0.0,2.0,0.0,0.0,0.0
122499656350,-0.0,0.0,2.0,0.0,0.0,0.0
122548238926,-0.0,0.0,2.0,0.0,0.0,0.0
122598879891,-0.0,0.0,2.0,0.0,0.0,0.0
122650212800,-0.0,0.0,2.0,0.0,0.0,0.0
122698387672,-0.0,0.0,2.0,0.0,0.0,0.0
122749493989,-0.0,0.0,2.0,0.0,0.0,0.0
122798816250,-0.0,0.0,2.0,0.0,0.0,0.0
122848268177,-0.0,0.0,2.0,0.0,0.0,0.0
122899983865,-0.0,0.0,2.0,0.0,0.0,0.0
122948313570,-0.0,0.0,2.0,0.0,0.0,0.0
123000954350,-0.0,0.0,2.0,0.0,0.0,0.0
123050688482,-0.0,0.0,2.0,0.0,0.0,0.0
123098245205,-0.0,0.0,2.0,0.0,0.0,0.0
123148540966,-0.0,0.0,2.0,0.0,0.0,0.0
123198478468,-0.0,0.0,2.0,0.0,0.0,0.0
123248317210,-0.0,0.0,2.0,0.0,0.0,0.0
123299861935,-0.0,0.0,2.0,0.0,0.0,0.0
123348265621,-0.0,0.0,2.0,0.0,0.0,0.0
123401247976,-0.0,0.0,2.0,0.0,0.0,0.0
123448653625,-0.0,0.0,2.0,0.0,0.0,0.0
123498292590,-0.0,0.0,2.0,0.0,0.0,0.0
123550259796,-0.0,0.0,2.0,0.0,0.0,0.0
123598271390,-0.0,0.0,2.0,0.0,0.0,0.0
123649200633,-0.0,0.0,2.0,0.0,0.0,0.0
123698761727,-0.0,0.0,2.0,0.0,0.0,0.0
123748196969,-0.0,0.0,2.0,0.0,0.0,0.0
123799167861,-0.0,0.0,2.0,0.0,0.0,0.0
123849604789,-0.0,0.0,2.0,0.0,0.0,0.0
123898716012,-0.0,0.0,2.0,0.0,0.0,0.0
123950121181,-0.0,0.0,2.0,0.0,0.0,0.0
123998248127,-0.0,0.0,2.0,0.0,0.0,0.0
124048898166,-0.0,0.0,2.0,0.0,0.0,0.0
124098435816,-0.0,0.0,2.0,0.0,0.0,0.0
124148251707,-0.0,0.0,2.0,0.0,0.0,0.0
124199028542,-0.0,0.0,2.0,0.0,0.0,0.0
124248237322,7.0,0.0,1.0,0.0,0.0,0.0
124300279750,7.0,0.0,1.0,0.0,0.0,0.0
124348203455,7.0,0.0,1.0,0.0,0.0,0.0
124399236606,7.0,0.0,1.0,0.0,0.0,0.0
124450725386,7.0,0.0,1.0,0.0,0.0,0.0
124498530868,7.0,0.0,1.0,0.0,0.0,0.0
124551263853,7.0,0.0,1.0,0.0,0.0,0.0
124598261224,7.0,0.0,1.0,0.0,0.0,0.0
124648240133,7.0,0.0,1.0,0.0,0.0,0.0
124701229785,7.0,0.0,1.0,0.0,0.0,0.0
124748520693,7.0,0.0,1.0,0.0,0.0,0.0
124799462288,7.0,0.0,1.0,0.0,0.0,0.0
124851679069,7.0,0.0,1.0,0.0,0.0,0.0
124898350940,7.0,0.0,1.0,0.0,0.0,0.0
124951364202,7.0,0.0,1.0,0.0,0.0,0.0
124998225036,7.0,0.0,1.0,0.0,0.0,0.0
125049179076,7.0,0.0,1.0,0.0,0.0,0.0
125099730189,7.0,0.0,1.0,0.0,0.0,0.0
125148243394,7.0,0.0,1.0,0.0,0.0,0.0
125200110823,7.0,0.0,1.0,0.0,0.0,0.0
125248308231,7.0,0.0,1.0,0.0,0.0,0.0
125298845030,7.0,0.0,1.0,0.0,0.0,0.0
125349161736,7.0,0.0,1.0,0.0,0.0,0.0
125398293645,7.0,0.0,1.0,0.0,0.0,0.0
125448322888,7.0,0.0,1.0,0.0,0.0,0.0
125498335019,7.0,0.0,1.0,0.0,0.0,0.0
125548250780,7.0,0.0,1.0,0.0,0.0,0.0
125598123208,7.0,0.0,1.0,0.0,0.0,0.0
125648229488,7.0,0.0,1.0,0.0,0.0,0.0
125699913880,7.0,0.0,1.0,0.0,0.0,0.0
125748432678,7.0,0.0,1.0,0.0,0.0,0.0
125800371810,7.0,0.0,1.0,0.0,0.0,0.0
125848199848,7.0,0.0,1.0,0.0,0.0,0.0
125898231795,7.0,0.0,1.0,0.0,0.0,0.0
125951169909,7.0,0.0,1.0,0.0,0.0,0.0
125998377836,7.0,0.0,1.0,0.0,0.0,0.0
126051461321,7.0,0.0,1.0,0.0,0.0,0.0
126099085026,7.0,0.0,1.0,0.0,0.0,0.0
126148781602,7.0,0.0,1.0,0.0,0.0,0.0
126200652827,7.0,0.0,1.0,0.0,0.0,0.0
126248264476,7.0,0.0,1.0,0.0,0.0,0.0
126300142238,7.0,0.0,1.0,0.0,0.0,0.0
126352221371,7.0,0.0,1.0,0.0,0.0,0.0
126398245760,7.0,0.0,1.0,0.0,0.0,0.0
126448473429,7.0,0.0,1.0,0.0,0.0,0.0
126498332635,7.0,0.0,1.0,0.0,0.0,0.0
126548816359,7.0,0.0,1.0,0.0,0.0,0.0
126600801807,7.0,0.0,1.0,0.0,0.0,0.0
126648267678,7.0,0.0,1.0,0.0,0.0,0.0
126698549366,7.0,0.0,1.0,0.0,0.0,0.0
126748809757,7.0,0.0,1.0,0.0,0.0,0.0
126798334611,7.0,0.0,1.0,0.0,0.0,0.0
126849182039,7.0,0.0,1.0,0.0,0.0,0.0
126898153671,7.0,0.0,1.0,0.0,0.0,0.0
126949033729,7.0,0.0,1.0,0.0,0.0,0.0
126998430064,7.0,0.0,1.0,0.0,0.0,0.0
127048237992,7.0,0.0,1.0,0.0,0.0,0.0
127100233902,7.0,0.0,1.0,0.0,0.0,0.0
127148389552,7.0,0.0,1.0,0.0,0.0,0.0
127198647406,7.0,0.0,1.0,0.0,0.0,0.0
127248866871,7.0,0.0,1.0,0.0,0.0,0.0
127298291355,7.0,0.0,1.0,0.0,0.0,0.0
127350221487,7.0,0.0,1.0,0.0,0.0,0.0
127398234896,7.0,0.0,1.0,0.0,0.0,0.0
127449772899,7.0,0.0,1.0,0.0,0.0,0.0
127498358178,7.0,0.0,1.0,0.0,0.0,0.0
127548161292,7.0,0.0,1.0,0.0,0.0,0.0
127599755924,7.0,0.0,1.0,0.0,0.0,0.0
127648276018,7.0,0.0,1.0,0.0,0.0,0.0
127698259465,7.0,0.0,1.0,0.0,0.0,0.0
127749669135,7.0,0.0,1.0,0.0,0.0,0.0
127798292266,7.0,0.0,1.0,0.0,0.0,0.0
127849526880,7.0,0.0,1.0,0.0,0.0,0.0
127898291659,7.0,0.0,1.0,0.0,0.0,0.0
127948284254,7.0,0.0,1.0,0.0,0.0,0.0
128001153221,7.0,0.0,1.0,0.0,0.0,0.0
128048184481,7.0,0.0,1.0,0.0,0.0,0.0
128099883206,7.0,0.0,1.0,0.0,0.0,0.0
128149921801,7.0,0.0,1.0,0.0,0.0,0.0
128198525044,7.0,0.0,1.0,0.0,0.0,0.0
128248261231,7.0,0.0,1.0,0.0,0.0,0.0
128298259807,-0.0,0.0,2.0,0.0,0.0,0.0
128348282791,-0.0,0.0,2.0,0.0,0.0,0.0
128399441423,-0.0,0.0,2.0,0.0,0.0,0.0
128448276573,-0.0,0.0,2.0,0.0,0.0,0.0
128499433113,-0.0,0.0,2.0,0.0,0.0,0.0
128548278819,-0.0,0.0,2.0,0.0,0.0,0.0
128598763451,-0.0,0.0,2.0,0.0,0.0,0.0
128649964768,-0.0,0.0,2.0,0.0,0.0,0.0
128698562066,-0.0,0.0,2.0,0.0,0.0,0.0
128748638902,-0.0,0.0,2.0,0.0,0.0,0.0
128799634590,-0.0,0.0,2.0,0.0,0.0,0.0
128848184425,-0.0,0.0,2.0,0.0,0.0,0.0
128898803798,-0.0,0.0,2.0,0.0,0.0,0.0
128948323263,-0.0,0.0,2.0,0.0,0.0,0.0
128998302062,-0.0,0.0,2.0,0.0,0.0,0.0
129050008769,-0.0,0.0,2.0,0.0,0.0,0.0
129098293863,-0.0,0.0,2.0,0.0,0.0,0.0
129148399588,-0.0,0.0,2.0,0.0,0.0,0.0
129198414960,-0.0,0.0,2.0,0.0,0.0,0.0
129248351333,-0.0,0.0,2.0,0.0,0.0,0.0
129300032929,-0.0,0.0,2.0,0.0,0.0,0.0
129348313005,-0.0,0.0,2.0,0.0,0.0,0.0
129401076378,-0.0,0.0,2.0,0.0,0.0,0.0
129448821732,-0.0,0.0,2.0,0.0,0.0,0.0
129498336252,-0.0,0.0,2.0,0.0,0.0,0.0
129550625422,-0.0,0.0,2.0,0.0,0.0,0.0
129598740850,-0.0,0.0,2.0,0.0,0.0,0.0
129650777057,-0.0,0.0,2.0,0.0,0.0,0.0
129699985652,-0.0,0.0,2.0,0.0,0.0,0.0
129748289802,-0.0,0.0,2.0,0.0,0.0,0.0
129798505156,-0.0,0.0,2.0,0.0,0.0,0.0
129848437918,-0.0,0.0,2.0,0.0,0.0,0.0
129898444790,-0.0,0.0,2.0,0.0,0.0,0.0
129950930016,-0.0,0.0,2.0,0.0,0.0,0.0
129998219184,-0.0,0.0,2.0,0.0,0.0,0.0
130048229372,-0.0,0.0,2.0,0.0,0.0,0.0
130098250578,-0.0,0.0,2.0,0.0,0.0,0.0
130148639470,-0.0,0.0,2.0,0.0,0.0,0.0
130199478083,-0.0,0.0,2.0,0.0,0.0,0.0
130248218178,-0.0,0.0,2.0,0.0,0.0,0.0
130299953774,-0.0,0.0,2.0,0.0,0.0,0.0
130349086665,-0.0,0.0,2.0,0.0,0.0,0.0
130398771352,-0.0,0.0,2.0,0.0,0.0,0.0
130449933059,-0.0,0.0,2.0,0.0,0.0,0.0
130498789098,-0.0,0.0,2.0,0.0,0.0,0.0
130548500452,-0.0,0.0,2.0,0.0,0.0,0.0
130600883122,-0.0,0.0,2.0,0.0,0.0,0.0
130648204161,-0.0,0.0,2.0,0.0,0.0,0.0
130699759960,-0.0,0.0,2.0,0.0,0.0,0.0
130748262666,-0.0,0.0,2.0,0.0,0.0,0.0
130798705669,-0.0,0.0,2.0,0.0,0.0,0.0
130850992024,-0.0,0.0,2.0,0.0,0.0,0.0
130899416896,-0.0,0.0,2.0,0.0,0.0,0.0
130948822787,-0.0,0.0,2.0,0.0,0.0,0.0
130998328290,-0.0,0.0,2.0,0.0,0.0,0.0
131048426959,-0.0,0.0,2.0,0.0,0.0,0.0
131099955925,-0.0,0.0,2.0,0.0,0.0,0.0
131148827835,-0.0,0.0,2.0,0.0,0.0,0.0
131199446208,-0.0,0.0,2.0,0.0,0.0,0.0
131249425396,-0.0,0.0,2.0,0.0,0.0,0.0
131298252120,-0.0,0.0,2.0,0.0,0.0,0.0
131348642456,-0.0,0.0,2.0,0.0,0.0,0.0
131398216310,-0.0,0.0,2.0,0.0,0.0,0.0
131448431313,-0.0,0.0,2.0,0.0,0.0,0.0
131500494520,-0.0,0.0,2.0,0.0,0.0,0.0
131548543651,-0.0,0.0,2.0,0.0,0.0,0.0
131598468895,-0.0,0.0,2.0,0.0,0.0,0.0
131651853213,-0.0,0.0,2.0,0.0,0.0,0.0
131698264252,-0.0,0.0,2.0,0.0,0.0,0.0
131748494106,-0.0,0.0,2.0,0.0,0.0,0.0
131798334072,-0.0,0.0,2.0,0.0,0.0,0.0
131848204519,-0.0,0.0,2.0,0.0,0.0,0.0
131901407597,-0.0,0.0,2.0,0.0,0.0,0.0
131948110154,-0.0,0.0,2.0,0.0,0.0,0.0
131998228786,-0.0,0.0,2.0,0.0,0.0,0.0
132051945883,-0.0,0.0,2.0,0.0,0.0,0.0
132098242976,-0.0,0.0,2.0,0.0,0.0,0.0
132148673461,-0.0,0.0,2.0,0.0,0.0,0.0
132198199019,-0.0,0.0,2.0,0.0,0.0,0.0
132248300021,-0.0,0.0,2.0,0.0,0.0,0.0
132300852933,-0.0,0.0,2.0,0.0,0.0,0.0
132348222323,-0.0,0.0,2.0,0.0,0.0,0.0
132400478067,-0.0,0.0,2.0,0.0,0.0,0.0
132448289476,-0.0,0.0,2.0,0.0,0.0,0.0
132498237201,-0.0,0.0,2.0,0.0,0.0,0.0
132551353113,-0.0,0.0,2.0,0.0,0.0,0.0
132598753762,-0.0,0.0,2.0,0.0,0.0,0.0
132649196043,-0.0,0.0,2.0,0.0,0.0,0.0
132700058787,-0.0,0.0,2.0,0.0,0.0,0.0
132748176474,-0.0,0.0,2.0,0.0,0.0,0.0
132798650088,-0.0,0.0,2.0,0.0,0.0,0.0
132848174554,-0.0,0.0,2.0,0.0,0.0,0.0
132898260556,-0.0,0.0,2.0,0.0,0.0,0.0
132950154023,-0.0,0.0,2.0,0.0,0.0,0.0
132998394229,-0.0,0.0,2.0,0.0,0.0,0.0
133049350046,-0.0,0.0,2.0,0.0,0.0,0.0
133100995513,-0.0,0.0,2.0,0.0,0.0,0.0
133148220774,-0.0,0.0,2.0,0.0,0.0,0.0
133199650147,-0.0,0.0,2.0,0.0,0.0,0.0
133248176001,-0.0,0.0,2.0,0.0,0.0,0.0
133299727227,-0.0,0.0,2.0,0.0,0.0,0.0
133351774138,-0.0,0.0,2.0,0.0,0.0,0.0
133398278861,-0.0,0.0,2.0,0.0,0.0,0.0
133448362401,-0.0,0.0,2.0,0.0,0.0,0.0
133498171182,-0.0,0.0,2.0,0.0,0.0,0.0
133548150147,-0.0,0.0,2.0,0.0,0.0,0.0
133599522984,-0.0,0.0,2.0,0.0,0.0,0.0
133648174209,-0.0,0.0,2.0,0.0,0.0,0.0
133698330693,-0.0,0.0,2.0,0.0,0.0,0.0
133748084807,-0.0,0.0,2.0,0.0,0.0,0.0
133798106884,-0.0,0.0,2.0,0.0,0.0,0.0
133848820665,-0.0,0.0,2.0,0.0,0.0,0.0
133898280241,-0.0,0.0,2.0,0.0,0.0,0.0
133949857819,-0.0,0.0,2.0,0.0,0.0,0.0
133999759840,-0.0,0.0,2.0,0.0,0.0,0.0
134048310583,-0.0,0.0,2.0,0.0,0.0,0.0
134098716401,-0.0,0.0,2.0,0.0,0.0,0.0
134148303311,-0.0,0.0,2.0,0.0,0.0,0.0
134198811073,-0.0,0.0,2.0,0.0,0.0,0.0
134250306003,-0.0,0.0,2.0,0.0,0.0,0.0
134298521338,-0.0,0.0,2.0,0.0,0.0,0.0
134349032860,-0.0,0.0,2.0,0.0,0.0,0.0
134399111437,-0.0,0.0,2.0,0.0,0.0,0.0
134448785476,-0.0,0.0,2.0,0.0,0.0,0.0
134499336479,-0.0,0.0,2.0,0.0,0.0,0.0
134548270000,7.2,0.0,1.0,0.0,0.0,0.0
134601739856,7.2,0.0,1.0,0.0,0.0,0.0
134648224043,7.2,0.0,1.0,0.0,0.0,0.0
134698273620,7.2,0.0,1.0,0.0,0.0,0.0
134748913327,7.2,0.0,1.0,0.0,0.0,0.0
134798612496,7.2,0.0,1.0,0.0,0.0,0.0
134849830259,7.2,0.0,1.0,0.0,0.0,0.0
134898276187,7.2,0.0,1.0,0.0,0.0,0.0
134948274153,7.2,0.0,1.0,0.0,0.0,0.0
135000331657,7.2,0.0,1.0,0.0,0.0,0.0
135048332177,7.2,0.0,1.0,0.0,0.0,0.0
135098611014,7.2,0.0,1.0,0.0,0.0,0.0
135149474647,7.2,0.0,1.0,0.0,0.0,0.0
135200010057,7.2,0.0,1.0,0.0,0.0,0.0
135249332541,7.2,0.0,1.0,0.0,0.0,0.0
135298261674,7.2,0.0,1.0,0.0,0.0,0.0
135348251769,7.2,0.0,1.0,0.0,0.0,0.0
135400575791,7.2,0.0,1.0,0.0,0.0,0.0
135448434034,7.2,0.0,1.0,0.0,0.0,0.0
135500244631,7.2,0.0,1.0,0.0,0.0,0.0
135548385133,7.2,0.0,1.0,0.0,0.0,0.0
135598288321,7.2,0.0,1.0,0.0,0.0,0.0
135651819547,7.2,0.0,1.0,0.0,0.0,0.0
135698224604,7.2,0.0,1.0,0.0,0.0,0.0
135749971886,7.2,0.0,1.0,0.0,0.0,0.0
135798238222,7.2,0.0,1.0,0.0,0.0,0.0
135848293836,7.2,0.0,1.0,0.0,0.0,0.0
135901420340,7.2,0.0,1.0,0.0,0.0,0.0
135948260138,7.2,0.0,1.0,0.0,0.0,0.0
135998607919,7.2,0.0,1.0,0.0,0.0,0.0
136048322033,7.2,0.0,1.0,0.0,0.0,0.0
136098344314,7.2,0.0,1.0,0.0,0.0,0.0
136150780059,7.2,0.0,1.0,0.0,0.0,0.0
136198670968,7.2,0.0,1.0,0.0,0.0,0.0
136249210953,7.2,0.0,1.0,0.0,0.0,0.0
136298288715,7.2,0.0,1.0,0.0,0.0,0.0
136348318107,7.2,0.0,1.0,0.0,0.0,0.0
136400799277,7.2,0.0,1.0,0.0,0.0,0.0
136448100464,7.2,0.0,1.0,0.0,0.0,0.0
136498288801,7.2,0.0,1.0,0.0,0.0,0.0
136548234007,7.2,0.0,1.0,0.0,0.0,0.0
136599410437,7.2,0.0,1.0,0.0,0.0,0.0
136648215180,7.2,0.0,1.0,0.0,0.0,0.0
136698289813,7.2,0.0,1.0,0.0,0.0,0.0
136750313854,7.2,0.0,1.0,0.0,0.0,0.0
136798725986,7.2,0.0,1.0,0.0,0.0,0.0
136849536415,7.2,0.0,1.0,0.0,0.0,0.0
136899373641,7.2,0.0,1.0,0.0,0.0,0.0
136948173532,7.2,0.0,1.0,0.0,0.0,0.0
137004751464,7.2,0.0,1.0,0.0,0.0,0.0
137048380742,7.2,0.0,1.0,0.0,0.0,0.0
137099048912,7.2,0.0,1.0,0.0,0.0,0.0
137148303822,7.2,0.0,1.0,0.0,0.0,0.0
137198480066,7.2,0.0,1.0,0.0,0.0,0.0
137249658607,7.2,0.0,1.0,0.0,0.0,0.0
137298299739,7.2,0.0,1.0,0.0,0.0,0.0
137348537279,7.2,0.0,1.0,0.0,0.0,0.0
137398363375,7.2,0.0,1.0,0.0,0.0,0.0
137448348748,7.2,0.0,1.0,0.0,0.0,0.0
137500607623,7.2,0.0,1.0,0.0,0.0,0.0
137548251736,7.2,0.0,1.0,0.0,0.0,0.0
137598303017,7.2,0.0,1.0,0.0,0.0,0.0
137648376668,7.2,0.0,1.0,0.0,0.0,0.0
137699170857,7.2,0.0,1.0,0.0,0.0,0.0
137749912546,7.2,0.0,1.0,0.0,0.0,0.0
137798202622,-0.0,0.0,2.0,0.0,0.0,0.0
137852964035,-0.0,0.0,2.0,0.0,0.0,0.0
137898329647,-0.0,0.0,2.0,0.0,0.0,0.0
137948210706,-0.0,0.0,2.0,0.0,0.0,0.0
138000196506,-0.0,0.0,2.0,0.0,0.0,0.0
138048232805,-0.0,0.0,2.0,0.0,0.0,0.0
138098345530,-0.0,0.0,2.0,0.0,0.0,0.0
138148281034,-0.0,0.0,2.0,0.0,0.0,0.0
138198108944,-0.0,0.0,2.0,0.0,0.0,0.0
138249996281,-0.0,0.0,2.0,0.0,0.0,0.0
138298270025,-0.0,0.0,2.0,0.0,0.0,0.0
138349217973,-0.0,0.0,2.0,0.0,0.0,0.0
138398134420,-0.0,0.0,2.0,0.0,0.0,0.0
138448145256,-0.0,0.0,2.0,0.0,0.0,0.0
138500657761,-0.0,0.0,2.0,0.0,0.0,0.0
138548281244,-0.0,0.0,2.0,0.0,0.0,0.0
138598092599,-0.0,0.0,2.0,0.0,0.0,0.0
138650361937,-0.0,0.0,2.0,0.0,0.0,0.0
138698052847,-0.0,0.0,2.0,0.0,0.0,0.0
138750323573,-0.0,0.0,2.0,0.0,0.0,0.0
138798323464,-0.0,0.0,2.0,0.0,0.0,0.0
138848347282,-0.0,0.0,2.0,0.0,0.0,0.0
138899920620,-0.0,0.0,2.0,0.0,0.0,0.0
138948196919,-0.0,0.0,2.0,0.0,0.0,0.0
138998489885,-0.0,0.0,2.0,0.0,0.0,0.0
139049089685,-0.0,0.0,2.0,0.0,0.0,0.0
139098264891,-0.0,0.0,2.0,0.0,0.0,0.0
139150494507,-0.0,0.0,2.0,0.0,0.0,0.0
139199081380,-0.0,0.0,2.0,0.0,0.0,0.0
139249946402,-0.0,0.0,2.0,0.0,0.0,0.0
139300069850,-0.0,0.0,2.0,0.0,0.0,0.0
139348321649,-0.0,0.0,2.0,0.0,0.0,0.0
139401050246,-0.0,0.0,2.0,0.0,0.0,0.0
139448306951,-0.0,0.0,2.0,0.0,0.0,0.0
139498908566,-0.0,0.0,2.0,0.0,0.0,0.0
139552745275,-0.0,0.0,2.0,0.0,0.0,0.0
139598342795,0.0,0.0,0.0,0.0,0.0,0.0
139648389909,0.0,0.0,0.0,0.0,0.0,0.0
139698204524,0.0,0.0,0.0,0.0,0.0,0.0
139748324323,0.0,0.0,0.0,0.0,0.0,0.0
139802381236,0.0,0.0,0.0,0.0,0.0,0.0
139848391534,0.0,0.0,0.0,0.0,0.0,0.0
139899662464,0.0,0.0,0.0,0.0,0.0,0.0
139948791189,0.0,0.0,0.0,0.0,0.0,0.0
139998863081,0.0,0.0,0.0,0.0,0.0,0.0
140050236381,0.0,0.0,0.0,0.0,0.0,0.0
140098307921,0.0,0.0,0.0,0.0,0.0,0.0
140148398832,0.0,0.0,0.0,0.0,0.0,0.0
140200297003,0.0,0.0,0.0,0.0,0.0,0.0
140248267746,0.0,0.0,0.0,0.0,0.0,0.0
140298972212,0.0,0.0,0.0,0.0,0.0,0.0
140349936105,0.0,0.0,0.0,0.0,0.0,0.0
140398889830,0.0,0.0,0.0,0.0,0.0,0.0
140451275112,0.0,0.0,0.0,0.0,0.0,0.0
140498402411,0.0,0.0,0.0,0.0,0.0,0.0
140548868748,0.0,0.0,0.0,0.0,0.0,0.0
140601149215,0.0,0.0,0.0,0.0,0.0,0.0
140648308199,0.0,0.0,0.0,0.0,0.0,0.0
140698102073,0.0,0.0,0.0,0.0,0.0,0.0
140748200150,0.0,0.0,0.0,0.0,0.0,0.0
140798149209,0.0,0.0,0.0,0.0,0.0,0.0
140850511084,0.0,0.0,0.0,0.0,0.0,0.0
140898078901,0.0,0.0,0.0,0.0,0.0,0.0
140948416201,0.0,0.0,0.0,0.0,0.0,0.0
140998187575,0.0,0.0,0.0,0.0,0.0,0.0
141048799264,0.0,0.0,0.0,0.0,0.0,0.0
141100247398,0.0,0.0,0.0,0.0,0.0,0.0
141148261159,0.0,0.0,0.0,0.0,0.0,0.0
141199688089,0.0,0.0,0.0,0.0,0.0,0.0
141248355370,0.0,0.0,0.0,0.0,0.0,0.0
141298254688,0.0,0.0,0.0,0.0,0.0,0.0
141352167027,0.0,0.0,0.0,0.0,0.0,0.0
141398599751,0.0,0.0,0.0,0.0,0.0,0.0
141450226200,0.0,0.0,0.0,0.0,0.0,0.0
141500264814,0.0,0.0,0.0,0.0,0.0,0.0
141548176094,0.0,0.0,0.0,0.0,0.0,0.0
141598709728,0.0,0.0,0.0,0.0,0.0,0.0
141648311176,0.0,0.0,0.0,0.0,0.0,0.0
141701463421,0.0,0.0,0.0,0.0,0.0,0.0
141750142628,0.0,0.0,0.0,0.0,0.0,0.0
141798232260,0.0,0.0,0.0,0.0,0.0,0.0
141848571486,0.0,0.0,0.0,0.0,0.0,0.0
141898815360,0.0,0.0,0.0,0.0,0.0,0.0
141948349493,0.0,0.0,0.0,0.0,0.0,0.0
141999611886,0.0,0.0,0.0,0.0,0.0,0.0
142048341648,0.0,0.0,0.0,0.0,0.0,0.0
142098310022,0.0,0.0,0.0,0.0,0.0,0.0
142148231211,0.0,0.0,0.0,0.0,0.0,0.0
142198619474,0.0,0.0,0.0,0.0,0.0,0.0
142254266906,0.0,0.0,0.0,0.0,0.0,0.0
142298820944,0.0,0.0,0.0,0.0,0.0,0.0
142349310318,0.0,0.0,0.0,0.0,0.0,0.0
142398295099,0.0,0.0,0.0,0.0,0.0,0.0
142448218732,0.0,0.0,0.0,0.0,0.0,0.0
142500774941,0.0,0.0,0.0,0.0,0.0,0.0
142548253406,0.0,0.0,0.0,0.0,0.0,0.0
142598329854,0.0,0.0,0.0,0.0,0.0,0.0
142648211024,0.0,0.0,0.0,0.0,0.0,0.0
142698205861,0.0,0.0,0.0,0.0,0.0,0.0
142749375903,0.0,0.0,0.0,0.0,0.0,0.0
142798262961,0.0,0.0,0.0,0.0,0.0,0.0
142850509207,0.0,0.0,0.0,0.0,0.0,0.0
142900393470,0.0,0.0,0.0,0.0,0.0,0.0
142948288824,0.0,0.0,0.0,0.0,0.0,0.0
142998653717,0.0,0.0,0.0,0.0,0.0,0.0
143048883554,0.0,0.0,0.0,0.0,0.0,0.0
143098285631,0.0,0.0,0.0,0.0,0.0,0.0
143150446321,0.0,0.0,0.0,0.0,0.0,0.0
143198365491,0.0,0.0,0.0,0.0,0.0,0.0
143248690587,0.0,0.0,0.0,0.0,0.0,0.0
143301106943,0.0,0.0,0.0,0.0,0.0,0.0
143348200798,0.0,0.0,0.0,0.0,0.0,0.0
143399643709,0.0,0.0,0.0,0.0,0.0,0.0
143448445083,0.0,0.0,0.0,0.0,0.0,0.0
143498436957,0.0,0.0,0.0,0.0,0.0,0.0
143550644036,0.0,0.0,0.0,0.0,0.0,0.0
143598293834,0.0,0.0,0.0,0.0,0.0,0.0
143651195525,0.0,0.0,0.0,0.0,0.0,0.0
143698232768,0.0,0.0,0.0,0.0,0.0,0.0
143748212975,0.0,0.0,0.0,0.0,0.0,0.0
143799538517,0.0,0.0,0.0,0.0,0.0,0.0
143848242594,0.0,0.0,0.0,0.0,0.0,0.0
143900938265,0.0,0.0,0.0,0.0,0.0,0.0
143948212749,0.0,0.0,0.0,0.0,0.0,0.0
143998151735,0.0,0.0,0.0,0.0,0.0,0.0
144051005351,0.0,0.0,0.0,0.0,0.0,0.0
144099306280,0.0,0.0,0.0,0.0,0.0,0.0
144148671468,0.0,0.0,0.0,0.0,0.0,0.0
144198226879,0.0,0.0,0.0,0.0,0.0,0.0
144248288124,0.0,0.0,0.0,0.0,0.0,0.0
144299774887,0.0,0.0,0.0,0.0,0.0,0.0
144348307094,0.0,0.0,0.0,0.0,0.0,0.0
144398393728,0.0,0.0,0.0,0.0,0.0,0.0
144448696361,0.0,0.0,0.0,0.0,0.0,0.0
144500895810,0.0,0.0,0.0,0.0,0.0,0.0
144548434887,0.0,0.0,0.0,0.0,0.0,0.0
144598196891,0.0,0.0,0.0,0.0,0.0,0.0
144649105839,0.0,0.0,0.0,0.0,0.0,0.0
144699790510,0.0,0.0,0.0,0.0,0.0,0.0
144750224477,0.0,0.0,0.0,0.0,0.0,0.0
144798709313,0.0,0.0,0.0,0.0,0.0,0.0
144848978780,0.0,0.0,0.0,0.0,0.0,0.0
144901785804,0.0,0.0,0.0,0.0,0.0,0.0
144948978029,0.0,0.0,0.0,0.0,0.0,0.0
144998272884,0.0,0.0,0.0,0.0,0.0,0.0
145049017925,0.0,0.0,0.0,0.0,0.0,0.0
145098943948,0.0,0.0,0.0,0.0,0.0,0.0
145151753064,0.0,0.0,0.0,0.0,0.0,0.0
145198208362,0.0,0.0,0.0,0.0,0.0,0.0
145253579739,0.0,0.0,0.0,0.0,0.0,0.0
145298981111,0.0,0.0,0.0,0.0,0.0,0.0
145348839967,0.0,0.0,0.0,0.0,0.0,0.0
145399887730,0.0,0.0,0.0,0.0,0.0,0.0
145448488437,0.0,0.0,0.0,0.0,0.0,0.0
145498430682,0.0,0.0,0.0,0.0,0.0,0.0
145548276408,0.0,0.0,0.0,0.0,0.0,0.0
145598182856,0.0,0.0,0.0,0.0,0.0,0.0
145649757694,0.0,0.0,0.0,0.0,0.0,0.0
145698215716,0.0,0.0,0.0,0.0,0.0,0.0
145749926202,0.0,0.0,0.0,0.0,0.0,0.0
145798254168,0.0,0.0,0.0,0.0,0.0,0.0
145848201209,0.0,0.0,0.0,0.0,0.0,0.0
145901967881,0.0,0.0,0.0,0.0,0.0,0.0
145948159031,0.0,0.0,0.0,0.0,0.0,0.0
145999768740,0.0,0.0,0.0,0.0,0.0,0.0
146051408652,0.0,0.0,0.0,0.0,0.0,0.0
146098303506,0.0,0.0,0.0,0.0,0.0,0.0
146149316992,0.0,0.0,0.0,0.0,0.0,0.0
146198180329,0.0,0.0,0.0,0.0,0.0,0.0
146248261888,0.0,0.0,0.0,0.0,0.0,0.0
146300695634,0.0,0.0,0.0,0.0,0.0,0.0
146348208655,0.0,0.0,0.0,0.0,0.0,0.0
146398260141,0.0,0.0,0.0,0.0,0.0,0.0
146448440089,0.0,0.0,0.0,0.0,0.0,0.0
146498238167,0.0,0.0,0.0,0.0,0.0,0.0
146549608246,0.0,0.0,0.0,0.0,0.0,0.0
146598441953,0.0,0.0,0.0,0.0,0.0,0.0
146651216421,0.0,0.0,0.0,0.0,0.0,0.0
146698757757,0.0,0.0,0.0,0.0,0.0,0.0
146748242965,0.0,0.0,0.0,0.0,0.0,0.0
146799652766,0.0,0.0,0.0,0.0,0.0,0.0
146848122324,0.0,0.0,0.0,0.0,0.0,0.0
146898122310,0.0,0.0,0.0,0.0,0.0,0.0
146949658759,0.0,0.0,0.0,0.0,0.0,0.0
146998163003,0.0,0.0,0.0,0.0,0.0,0.0
147049843026,0.0,0.0,0.0,0.0,0.0,0.0
147098225122,0.0,0.0,0.0,0.0,0.0,0.0
147148108978,0.0,0.0,0.0,0.0,0.0,0.0
147203726059,0.0,0.0,0.0,0.0,0.0,0.0
147248815579,0.0,0.0,0.0,0.0,0.0,0.0
147299527935,0.0,0.0,0.0,0.0,0.0,0.0
147348917087,0.0,0.0,0.0,0.0,0.0,0.0
147398251591,0.0,0.0,0.0,0.0,0.0,0.0
147449040021,0.0,0.0,0.0,0.0,0.0,0.0
147498447765,0.0,0.0,0.0,0.0,0.0,0.0
147549762826,0.0,0.0,0.0,0.0,0.0,0.0
147600621904,0.0,0.0,0.0,0.0,0.0,0.0
147648310148,0.0,0.0,0.0,0.0,0.0,0.0
147698916874,0.0,0.0,0.0,0.0,0.0,0.0
147748191823,0.0,0.0,0.0,0.0,0.0,0.0
147798173160,0.0,0.0,0.0,0.0,0.0,0.0
147849606517,0.0,0.0,0.0,0.0,0.0,0.0
147899326632,0.0,0.0,0.0,0.0,0.0,0.0
147949390173,0.0,0.0,0.0,0.0,0.0,0.0
148000540622,0.0,0.0,0.0,0.0,0.0,0.0
148048942329,0.0,0.0,0.0,0.0,0.0,0.0
148099634926,0.0,0.0,0.0,0.0,0.0,0.0
148148424892,0.0,0.0,0.0,0.0,0.0,0.0
148199410804,0.0,0.0,0.0,0.0,0.0,0.0
148251747254,0.0,0.0,0.0,0.0,0.0,0.0
148298346849,0.0,0.0,0.0,0.0,0.0,0.0
148348526483,0.0,0.0,0.0,0.0,0.0,0.0
148398345209,0.0,0.0,0.0,0.0,0.0,0.0
148448540862,0.0,0.0,0.0,0.0,0.0,0.0
148500038200,0.0,0.0,0.0,0.0,0.0,0.0
148548313555,0.0,0.0,0.0,0.0,0.0,0.0
148601195875,0.0,0.0,0.0,0.0,0.0,0.0
148648988063,0.0,0.0,0.0,0.0,0.0,0.0
148698264919,0.0,0.0,0.0,0.0,0.0,0.0
148748408238,0.0,0.0,0.0,0.0,0.0,0.0
148798379039,0.0,0.0,0.0,0.0,0.0,0.0
148848301172,0.0,0.0,0.0,0.0,0.0,0.0
148900010788,0.0,0.0,0.0,0.0,0.0,0.0
148948220440,0.0,0.0,0.0,0.0,0.0,0.0
148998417926,0.0,0.0,0.0,0.0,0.0,0.0
149048866837,0.0,0.0,0.0,0.0,0.0,0.0
149098185915,0.0,0.0,0.0,0.0,0.0,0.0
149150175346,0.0,0.0,0.0,0.0,0.0,0.0
149198307165,0.0,0.0,0.0,0.0,0.0,0.0
149248622669,0.0,0.0,0.0,0.0,0.0,0.0
149300443989,0.0,0.0,0.0,0.0,0.0,0.0
149348233103,0.0,0.0,0.0,0.0,0.0,0.0
149398897552,0.0,0.0,0.0,0.0,0.0,0.0
149448235945,0.0,0.0,0.0,0.0,0.0,0.0
149498303764,0.0,0.0,0.0,0.0,0.0,0.0
149549637954,0.0,0.0,0.0,0.0,0.0,0.0
149598259235,0.0,0.0,0.0,0.0,0.0,0.0
149649052369,0.0,0.0,0.0,0.0,0.0,0.0
149698249614,0.0,0.0,0.0,0.0,0.0,0.0
149748111285,0.0,0.0,0.0,0.0,0.0,0.0
149805227644,0.0,0.0,0.0,0.0,0.0,0.0
149848937257,0.0,0.0,0.0,0.0,0.0,0.0
149899924724,0.0,0.0,0.0,0.0,0.0,0.0
149950365377,0.0,0.0,0.0,0.0,0.0,0.0
149998509547,0.0,0.0,0.0,0.0,0.0,0.0
150049208181,0.0,0.0,0.0,0.0,0.0,0.0
150098336926,0.0,0.0,0.0,0.0,0.0,0.0
150148622171,0.0,0.0,0.0,0.0,0.0,0.0
150200109583,0.0,0.0,0.0,0.0,0.0,0.0
150248242957,0.0,0.0,0.0,0.0,0.0,0.0
150298402165,0.0,0.0,0.0,0.0,0.0,0.0
150348472762,0.0,0.0,0.0,0.0,0.0,0.0
150398559415,0.0,0.0,0.0,0.0,0.0,0.0
150451579087,0.0,0.0,0.0,0.0,0.0,0.0
150498245386,0.0,0.0,0.0,0.0,0.0,0.0
150548396464,0.0,0.0,0.0,0.0,0.0,0.0
150598209746,0.0,0.0,0.0,0.0,0.0,0.0
150648243917,0.0,0.0,0.0,0.0,0.0,0.0
150699225478,0.0,0.0,0.0,0.0,0.0,0.0
150748211741,0.0,0.0,0.0,0.0,0.0,0.0
150798447134,0.0,0.0,0.0,0.0,0.0,0.0
150848885287,0.0,0.0,0.0,0.0,0.0,0.0
150898812236,0.0,0.0,0.0,0.0,0.0,0.0
150948962166,0.0,0.0,0.0,0.0,0.0,0.0
150998180948,0.0,0.0,0.0,0.0,0.0,0.0
151051505620,0.0,0.0,0.0,0.0,0.0,0.0
151100898272,0.0,0.0,0.0,0.0,0.0,0.0
151148297146,0.0,0.0,0.0,0.0,0.0,0.0
151198532669,0.0,0.0,0.0,0.0,0.0,0.0
151248277525,0.0,0.0,0.0,0.0,0.0,0.0
151298291474,0.0,0.0,0.0,0.0,0.0,0.0
151351554739,0.0,0.0,0.0,0.0,0.0,0.0
151398267131,0.0,0.0,0.0,0.0,0.0,0.0
151448404265,0.0,0.0,0.0,0.0,0.0,0.0
151498293677,0.0,0.0,0.0,0.0,0.0,0.0
151548493940,0.0,0.0,0.0,0.0,0.0,0.0
151600371612,0.0,0.0,0.0,0.0,0.0,0.0
151648906616,0.0,0.0,0.0,0.0,0.0,0.0
151698153342,0.0,0.0,0.0,0.0,0.0,0.0
151748259384,0.0,0.0,0.0,0.0,0.0,0.0
151798207907,0.0,0.0,0.0,0.0,0.0,0.0
151851059246,0.0,0.0,0.0,0.0,0.0,0.0
151898215990,0.0,0.0,0.0,0.0,0.0,0.0
151948328661,0.0,0.0,0.0,0.0,0.0,0.0
151998188758,0.0,0.0,0.0,0.0,0.0,0.0
152048191040,0.0,0.0,0.0,0.0,0.0,0.0
152099901119,0.0,0.0,0.0,0.0,0.0,0.0
152148768512,0.0,0.0,0.0,0.0,0.0,0.0
152199264887,0.0,0.0,0.0,0.0,0.0,0.0
152251088707,0.0,0.0,0.0,0.0,0.0,0.0
152298410173,0.0,0.0,0.0,0.0,0.0,0.0
152350765531,0.0,0.0,0.0,0.0,0.0,0.0
152398148719,0.0,0.0,0.0,0.0,0.0,0.0
152448251687,-0.0,0.0,2.0,0.0,0.0,0.0
152500761026,-0.0,0.0,2.0,0.0,0.0,0.0
152548930159,-0.0,0.0,2.0,0.0,0.0,0.0
152599667441,-0.0,0.0,2.0,0.0,0.0,0.0
152650958113,-0.0,0.0,2.0,0.0,0.0,0.0
152698240950,-0.0,0.0,2.0,0.0,0.0,0.0
152748905084,-0.0,0.0,2.0,0.0,0.0,0.0
152798612089,-0.0,0.0,2.0,0.0,0.0,0.0
152848845667,-0.0,0.0,2.0,0.0,0.0,0.0
152903375878,-0.0,0.0,2.0,0.0,0.0,0.0
152948177454,-0.0,0.0,2.0,0.0,0.0,0.0
153001620441,-0.0,0.0,2.0,0.0,0.0,0.0
153048221407,-0.0,0.0,2.0,0.0,0.0,0.0
153098277430,-0.0,0.0,2.0,0.0,0.0,0.0
153148575287,-0.0,0.0,2.0,0.0,0.0,0.0
153198216810,-0.0,0.0,2.0,0.0,0.0,0.0
153248229203,-0.0,0.0,2.0,0.0,0.0,0.0
153299269282,-0.0,0.0,2.0,0.0,0.0,0.0
153348387194,-0.0,0.0,2.0,0.0,0.0,0.0
153398969439,-0.0,0.0,2.0,0.0,0.0,0.0
153448232147,-0.0,0.0,2.0,0.0,0.0,0.0
153498166541,-0.0,0.0,2.0,0.0,0.0,0.0
153553489103,-0.0,0.0,2.0,0.0,0.0,0.0
153598477050,-0.0,0.0,2.0,0.0,0.0,0.0
153649038962,-0.0,0.0,2.0,0.0,0.0,0.0
153699856893,-0.0,0.0,2.0,0.0,0.0,0.0
153748280434,-0.0,0.0,2.0,0.0,0.0,0.0
153799737588,-0.0,0.0,2.0,0.0,0.0,0.0
153848423592,-0.0,0.0,2.0,0.0,0.0,0.0
153899677356,-0.0,0.0,2.0,0.0,0.0,0.0
153948647416,-0.0,0.0,2.0,0.0,0.0,0.0
153998206198,-0.0,0.0,2.0,0.0,0.0,0.0
154051410000,-0.0,0.0,2.0,0.0,0.0,0.0
154098725078,-0.0,0.0,2.0,0.0,0.0,0.0
154149352305,-0.0,0.0,2.0,0.0,0.0,0.0
154200800847,-0.0,0.0,2.0,0.0,0.0,0.0
154248504703,-0.0,0.0,2.0,0.0,0.0,0.0
154298576763,-0.0,0.0,2.0,0.0,0.0,0.0
154348175156,-0.0,0.0,2.0,0.0,0.0,0.0
154398296068,-0.0,0.0,2.0,0.0,0.0,0.0
154450051481,-0.0,0.0,2.0,0.0,0.0,0.0
154498658967,-0.0,0.0,2.0,0.0,0.0,0.0
154550102713,-0.0,0.0,2.0,0.0,0.0,0.0
154598915217,-0.0,0.0,2.0,0.0,0.0,0.0
154648234295,-0.0,0.0,2.0,0.0,0.0,0.0
154699892338,-0.0,0.0,2.0,0.0,0.0,0.0
154748266008,-0.0,0.0,2.0,0.0,0.0,0.0
154800383736,-0.0,0.0,2.0,0.0,0.0,0.0
154852211131,-0.0,0.0,2.0,0.0,0.0,0.0
154898293319,-0.0,0.0,2.0,0.0,0.0,0.0
154948295546,-0.0,0.0,2.0,0.0,0.0,0.0
154998201772,-0.0,0.0,2.0,0.0,0.0,0.0
155048291222,-0.0,0.0,2.0,0.0,0.0,0.0
155103805451,-0.0,0.0,2.0,0.0,0.0,0.0
155148501824,-0.0,0.0,2.0,0.0,0.0,0.0
155198772032,-0.0,0.0,2.0,0.0,0.0,0.0
155249290574,-0.0,0.0,2.0,0.0,0.0,0.0
155298619245,-0.0,0.0,2.0,0.0,0.0,0.0
155350165621,-0.0,0.0,2.0,0.0,0.0,0.0
155398382162,-0.0,0.0,2.0,0.0,0.0,0.0
155450394723,-0.0,0.0,2.0,0.0,0.0,0.0
155498761616,-0.0,0.0,2.0,0.0,0.0,0.0
155548091769,-0.0,0.0,2.0,0.0,0.0,0.0
155598237977,-0.0,0.0,2.0,0.0,0.0,0.0
155648140908,-0.0,0.0,2.0,0.0,0.0,0.0
155698279616,-0.0,0.0,2.0,0.0,0.0,0.0
155749443344,-0.0,0.0,2.0,0.0,0.0,0.0
155798323311,-0.0,0.0,2.0,0.0,0.0,0.0
155849962743,-0.0,0.0,2.0,0.0,0.0,0.0
155898244524,-0.0,0.0,2.0,0.0,0.0,0.0
155948217585,-0.0,0.0,2.0,0.0,0.0,0.0
155999392016,-0.0,0.0,2.0,0.0,0.0,0.0
156048166094,-0.0,0.0,2.0,0.0,0.0,0.0
156098522766,-0.0,0.0,2.0,0.0,0.0,0.0
156151961458,-0.0,0.0,2.0,0.0,0.0,0.0
156198246924,-0.0,0.0,2.0,0.0,0.0,0.0
156248424688,-0.0,0.0,2.0,0.0,0.0,0.0
156298251859,-0.0,0.0,2.0,0.0,0.0,0.0
156348302123,-0.0,0.0,2.0,0.0,0.0,0.0
156400941814,-0.0,0.0,2.0,0.0,0.0,0.0
156448234485,-0.0,0.0,2.0,0.0,0.0,0.0
156498467971,-0.0,0.0,2.0,0.0,0.0,0.0
156548630902,-0.0,0.0,2.0,0.0,0.0,0.0
156598249666,-0.0,0.0,2.0,0.0,0.0,0.0
156652785395,-0.0,0.0,2.0,0.0,0.0,0.0
156698302249,-0.0,0.0,2.0,0.0,0.0,0.0
156752354404,-0.0,0.0,2.0,0.0,0.0,0.0
156798943908,-0.0,0.0,2.0,0.0,0.0,0.0
156848220616,-0.0,0.0,2.0,0.0,0.0,0.0
156898450602,-0.0,0.0,2.0,0.0,0.0,0.0
156948279700,-0.0,0.0,2.0,0.0,0.0,0.0
156999462372,-0.0,0.0,2.0,0.0,0.0,0.0
157050269822,-0.0,0.0,2.0,0.0,0.0,0.0
157098319270,-0.0,0.0,2.0,0.0,0.0,0.0
157149083868,-0.0,0.0,2.0,0.0,0.0,0.0
157198292317,-0.0,0.0,2.0,0.0,0.0,0.0
157249439970,-0.0,0.0,2.0,0.0,0.0,0.0
157298795771,-0.0,0.0,2.0,0.0,0.0,0.0
157348217091,-0.0,0.0,2.0,0.0,0.0,0.0
157400398763,-0.0,0.0,2.0,0.0,0.0,0.0
157448236341,-0.0,0.0,2.0,0.0,0.0,0.0
157498447124,-0.0,0.0,2.0,0.0,0.0,0.0
157549843018,-0.0,0.0,2.0,0.0,0.0,0.0
157598822949,-0.0,0.0,2.0,0.0,0.0,0.0
157648483453,-0.0,0.0,2.0,0.0,0.0,0.0
157698401292,-0.0,0.0,2.0,0.0,0.0,0.0
157748216297,-0.0,0.0,2.0,0.0,0.0,0.0
157799275265,-0.0,0.0,2.0,0.0,0.0,0.0
157848517418,-0.0,0.0,2.0,0.0,0.0,0.0
157899463683,-0.0,0.0,2.0,0.0,0.0,0.0
157951372596,-0.0,0.0,2.0,0.0,0.0,0.0
157998240229,-0.0,0.0,2.0,0.0,0.0,0.0
158049210549,-0.0,0.0,2.0,0.0,0.0,0.0
158098856721,-0.0,0.0,2.0,0.0,0.0,0.0
158148536503,-0.0,0.0,2.0,0.0,0.0,0.0
158199477453,-0.0,0.0,2.0,0.0,0.0,0.0
158248520569,-0.0,0.0,2.0,0.0,0.0,0.0
158298567759,-0.0,0.0,2.0,0.0,0.0,0.0
158348384079,-0.0,0.0,2.0,0.0,0.0,0.0
158398684176,-0.0,0.0,2.0,0.0,0.0,0.0
158450050071,-0.0,0.0,2.0,0.0,0.0,0.0
158498446001,-0.0,0.0,2.0,0.0,0.0,0.0
158549190191,-0.0,0.0,2.0,0.0,0.0,0.0
158600173289,-0.0,0.0,2.0,0.0,0.0,0.0
158648327997,-0.0,0.0,2.0,0.0,0.0,0.0
158700817967,-0.0,0.0,2.0,0.0,0.0,0.0
158748237285,-0.0,0.0,2.0,0.0,0.0,0.0
158798380050,-0.0,0.0,2.0,0.0,0.0,0.0
158849671907,-0.0,0.0,2.0,0.0,0.0,0.0
158898239189,-0.0,0.0,2.0,0.0,0.0,0.0
158949846232,-0.0,0.0,2.0,0.0,0.0,0.0
158998235588,-0.0,0.0,2.0,0.0,0.0,0.0
159048247519,-0.0,0.0,2.0,0.0,0.0,0.0
159101407415,-0.0,0.0,2.0,0.0,0.0,0.0
159148347752,-0.0,0.0,2.0,0.0,0.0,0.0
159200202628,-0.0,0.0,2.0,0.0,0.0,0.0
159249936707,-0.0,0.0,2.0,0.0,0.0,0.0
159298603934,-0.0,0.0,2.0,0.0,0.0,0.0
159349772161,-0.0,0.0,2.0,0.0,0.0,0.0
159398216962,-0.0,0.0,2.0,0.0,0.0,0.0
159448296708,-0.0,0.0,2.0,0.0,0.0,0.0
159501158399,-0.0,0.0,2.0,0.0,0.0,0.0
159548366459,-0.0,0.0,2.0,0.0,0.0,0.0
159601160798,-0.0,0.0,2.0,0.0,0.0,0.0
159650197285,-0.0,0.0,2.0,0.0,0.0,0.0
159698283104,-0.0,0.0,2.0,0.0,0.0,0.0
159749488369,-0.0,0.0,2.0,0.0,0.0,0.0
159798704318,-0.0,0.0,2.0,0.0,0.0,0.0
159848352490,-0.0,0.0,2.0,0.0,0.0,0.0
159900128977,-0.0,0.0,2.0,0.0,0.0,0.0
159948297203,-0.0,0.0,2.0,0.0,0.0,0.0
160000743913,-0.0,0.0,2.0,0.0,0.0,0.0
160048859196,-0.0,0.0,2.0,0.0,0.0,0.0
160098242404,-0.0,0.0,2.0,0.0,0.0,0.0
160150269725,-0.0,0.0,2.0,0.0,0.0,0.0
160198374377,-0.0,0.0,2.0,0.0,0.0,0.0
160248773549,-0.0,0.0,2.0,0.0,0.0,0.0
160298222221,-0.0,0.0,2.0,0.0,0.0,0.0
160348372411,-0.0,0.0,2.0,0.0,0.0,0.0
160399731065,-0.0,0.0,2.0,0.0,0.0,0.0
160448413162,-0.0,0.0,2.0,0.0,0.0,0.0
160499545853,-0.0,0.0,2.0,0.0,0.0,0.0
160554371879,-0.0,0.0,2.0,0.0,0.0,0.0
160598234233,-0.0,0.0,2.0,0.0,0.0,0.0
160650350314,-0.0,0.0,2.0,0.0,0.0,0.0
160698205410,-0.0,0.0,2.0,0.0,0.0,0.0
160748246527,-0.0,0.0,2.0,0.0,0.0,0.0
160801136700,-0.0,0.0,2.0,0.0,0.0,0.0
160848503630,-0.0,0.0,2.0,0.0,0.0,0.0
160899660247,-0.0,0.0,2.0,0.0,0.0,0.0
160948244640,-0.0,0.0,2.0,0.0,0.0,0.0
160998263349,-0.0,0.0,2.0,0.0,0.0,0.0
161050794819,-0.0,0.0,2.0,0.0,0.0,0.0
161098317656,-0.0,0.0,2.0,0.0,0.0,0.0
161148167476,-0.0,0.0,2.0,0.0,0.0,0.0
161199957741,-0.0,0.0,2.0,0.0,0.0,0.0
161248194505,-0.0,0.0,2.0,0.0,0.0,0.0
161298311177,-0.0,0.0,2.0,0.0,0.0,0.0
161348204515,-0.0,0.0,2.0,0.0,0.0,0.0
161398124354,-0.0,0.0,2.0,0.0,0.0,0.0
161449783712,-0.0,0.0,2.0,0.0,0.0,0.0
161498215587,-0.0,0.0,2.0,0.0,0.0,0.0
161548396148,-0.0,0.0,2.0,0.0,0.0,0.0
161598200375,-0.0,0.0,2.0,0.0,0.0,0.0
161648261602,-0.0,0.0,2.0,0.0,0.0,0.0
161702744684,-0.0,0.0,2.0,0.0,0.0,0.0
161748255761,-0.0,0.0,2.0,0.0,0.0,0.0
161798192544,-0.0,0.0,2.0,0.0,0.0,0.0
161848083235,-0.0,0.0,2.0,0.0,0.0,0.0
161898750889,-0.0,0.0,2.0,0.0,0.0,0.0
161949374487,-0.0,0.0,2.0,0.0,0.0,0.0
161998130454,-0.0,0.0,2.0,0.0,0.0,0.0
162050652868,-0.0,0.0,2.0,0.0,0.0,0.0
162098150150,-0.0,0.0,2.0,0.0,0.0,0.0
162148130248,-0.0,0.0,2.0,0.0,0.0,0.0
162199662143,-0.0,0.0,2.0,0.0,0.0,0.0
162248521759,-0.0,0.0,2.0,0.0,0.0,0.0
162299867876,-0.0,0.0,2.0,0.0,0.0,0.0
162348400992,-0.0,0.0,2.0,0.0,0.0,0.0
162398208534,-0.0,0.0,2.0,0.0,0.0,0.0
162450890355,-0.0,0.0,2.0,0.0,0.0,0.0
162498321471,-0.0,0.0,2.0,0.0,0.0,0.0
162548395328,-0.0,0.0,2.0,0.0,0.0,0.0
162599575389,-0.0,0.0,2.0,0.0,0.0,0.0
162648298913,-0.0,0.0,2.0,0.0,0.0,0.0
162699635733,-0.0,0.0,2.0,0.0,0.0,0.0
162748436146,-0.0,0.0,2.0,0.0,0.0,0.0
162798324688,-0.0,0.0,2.0,0.0,0.0,0.0
162849834879,-0.0,0.0,2.0,0.0,0.0,0.0
162898219328,-0.0,0.0,2.0,0.0,0.0,0.0
162951418872,-0.0,0.0,2.0,0.0,0.0,0.0
162998257284,-0.0,0.0,2.0,0.0,0.0,0.0
163048168085,-0.0,0.0,2.0,0.0,0.0,0.0
163101822259,-0.0,0.0,2.0,0.0,0.0,0.0
163148833967,-0.0,0.0,2.0,0.0,0.0,0.0
163198456787,-0.0,0.0,2.0,0.0,0.0,0.0
163251156405,-0.0,0.0,2.0,0.0,0.0,0.0
163298258575,-0.0,0.0,2.0,0.0,0.0,0.0
163348442211,-0.0,0.0,2.0,0.0,0.0,0.0
163398322586,-0.0,0.0,2.0,0.0,0.0,0.0
163448556610,-0.0,0.0,2.0,0.0,0.0,0.0
163500743320,-0.0,0.0,2.0,0.0,0.0,0.0
163548248602,-0.0,0.0,2.0,0.0,0.0,0.0
163598975608,-0.0,0.0,2.0,0.0,0.0,0.0
163648178984,-0.0,0.0,2.0,0.0,0.0,0.0
163699009990,-0.0,0.0,2.0,0.0,0.0,0.0
163749910810,-0.0,0.0,2.0,0.0,0.0,0.0
163798411371,-0.0,0.0,2.0,0.0,0.0,0.0
163848999247,-0.0,0.0,2.0,0.0,0.0,0.0
163899647401,-0.0,0.0,2.0,0.0,0.0,0.0
163948265220,-0.0,0.0,2.0,0.0,0.0,0.0
163999430226,-0.0,0.0,2.0,0.0,0.0,0.0
164048376731,-0.0,0.0,2.0,0.0,0.0,0.0
164098283681,-0.0,0.0,2.0,0.0,0.0,0.0
164151095818,-0.0,0.0,2.0,0.0,0.0,0.0
164198397340,-0.0,0.0,2.0,0.0,0.0,0.0
164248626383,-0.0,0.0,2.0,0.0,0.0,0.0
164298658574,-0.0,0.0,2.0,0.0,0.0,0.0
164348345986,-0.0,0.0,2.0,0.0,0.0,0.0
164400104456,-0.0,0.0,2.0,0.0,0.0,0.0
164448238905,-0.0,0.0,2.0,0.0,0.0,0.0
164498399484,-0.0,0.0,2.0,0.0,0.0,0.0
164548324657,-0.0,0.0,2.0,0.0,0.0,0.0
164598252773,-0.0,0.0,2.0,0.0,0.0,0.0
164650238557,-0.0,0.0,2.0,0.0,0.0,0.0
164698232673,-0.0,0.0,2.0,0.0,0.0,0.0
164750160828,-0.0,0.0,2.0,0.0,0.0,0.0
164798246295,-0.0,0.0,2.0,0.0,0.0,0.0
164848201338,-0.0,0.0,2.0,0.0,0.0,0.0
164900194530,-0.0,0.0,2.0,0.0,0.0,0.0
164948397034,-0.0,0.0,2.0,0.0,0.0,0.0
165000446171,-0.0,0.0,2.0,0.0,0.0,0.0
165053388437,-0.0,0.0,2.0,0.0,0.0,0.0
165098282218,-0.0,0.0,2.0,0.0,0.0,0.0
165149960835,-0.0,0.0,2.0,0.0,0.0,0.0
165198290636,-0.0,0.0,2.0,0.0,0.0,0.0
165248339938,-0.0,0.0,2.0,0.0,0.0,0.0
165300260704,-0.0,0.0,2.0,0.0,0.0,0.0
165348597375,-0.0,0.0,2.0,0.0,0.0,0.0
165398455140,-0.0,0.0,2.0,0.0,0.0,0.0
165448975905,-0.0,0.0,2.0,0.0,0.0,0.0
165498378781,-0.0,0.0,2.0,0.0,0.0,0.0
165550533639,-0.0,0.0,2.0,0.0,0.0,0.0
165598205774,-0.0,0.0,2.0,0.0,0.0,0.0
165650010206,-0.0,0.0,2.0,0.0,0.0,0.0
165698257303,-0.0,0.0,2.0,0.0,0.0,0.0
165748253365,-0.0,0.0,2.0,0.0,0.0,0.0
165800189853,-0.0,0.0,2.0,0.0,0.0,0.0
165848290931,-0.0,0.0,2.0,0.0,0.0,0.0
165898741641,-0.0,0.0,2.0,0.0,0.0,0.0
165948271628,-0.0,0.0,2.0,0.0,0.0,0.0
165998285411,-0.0,0.0,2.0,0.0,0.0,0.0
166050840437,-0.0,0.0,2.0,0.0,0.0,0.0
166098205589,-0.0,0.0,2.0,0.0,0.0,0.0
166149425096,-0.0,0.0,2.0,0.0,0.0,0.0
166200802769,-0.0,0.0,2.0,0.0,0.0,0.0
166248411736,-0.0,0.0,2.0,0.0,0.0,0.0
166300683298,-0.0,0.0,2.0,0.0,0.0,0.0
166348243784,-0.0,0.0,2.0,0.0,0.0,0.0
166398349160,-0.0,0.0,2.0,0.0,0.0,0.0
166450968686,-0.0,0.0,2.0,0.0,0.0,0.0
166498253931,-0.0,0.0,2.0,0.0,0.0,0.0
166548859215,-0.0,0.0,2.0,0.0,0.0,0.0
166598242331,-0.0,0.0,2.0,0.0,0.0,0.0
166648701282,-0.0,0.0,2.0,0.0,0.0,0.0
166701207677,-0.0,0.0,2.0,0.0,0.0,0.0
166748218719,-0.0,0.0,2.0,0.0,0.0,0.0
166798921225,-0.0,0.0,2.0,0.0,0.0,0.0
166851158639,-0.0,0.0,2.0,0.0,0.0,0.0
166898221606,-0.0,0.0,2.0,0.0,0.0,0.0
166949364502,-0.0,0.0,2.0,0.0,0.0,0.0
166998298636,-0.0,0.0,2.0,0.0,0.0,0.0
167048410494,-0.0,0.0,2.0,0.0,0.0,0.0
167099308704,-0.0,0.0,2.0,0.0,0.0,0.0
167148248468,-0.0,0.0,2.0,0.0,0.0,0.0
167198482215,-0.0,0.0,2.0,0.0,0.0,0.0
167248253628,-0.0,0.0,2.0,0.0,0.0,0.0
167298255486,-0.0,0.0,2.0,0.0,0.0,0.0
167350044955,-0.0,0.0,2.0,0.0,0.0,0.0
167398203534,-0.0,0.0,2.0,0.0,0.0,0.0
167448753262,-0.0,0.0,2.0,0.0,0.0,0.0
167501416640,-0.0,0.0,2.0,0.0,0.0,0.0
167548270792,-0.0,0.0,2.0,0.0,0.0,0.0
167599279021,-0.0,0.0,2.0,0.0,0.0,0.0
167648334896,-0.0,0.0,2.0,0.0,0.0,0.0
167698383236,-0.0,0.0,2.0,0.0,0.0,0.0
167750993372,-0.0,0.0,2.0,0.0,0.0,0.0
167798286636,-0.0,0.0,2.0,0.0,0.0,0.0
167848765587,-0.0,0.0,2.0,0.0,0.0,0.0
167899707686,-0.0,0.0,2.0,0.0,0.0,0.0
167948277968,-0.0,0.0,2.0,0.0,0.0,0.0
167999258253,-0.0,0.0,2.0,0.0,0.0,0.0
168048359721,-0.0,0.0,2.0,0.0,0.0,0.0
168098143190,-0.0,0.0,2.0,0.0,0.0,0.0
168150868937,-0.0,0.0,2.0,0.0,0.0,0.0
168198517109,-0.0,0.0,2.0,0.0,0.0,0.0
168249974875,-0.0,0.0,2.0,0.0,0.0,0.0
168298783121,-0.0,0.0,2.0,0.0,0.0,0.0
168348226645,-0.0,0.0,2.0,0.0,0.0,0.0
168400541374,-0.0,0.0,2.0,0.0,0.0,0.0
168448250379,-0.0,0.0,2.0,0.0,0.0,0.0
168500205052,-0.0,0.0,2.0,0.0,0.0,0.0
168550688836,-0.0,0.0,2.0,0.0,0.0,0.0
168598305859,-0.0,0.0,2.0,0.0,0.0,0.0
168649029476,-0.0,0.0,2.0,0.0,0.0,0.0
168698456464,-0.0,0.0,2.0,0.0,0.0,0.0
168750093859,-0.0,0.0,2.0,0.0,0.0,0.0
168802778366,-0.0,0.0,2.0,0.0,0.0,0.0
168848751241,-0.0,0.0,2.0,0.0,0.0,0.0
168898677173,-0.0,0.0,2.0,0.0,0.0,0.0
168948179289,-0.0,0.0,2.0,0.0,0.0,0.0
168998154480,-0.0,0.0,2.0,0.0,0.0,0.0
169048472801,-0.0,0.0,2.0,0.0,0.0,0.0
169098890585,-0.0,0.0,2.0,0.0,0.0,0.0
169148285424,-0.0,0.0,2.0,0.0,0.0,0.0
169199745264,-0.0,0.0,2.0,0.0,0.0,0.0
169248250158,-0.0,0.0,2.0,0.0,0.0,0.0
169299982017,-0.0,0.0,2.0,0.0,0.0,0.0
169348336781,-0.0,0.0,2.0,0.0,0.0,0.0
169399252806,-0.0,0.0,2.0,0.0,0.0,0.0
169451784258,-0.0,0.0,2.0,0.0,0.0,0.0
169498371299,-0.0,0.0,2.0,0.0,0.0,0.0
169549185824,-0.0,0.0,2.0,0.0,0.0,0.0
169599020367,-0.0,0.0,2.0,0.0,0.0,0.0
169648257354,-0.0,0.0,2.0,0.0,0.0,0.0
169698538082,-0.0,0.0,2.0,0.0,0.0,0.0
169748214329,-0.0,0.0,2.0,0.0,0.0,0.0
169798271372,-0.0,0.0,2.0,0.0,0.0,0.0
169851410490,-0.0,0.0,2.0,0.0,0.0,0.0
169898244754,-0.0,0.0,2.0,0.0,0.0,0.0
169948056612,-0.0,0.0,2.0,0.0,0.0,0.0
169998247655,-0.0,0.0,2.0,0.0,0.0,0.0
170048213050,-0.0,0.0,2.0,0.0,0.0,0.0
170098578019,-0.0,0.0,2.0,0.0,0.0,0.0
170148215821,-0.0,0.0,2.0,0.0,0.0,0.0
170200467458,-0.0,0.0,2.0,0.0,0.0,0.0
170248846982,-0.0,0.0,2.0,0.0,0.0,0.0
170298231913,-0.0,0.0,2.0,0.0,0.0,0.0
170348283197,-0.0,0.0,2.0,0.0,0.0,0.0
170398346555,-0.0,0.0,2.0,0.0,0.0,0.0
170449070969,-0.0,0.0,2.0,0.0,0.0,0.0
170501466383,-0.0,0.0,2.0,0.0,0.0,0.0
170548108480,-0.0,0.0,2.0,0.0,0.0,0.0
170600086265,-0.0,0.0,2.0,0.0,0.0,0.0
170648094641,-0.0,0.0,2.0,0.0,0.0,0.0
170698828054,-0.0,0.0,2.0,0.0,0.0,0.0
170749723765,-0.0,0.0,2.0,0.0,0.0,0.0
170798119085,-0.0,0.0,2.0,0.0,0.0,0.0
170850315240,-0.0,0.0,2.0,0.0,0.0,0.0
170898957338,-0.0,0.0,2.0,0.0,0.0,0.0
170948279548,-0.0,0.0,2.0,0.0,0.0,0.0
171000133055,-0.0,0.0,2.0,0.0,0.0,0.0
171048454486,-0.0,0.0,2.0,0.0,0.0,0.0
171098950640,-0.0,0.0,2.0,0.0,0.0,0.0
171151137907,-0.0,0.0,2.0,0.0,0.0,0.0
171198297319,-0.0,0.0,2.0,0.0,0.0,0.0
171249820696,-0.0,0.0,2.0,0.0,0.0,0.0
171298514461,-0.0,0.0,2.0,0.0,0.0,0.0
171349630115,-0.0,0.0,2.0,0.0,0.0,0.0
171401004418,-0.0,0.0,2.0,0.0,0.0,0.0
171448304479,-0.0,0.0,2.0,0.0,0.0,0.0
171498623615,-0.0,0.0,2.0,0.0,0.0,0.0
171548220250,-0.0,0.0,2.0,0.0,0.0,0.0
171598280386,-0.0,0.0,2.0,0.0,0.0,0.0
171649555300,-0.0,0.0,2.0,0.0,0.0,0.0
171698555695,-0.0,0.0,2.0,0.0,0.0,0.0
171749071257,-0.0,0.0,2.0,0.0,0.0,0.0
171800432986,-0.0,0.0,2.0,0.0,0.0,0.0
171848518584,-0.0,0.0,2.0,0.0,0.0,0.0
171903253555,-0.0,0.0,2.0,0.0,0.0,0.0
171948195040,-0.0,0.0,2.0,0.0,0.0,0.0
171999477028,-0.0,0.0,2.0,0.0,0.0,0.0
172049834368,-0.0,0.0,2.0,0.0,0.0,0.0
172098224244,-0.0,0.0,2.0,0.0,0.0,0.0
172148409046,-0.0,0.0,2.0,0.0,0.0,0.0
172198236016,-0.0,0.0,2.0,0.0,0.0,0.0
172248310262,-0.0,0.0,2.0,0.0,0.0,0.0
172302956641,-0.0,0.0,2.0,0.0,0.0,0.0
172348266330,-0.0,0.0,2.0,0.0,0.0,0.0
172399175393,-0.0,0.0,2.0,0.0,0.0,0.0
172448242658,-0.0,0.0,2.0,0.0,0.0,0.0
172498184016,-0.0,0.0,2.0,0.0,0.0,0.0
172550153597,-0.0,0.0,2.0,0.0,0.0,0.0
172598410898,-0.0,0.0,2.0,0.0,0.0,0.0
172648909071,-0.0,0.0,2.0,0.0,0.0,0.0
172698423170,-0.0,0.0,2.0,0.0,0.0,0.0
172748312213,-0.0,0.0,2.0,0.0,0.0,0.0
172799509313,-0.0,0.0,2.0,0.0,0.0,0.0
172848295522,-0.0,0.0,2.0,0.0,0.0,0.0
172898382232,-0.0,0.0,2.0,0.0,0.0,0.0
172949974461,-0.0,0.0,2.0,0.0,0.0,0.0
172998209022,-0.0,0.0,2.0,0.0,0.0,0.0
173048427992,-0.0,0.0,2.0,0.0,0.0,0.0
173098234165,-0.0,0.0,2.0,0.0,0.0,0.0
173148377171,-0.0,0.0,2.0,0.0,0.0,0.0
173200783808,-0.0,0.0,2.0,0.0,0.0,0.0
173249035258,-0.0,0.0,2.0,0.0,0.0,0.0
173299229931,-0.0,0.0,2.0,0.0,0.0,0.0
173348278270,-0.0,0.0,2.0,0.0,0.0,0.0
173398266109,-0.0,0.0,2.0,0.0,0.0,0.0
173453434192,-0.0,0.0,2.0,0.0,0.0,0.0
173498287826,-0.0,0.0,2.0,0.0,0.0,0.0
173549471110,-0.0,0.0,2.0,0.0,0.0,0.0
173601218784,-0.0,0.0,2.0,0.0,0.0,0.0
173648284919,-0.0,0.0,2.0,0.0,0.0,0.0
173699802037,-0.0,0.0,2.0,0.0,0.0,0.0
173748422542,-0.0,0.0,2.0,0.0,0.0,0.0
173798134864,-0.0,0.0,2.0,0.0,0.0,0.0
173852993502,-0.0,0.0,2.0,0.0,0.0,0.0
173898277673,-0.0,0.0,2.0,0.0,0.0,0.0
173951527292,-0.0,0.0,2.0,0.0,0.0,0.0
173998212056,-0.0,0.0,2.0,0.0,0.0,0.0
174048421006,-0.0,0.0,2.0,0.0,0.0,0.0
174100031032,-0.0,0.0,2.0,0.0,0.0,0.0
174148558556,-0.0,0.0,2.0,0.0,0.0,0.0
174199407656,-0.0,0.0,2.0,0.0,0.0,0.0
174251110237,-0.0,0.0,2.0,0.0,0.0,0.0
174298211612,-0.0,0.0,2.0,0.0,0.0,0.0
174350162027,-0.0,0.0,2.0,0.0,0.0,0.0
174398750236,-0.0,0.0,2.0,0.0,0.0,0.0
174449204928,-0.0,0.0,2.0,0.0,0.0,0.0
174500913972,-0.0,0.0,2.0,0.0,0.0,0.0
174548165329,-0.0,0.0,2.0,0.0,0.0,0.0
174598983854,-0.0,0.0,2.0,0.0,0.0,0.0
174648523231,-0.0,0.0,2.0,0.0,0.0,0.0
174698409385,-0.0,0.0,2.0,0.0,0.0,0.0
174750445652,-0.0,0.0,2.0,0.0,0.0,0.0
174798255065,-0.0,0.0,2.0,0.0,0.0,0.0
174848984386,-0.0,0.0,2.0,0.0,0.0,0.0
174898332781,-0.0,0.0,2.0,0.0,0.0,0.0
174948248177,-0.0,0.0,2.0,0.0,0.0,0.0
175000050851,-0.0,0.0,2.0,0.0,0.0,0.0
175048303745,-0.0,0.0,2.0,0.0,0.0,0.0
175099481252,-0.0,0.0,2.0,0.0,0.0,0.0
175148840518,-0.0,0.0,2.0,0.0,0.0,0.0
175198708783,-0.0,0.0,2.0,0.0,0.0,0.0
175250069364,-0.0,0.0,2.0,0.0,0.0,0.0
175298419888,-0.0,0.0,2.0,0.0,0.0,0.0
175350612877,-0.0,0.0,2.0,0.0,0.0,0.0
175399069865,-0.0,0.0,2.0,0.0,0.0,0.0
175448240408,-0.0,0.0,2.0,0.0,0.0,0.0
175499297970,-0.0,0.0,2.0,0.0,0.0,0.0
175548634643,-0.0,0.0,2.0,0.0,0.0,0.0
175599216390,-0.0,0.0,2.0,0.0,0.0,0.0
175650877157,-0.0,0.0,2.0,0.0,0.0,0.0
175698237533,-0.0,0.0,2.0,0.0,0.0,0.0
175748238058,-0.0,0.0,2.0,0.0,0.0,0.0
175798430416,-0.0,0.0,2.0,0.0,0.0,0.0
175849560275,-0.0,0.0,2.0,0.0,0.0,0.0
175900118115,-0.0,0.0,2.0,0.0,0.0,0.0
175948271861,-0.0,0.0,2.0,0.0,0.0,0.0
175998508312,-0.0,0.0,2.0,0.0,0.0,0.0
176048428486,-0.0,0.0,2.0,0.0,0.0,0.0
176098236566,-0.0,0.0,2.0,0.0,0.0,0.0
176150726778,-0.0,0.0,2.0,0.0,0.0,0.0
176198214986,-0.0,0.0,2.0,0.0,0.0,0.0
176249571883,-0.0,0.0,2.0,0.0,0.0,0.0
176298275537,-0.0,0.0,2.0,0.0,0.0,0.0
176348217950,-0.0,0.0,2.0,0.0,0.0,0.0
176401103681,-0.0,0.0,2.0,0.0,0.0,0.0
176448392964,-0.0,0.0,2.0,0.0,0.0,0.0
176498415915,-0.0,0.0,2.0,0.0,0.0,0.0
176549567699,-0.0,0.0,2.0,0.0,0.0,0.0
176598268094,-0.0,0.0,2.0,0.0,0.0,0.0
176648290212,-0.0,0.0,2.0,0.0,0.0,0.0
176698195292,-0.0,0.0,2.0,0.0,0.0,0.0
176748169003,-0.0,0.0,2.0,0.0,0.0,0.0
176800906214,-0.0,0.0,2.0,0.0,0.0,0.0
176848180738,-0.0,0.0,2.0,0.0,0.0,0.0
176898230800,-0.0,0.0,2.0,0.0,0.0,0.0
176948262085,-0.0,0.0,2.0,0.0,0.0,0.0
176998539629,-0.0,0.0,2.0,0.0,0.0,0.0
177054182860,-0.0,0.0,2.0,0.0,0.0,0.0
177100000031,-0.0,0.0,2.0,0.0,0.0,0.0
177150747594,-0.0,0.0,2.0,0.0,0.0,0.0
177198235099,7.0,0.0,1.0,0.0,0.0,0.0
177248268698,7.0,0.0,1.0,0.0,0.0,0.0
177299226465,7.0,0.0,1.0,0.0,0.0,0.0
177348271712,7.0,0.0,1.0,0.0,0.0,0.0
177399190182,7.0,0.0,1.0,0.0,0.0,0.0
177450806837,7.0,0.0,1.0,0.0,0.0,0.0
177498173879,7.0,0.0,1.0,0.0,0.0,0.0
177549074312,7.0,0.0,1.0,0.0,0.0,0.0
177598410522,7.0,0.0,1.0,0.0,0.0,0.0
177648314825,7.0,0.0,1.0,0.0,0.0,0.0
177701762186,7.0,0.0,1.0,0.0,0.0,0.0
177748195061,7.0,0.0,1.0,0.0,0.0,0.0
177800180365,7.0,0.0,1.0,0.0,0.0,0.0
177848345648,7.0,0.0,1.0,0.0,0.0,0.0
177898252933,7.0,0.0,1.0,0.0,0.0,0.0
177948808829,7.0,0.0,1.0,0.0,0.0,0.0
177998264057,7.0,0.0,1.0,0.0,0.0,0.0
178051090417,7.0,0.0,1.0,0.0,0.0,0.0
178098695719,7.0,0.0,1.0,0.0,0.0,0.0
178148375559,7.0,0.0,1.0,0.0,0.0,0.0
178200737530,7.0,0.0,1.0,0.0,0.0,0.0
178248490869,7.0,0.0,1.0,0.0,0.0,0.0
178300309839,7.0,0.0,1.0,0.0,0.0,0.0
178349731086,7.0,0.0,1.0,0.0,0.0,0.0
178398229629,7.0,0.0,1.0,0.0,0.0,0.0
178451504397,7.0,0.0,1.0,0.0,0.0,0.0
178498530698,7.0,0.0,1.0,0.0,0.0,0.0
178549726761,7.0,0.0,1.0,0.0,0.0,0.0
178598252026,7.0,0.0,1.0,0.0,0.0,0.0
178648215552,7.0,0.0,1.0,0.0,0.0,0.0
178699699226,7.0,0.0,1.0,0.0,0.0,0.0
178748201621,7.0,0.0,1.0,0.0,0.0,0.0
178798290109,7.0,0.0,1.0,0.0,0.0,0.0
178848146597,7.0,0.0,1.0,0.0,0.0,0.0
178898183715,7.0,0.0,1.0,0.0,0.0,0.0
178950507556,7.0,0.0,1.0,0.0,0.0,0.0
178998145654,7.0,0.0,1.0,0.0,0.0,0.0
179050959144,7.0,0.0,1.0,0.0,0.0,0.0
179098143223,7.0,0.0,1.0,0.0,0.0,0.0
179148170545,7.0,0.0,1.0,0.0,0.0,0.0
179199616830,7.0,0.0,1.0,0.0,0.0,0.0
179248157522,7.0,0.0,1.0,0.0,0.0,0.0
179299320714,7.0,0.0,1.0,0.0,0.0,0.0
179348348257,7.0,0.0,1.0,0.0,0.0,0.0
179398237005,7.0,0.0,1.0,0.0,0.0,0.0
179448833401,7.0,0.0,1.0,0.0,0.0,0.0
179498723278,7.0,0.0,1.0,0.0,0.0,0.0
179550962804,7.0,0.0,1.0,0.0,0.0,0.0
179598143032,7.0,0.0,1.0,0.0,0.0,0.0
179648257705,7.0,0.0,1.0,0.0,0.0,0.0
179700406084,7.0,0.0,1.0,0.0,0.0,0.0
179748412349,7.0,0.0,1.0,0.0,0.0,0.0
179799956338,7.0,0.0,1.0,0.0,0.0,0.0
179850324604,7.0,0.0,1.0,0.0,0.0,0.0
179898229240,7.0,0.0,1.0,0.0,0.0,0.0
179948434487,7.0,0.0,1.0,0.0,0.0,0.0
179998325457,7.0,0.0,1.0,0.0,0.0,0.0
180048244223,7.0,0.0,1.0,0.0,0.0,0.0
180099780657,7.0,0.0,1.0,0.0,0.0,0.0
180148233811,7.0,0.0,1.0,0.0,0.0,0.0
180198160336,7.0,0.0,1.0,0.0,0.0,0.0
180248248602,7.0,0.0,1.0,0.0,0.0,0.0
180298328239,7.0,0.0,1.0,0.0,0.0,0.0
180351121062,-0.0,0.0,2.0,0.0,0.0,0.0
180398383067,-0.0,0.0,2.0,0.0,0.0,0.0
180450236353,-0.0,0.0,2.0,0.0,0.0,0.0
180499565748,-0.0,0.0,2.0,0.0,0.0,0.0
180548281292,-0.0,0.0,2.0,0.0,0.0,0.0
180599210910,-0.0,0.0,2.0,0.0,0.0,0.0
180648351602,-0.0,0.0,2.0,0.0,0.0,0.0
180699815258,-0.0,0.0,2.0,0.0,0.0,0.0
180748819931,-0.0,0.0,2.0,0.0,0.0,0.0
180798195956,-0.0,0.0,2.0,0.0,0.0,0.0
180850134501,-0.0,0.0,2.0,0.0,0.0,0.0
180898857414,-0.0,0.0,2.0,0.0,0.0,0.0
180949523440,-0.0,0.0,2.0,0.0,0.0,0.0
181000374411,-0.0,0.0,2.0,0.0,0.0,0.0
181048242120,-0.0,0.0,2.0,0.0,0.0,0.0
181098675701,-0.0,0.0,2.0,0.0,0.0,0.0
181148335856,-0.0,0.0,2.0,0.0,0.0,0.0
181198835382,-0.0,0.0,2.0,0.0,0.0,0.0
181249880149,-0.0,0.0,2.0,0.0,0.0,0.0
181298223692,-0.0,0.0,2.0,0.0,0.0,0.0
181348323384,-0.0,0.0,2.0,0.0,0.0,0.0
181398315743,-0.0,0.0,2.0,0.0,0.0,0.0
181448298009,-0.0,0.0,2.0,0.0,0.0,0.0
181504514778,-0.0,0.0,2.0,0.0,0.0,0.0
181548340430,7.2,0.0,1.0,0.0,0.0,0.0
181602473606,7.2,0.0,1.0,0.0,0.0,0.0
181648282592,7.2,0.0,1.0,0.0,0.0,0.0
181698233525,7.2,0.0,1.0,0.0,0.0,0.0
181750332404,7.2,0.0,1.0,0.0,0.0,0.0
181798274780,7.2,0.0,1.0,0.0,0.0,0.0
181848699991,7.2,0.0,1.0,0.0,0.0,0.0
181898233757,7.2,0.0,1.0,0.0,0.0,0.0
181948310838,7.2,0.0,1.0,0.0,0.0,0.0
181999627494,7.2,0.0,1.0,0.0,0.0,0.0
182048325815,7.2,0.0,1.0,0.0,0.0,0.0
182100839823,7.2,0.0,1.0,0.0,0.0,0.0
182149064459,7.2,0.0,1.0,0.0,0.0,0.0
182198431058,7.2,0.0,1.0,0.0,0.0,0.0
182253059697,7.2,0.0,1.0,0.0,0.0,0.0
182298672369,7.2,0.0,1.0,0.0,0.0,0.0
182348809376,7.2,0.0,1.0,0.0,0.0,0.0
182398267105,7.2,0.0,1.0,0.0,0.0,0.0
182448343390,7.2,0.0,1.0,0.0,0.0,0.0
182499191638,7.2,0.0,1.0,0.0,0.0,0.0
182548471719,7.2,0.0,1.0,0.0,0.0,0.0
182598269855,7.2,0.0,1.0,0.0,0.0,0.0
182649528122,7.2,0.0,1.0,0.0,0.0,0.0
182698226943,7.2,0.0,1.0,0.0,0.0,0.0
182749699025,7.2,0.0,1.0,0.0,0.0,0.0
182798238587,7.2,0.0,1.0,0.0,0.0,0.0
182848309946,7.2,0.0,1.0,0.0,0.0,0.0
182898842713,7.2,0.0,1.0,0.0,0.0,0.0
182948276757,7.2,0.0,1.0,0.0,0.0,0.0
183000078783,7.2,0.0,1.0,0.0,0.0,0.0
183048950993,7.2,0.0,1.0,0.0,0.0,0.0
183098233630,7.2,0.0,1.0,0.0,0.0,0.0
183150453268,7.2,0.0,1.0,0.0,0.0,0.0
183198308848,7.2,0.0,1.0,0.0,0.0,0.0
183248689022,7.2,0.0,1.0,0.0,0.0,0.0
183298725973,7.2,0.0,1.0,0.0,0.0,0.0
183348182499,7.2,0.0,1.0,0.0,0.0,0.0
183400504914,7.2,0.0,1.0,0.0,0.0,0.0
183448307476,7.2,0.0,1.0,0.0,0.0,0.0
183499964317,7.2,0.0,1.0,0.0,0.0,0.0
183551033732,7.2,0.0,1.0,0.0,0.0,0.0
183598301608,7.2,0.0,1.0,0.0,0.0,0.0
183649641616,7.2,0.0,1.0,0.0,0.0,0.0
183698908864,7.2,0.0,1.0,0.0,0.0,0.0
183750288871,7.2,0.0,1.0,0.0,0.0,0.0
183798771563,7.2,0.0,1.0,0.0,0.0,0.0
183848317218,7.2,0.0,1.0,0.0,0.0,0.0
183899418967,7.2,0.0,1.0,0.0,0.0,0.0
183948247195,7.2,0.0,1.0,0.0,0.0,0.0
183998226777,7.2,0.0,1.0,0.0,0.0,0.0
184051260841,7.2,0.0,1.0,0.0,0.0,0.0
184098239624,7.2,0.0,1.0,0.0,0.0,0.0
184148513946,7.2,0.0,1.0,0.0,0.0,0.0
184198219046,7.2,0.0,1.0,0.0,0.0,0.0
184248308368,7.2,0.0,1.0,0.0,0.0,0.0
184300038598,7.2,0.0,1.0,0.0,0.0,0.0
184348272234,7.2,0.0,1.0,0.0,0.0,0.0
184398312760,-0.0,0.0,2.0,0.0,0.0,0.0
184448847230,-0.0,0.0,2.0,0.0,0.0,0.0
184498266682,-0.0,0.0,2.0,0.0,0.0,0.0
184549523097,-0.0,0.0,2.0,0.0,0.0,0.0
184598261011,-0.0,0.0,2.0,0.0,0.0,0.0
184649492685,-0.0,0.0,2.0,0.0,0.0,0.0
184698276007,-0.0,0.0,2.0,0.0,0.0,0.0
184748992311,-0.0,0.0,2.0,0.0,0.0,0.0
184800691004,-0.0,0.0,2.0,0.0,0.0,0.0
184848337381,-0.0,0.0,2.0,0.0,0.0,0.0
184899965204,-0.0,0.0,2.0,0.0,0.0,0.0
184951187008,-0.0,0.0,2.0,0.0,0.0,0.0
184998283810,-0.0,0.0,2.0,0.0,0.0,0.0
185048386836,-0.0,0.0,2.0,0.0,0.0,0.0
185098310047,-0.0,0.0,2.0,0.0,0.0,0.0
185148470980,-0.0,0.0,2.0,0.0,0.0,0.0
185199896247,-0.0,0.0,2.0,0.0,0.0,0.0
185248745791,-0.0,0.0,2.0,0.0,0.0,0.0
185298316390,-0.0,0.0,2.0,0.0,0.0,0.0
185348169842,-0.0,0.0,2.0,0.0,0.0,0.0
185398776183,-0.0,0.0,2.0,0.0,0.0,0.0
185449175339,-0.0,0.0,2.0,0.0,0.0,0.0
185498274790,-0.0,0.0,2.0,0.0,0.0,0.0
185549163279,-0.0,0.0,2.0,0.0,0.0,0.0
185598246304,-0.0,0.0,2.0,0.0,0.0,0.0
185648238108,-0.0,0.0,2.0,0.0,0.0,0.0
185700070801,-0.0,0.0,2.0,0.0,0.0,0.0
185748229382,-0.0,0.0,2.0,0.0,0.0,0.0
185799219797,-0.0,0.0,2.0,0.0,0.0,0.0
185848193193,-0.0,0.0,2.0,0.0,0.0,0.0
185898219237,-0.0,0.0,2.0,0.0,0.0,0.0
185953430655,-0.0,0.0,2.0,0.0,0.0,0.0
186000350216,-0.0,0.0,2.0,0.0,0.0,0.0
186049200926,-0.0,0.0,2.0,0.0,0.0,0.0
186100992694,-0.0,0.0,2.0,0.0,0.0,0.0
186148239941,-0.0,0.0,2.0,0.0,0.0,0.0
186198557244,-0.0,0.0,2.0,0.0,0.0,0.0
186248327678,-0.0,0.0,2.0,0.0,0.0,0.0
186298233037,-0.0,0.0,2.0,0.0,0.0,0.0
186349341322,-0.0,0.0,2.0,0.0,0.0,0.0
186398252811,-0.0,0.0,2.0,0.0,0.0,0.0
186448256411,-0.0,0.0,2.0,0.0,0.0,0.0
186498184862,-0.0,0.0,2.0,0.0,0.0,0.0
186548185740,-0.0,0.0,2.0,0.0,0.0,0.0
186602226046,-0.0,0.0,2.0,0.0,0.0,0.0
186648827496,-0.0,0.0,2.0,0.0,0.0,0.0
186699766189,-0.0,0.0,2.0,0.0,0.0,0.0
186748338381,-0.0,0.0,2.0,0.0,0.0,0.0
186798233629,-0.0,0.0,2.0,0.0,0.0,0.0
186849415489,-0.0,0.0,2.0,0.0,0.0,0.0
186898270422,-0.0,0.0,2.0,0.0,0.0,0.0
186948245336,-0.0,0.0,2.0,0.0,0.0,0.0
187001041031,-0.0,0.0,2.0,0.0,0.0,0.0
187048231537,-0.0,0.0,2.0,0.0,0.0,0.0
187099694674,-0.0,0.0,2.0,0.0,0.0,0.0
187149393256,-0.0,0.0,2.0,0.0,0.0,0.0
187198287966,-0.0,0.0,2.0,0.0,0.0,0.0
187249618993,-0.0,0.0,2.0,0.0,0.0,0.0
187298235907,-0.0,0.0,2.0,0.0,0.0,0.0
187350129712,-0.0,0.0,2.0,0.0,0.0,0.0
187398190033,-0.0,0.0,2.0,0.0,0.0,0.0
187448247022,-0.0,0.0,2.0,0.0,0.0,0.0
187498869881,-0.0,0.0,2.0,0.0,0.0,0.0
187548226185,-0.0,0.0,2.0,0.0,0.0,0.0
187598911193,-0.0,0.0,2.0,0.0,0.0,0.0
187648864867,-0.0,0.0,2.0,0.0,0.0,0.0
187698278652,-0.0,0.0,2.0,0.0,0.0,0.0
187748144159,-0.0,0.0,2.0,0.0,0.0,0.0
187798282982,-0.0,0.0,2.0,0.0,0.0,0.0
187848173304,-0.0,0.0,2.0,0.0,0.0,0.0
187898953182,-0.0,0.0,2.0,0.0,0.0,0.0
187948148115,-0.0,0.0,2.0,0.0,0.0,0.0
188000033142,-0.0,0.0,2.0,0.0,0.0,0.0
188050122687,-0.0,0.0,2.0,0.0,0.0,0.0
188098232471,-0.0,0.0,2.0,0.0,0.0,0.0
188148129867,-0.0,0.0,2.0,0.0,0.0,0.0
188198244634,-0.0,0.0,2.0,0.0,0.0,0.0
188248857383,-0.0,0.0,2.0,0.0,0.0,0.0
188300984003,-0.0,0.0,2.0,0.0,0.0,0.0
188348256638,-0.0,0.0,2.0,0.0,0.0,0.0
188402603370,-0.0,0.0,2.0,0.0,0.0,0.0
188448687283,-0.0,0.0,2.0,0.0,0.0,0.0
188499259958,-0.0,0.0,2.0,0.0,0.0,0.0
188550370318,-0.0,0.0,2.0,0.0,0.0,0.0
188598610324,-0.0,0.0,2.0,0.0,0.0,0.0
188651044389,-0.0,0.0,2.0,0.0,0.0,0.0
188698143098,-0.0,0.0,2.0,0.0,0.0,0.0
188748562347,-0.0,0.0,2.0,0.0,0.0,0.0
188798049317,-0.0,0.0,2.0,0.0,0.0,0.0
188848338121,-0.0,0.0,2.0,0.0,0.0,0.0
188898314018,-0.0,0.0,2.0,0.0,0.0,0.0
188950819323,-0.0,0.0,2.0,0.0,0.0,0.0
188998305440,0.0,0.0,0.0,0.0,0.0,0.0
189050678801,0.0,0.0,0.0,0.0,0.0,0.0
189098429344,0.0,0.0,0.0,0.0,0.0,0.0
189148647185,0.0,0.0,0.0,0.0,0.0,0.0
189199657879,0.0,0.0,0.0,0.0,0.0,0.0
189248269349,0.0,0.0,0.0,0.0,0.0,0.0
189299983116,0.0,0.0,0.0,0.0,0.0,0.0
189348211382,0.0,0.0,0.0,0.0,0.0,0.0
189398308186,0.0,0.0,0.0,0.0,0.0,0.0
189450791658,0.0,0.0,0.0,0.0,0.0,0.0
189498262479,0.0,0.0,0.0,0.0,0.0,0.0
189549911636,0.0,0.0,0.0,0.0,0.0,0.0
189598253846,0.0,0.0,0.0,0.0,0.0,0.0
189648257187,0.0,0.0,0.0,0.0,0.0,0.0
189702747956,0.0,0.0,0.0,0.0,0.0,0.0
189748187869,0.0,0.0,0.0,0.0,0.0,0.0
189798544210,0.0,0.0,0.0,0.0,0.0,0.0
189848830588,0.0,0.0,0.0,0.0,0.0,0.0
189898285040,0.0,0.0,0.0,0.0,0.0,0.0
189949175474,0.0,0.0,0.0,0.0,0.0,0.0
189998326222,0.0,0.0,0.0,0.0,0.0,0.0
190049633657,0.0,0.0,0.0,0.0,0.0,0.0
190100389313,0.0,0.0,0.0,0.0,0.0,0.0
190148364523,0.0,0.0,0.0,0.0,0.0,0.0
190200013587,0.0,0.0,0.0,0.0,0.0,0.0
190248345224,0.0,0.0,0.0,0.0,0.0,0.0
190298632083,0.0,0.0,0.0,0.0,0.0,0.0
190349750499,0.0,0.0,0.0,0.0,0.0,0.0
190398257284,0.0,0.0,0.0,0.0,0.0,0.0
190451153200,0.0,0.0,0.0,0.0,0.0,0.0
190498255132,0.0,0.0,0.0,0.0,0.0,0.0
190548261677,0.0,0.0,0.0,0.0,0.0,0.0
190599834037,0.0,0.0,0.0,0.0,0.0,0.0
190648274081,0.0,0.0,0.0,0.0,0.0,0.0
190700330201,0.0,0.0,0.0,0.0,0.0,0.0
190750051042,0.0,0.0,0.0,0.0,0.0,0.0
190798231994,0.0,0.0,0.0,0.0,0.0,0.0
190849276798,0.0,0.0,0.0,0.0,0.0,0.0
190898400342,0.0,0.0,0.0,0.0,0.0,0.0
190949607388,0.0,0.0,0.0,0.0,0.0,0.0
191000850989,0.0,0.0,0.0,0.0,0.0,0.0
191049940644,0.0,0.0,0.0,0.0,0.0,0.0
191100662041,0.0,0.0,0.0,0.0,0.0,0.0
191148321863,0.0,0.0,0.0,0.0,0.0,0.0
191199864223,0.0,0.0,0.0,0.0,0.0,0.0
191251162176,0.0,0.0,0.0,0.0,0.0,0.0
191298857831,0.0,0.0,0.0,0.0,0.0,0.0
191348675579,0.0,0.0,0.0,0.0,0.0,0.0
191398317698,0.0,0.0,0.0,0.0,0.0,0.0
191448389594,0.0,0.0,0.0,0.0,0.0,0.0
191498887584,0.0,0.0,0.0,0.0,0.0,0.0
191548271925,0.0,0.0,0.0,0.0,0.0,0.0
191600283526,0.0,0.0,0.0,0.0,0.0,0.0
191648318700,0.0,0.0,0.0,0.0,0.0,0.0
191700466320,0.0,0.0,0.0,0.0,0.0,0.0
191751516902,0.0,0.0,0.0,0.0,0.0,0.0
191798310019,0.0,0.0,0.0,0.0,0.0,0.0
191848663620,0.0,0.0,0.0,0.0,0.0,0.0
191898366405,0.0,0.0,0.0,0.0,0.0,0.0
191948239895,0.0,0.0,0.0,0.0,0.0,0.0
191999158662,0.0,0.0,0.0,0.0,0.0,0.0
192048370651,0.0,0.0,0.0,0.0,0.0,0.0
192099980845,0.0,0.0,0.0,0.0,0.0,0.0
192148217333,0.0,0.0,0.0,0.0,0.0,0.0
192198178138,0.0,0.0,0.0,0.0,0.0,0.0
192252469203,0.0,0.0,0.0,0.0,0.0,0.0
192299634598,0.0,0.0,0.0,0.0,0.0,0.0
192350888885,0.0,0.0,0.0,0.0,0.0,0.0
192398265613,0.0,0.0,0.0,0.0,0.0,0.0
192448313195,0.0,0.0,0.0,0.0,0.0,0.0
192500463427,0.0,0.0,0.0,0.0,0.0,0.0
192548421378,0.0,0.0,0.0,0.0,0.0,0.0
192600814072,0.0,0.0,0.0,0.0,0.0,0.0
192650699617,0.0,0.0,0.0,0.0,0.0,0.0
192698262346,0.0,0.0,0.0,0.0,0.0,0.0
192749103650,0.0,0.0,0.0,0.0,0.0,0.0
192798250121,0.0,0.0,0.0,0.0,0.0,0.0
192848258240,0.0,0.0,0.0,0.0,0.0,0.0
192900777268,0.0,0.0,0.0,0.0,0.0,0.0
192948227552,0.0,0.0,0.0,0.0,0.0,0.0
192999688061,0.0,0.0,0.0,0.0,0.0,0.0
193048220753,0.0,0.0,0.0,0.0,0.0,0.0
193098278316,0.0,0.0,0.0,0.0,0.0,0.0
193150388381,0.0,0.0,0.0,0.0,0.0,0.0
193198429425,0.0,0.0,0.0,0.0,0.0,0.0
193248700600,0.0,0.0,0.0,0.0,0.0,0.0
193299246812,0.0,0.0,0.0,0.0,0.0,0.0
193348392356,0.0,0.0,0.0,0.0,0.0,0.0
193400757088,0.0,0.0,0.0,0.0,0.0,0.0
193448329353,0.0,0.0,0.0,0.0,0.0,0.0
193498243232,0.0,0.0,0.0,0.0,0.0,0.0
193551577038,0.0,0.0,0.0,0.0,0.0,0.0
193598250155,0.0,0.0,0.0,0.0,0.0,0.0
193648323385,0.0,0.0,0.0,0.0,0.0,0.0
193698290264,0.0,0.0,0.0,0.0,0.0,0.0
193748258772,0.0,0.0,0.0,0.0,0.0,0.0
193799424965,0.0,0.0,0.0,0.0,0.0,0.0
193848304621,0.0,0.0,0.0,0.0,0.0,0.0
193898268814,0.0,0.0,0.0,0.0,0.0,0.0
193948280544,0.0,0.0,0.0,0.0,0.0,0.0
193998321497,0.0,0.0,0.0,0.0,0.0,0.0
194049636394,0.0,0.0,0.0,0.0,0.0,0.0
194098225587,0.0,0.0,0.0,0.0,0.0,0.0
194149731818,0.0,0.0,0.0,0.0,0.0,0.0
194199162566,0.0,0.0,0.0,0.0,0.0,0.0
194248579981,0.0,0.0,0.0,0.0,0.0,0.0
194305014808,0.0,0.0,0.0,0.0,0.0,0.0
194348280849,0.0,0.0,0.0,0.0,0.0,0.0
194399520450,0.0,0.0,0.0,0.0,0.0,0.0
194448127809,0.0,0.0,0.0,0.0,0.0,0.0
194498075206,0.0,0.0,0.0,0.0,0.0,0.0
194551231883,0.0,0.0,0.0,0.0,0.0,0.0
194598305278,0.0,0.0,0.0,0.0,0.0,0.0
194649349972,0.0,0.0,0.0,0.0,0.0,0.0
194699537961,0.0,0.0,0.0,0.0,0.0,0.0
194748224543,0.0,0.0,0.0,0.0,0.0,0.0
194803093220,0.0,0.0,0.0,0.0,0.0,0.0
194849337171,0.0,0.0,0.0,0.0,0.0,0.0
194899085771,0.0,0.0,0.0,0.0,0.0,0.0
194950469428,0.0,0.0,0.0,0.0,0.0,0.0
194998259880,0.0,0.0,0.0,0.0,0.0,0.0
195048572962,0.0,0.0,0.0,0.0,0.0,0.0
195098266673,0.0,0.0,0.0,0.0,0.0,0.0
195148353941,0.0,0.0,0.0,0.0,0.0,0.0
195199944802,0.0,0.0,0.0,0.0,0.0,0.0
195248222790,0.0,0.0,0.0,0.0,0.0,0.0
195298432150,0.0,0.0,0.0,0.0,0.0,0.0
195348285732,0.0,0.0,0.0,0.0,0.0,0.0
195398688389,0.0,0.0,0.0,0.0,0.0,0.0
195451408954,0.0,0.0,0.0,0.0,0.0,0.0
195498251868,0.0,0.0,0.0,0.0,0.0,0.0
195549708580,0.0,0.0,0.0,0.0,0.0,0.0
195598233958,0.0,0.0,0.0,0.0,0.0,0.0
195648282188,0.0,0.0,0.0,0.0,0.0,0.0
195700219790,0.0,0.0,0.0,0.0,0.0,0.0
195748267797,0.0,0.0,0.0,0.0,0.0,0.0
195799892343,0.0,0.0,0.0,0.0,0.0,0.0
195848260499,0.0,0.0,0.0,0.0,0.0,0.0
195898327359,0.0,0.0,0.0,0.0,0.0,0.0
195951125665,0.0,0.0,0.0,0.0,0.0,0.0
195998656357,0.0,0.0,0.0,0.0,0.0,0.0
196049209939,0.0,0.0,0.0,0.0,0.0,0.0
196100687245,0.0,0.0,0.0,0.0,0.0,0.0
196148798215,0.0,0.0,0.0,0.0,0.0,0.0
196199044130,0.0,0.0,0.0,0.0,0.0,0.0
196248248620,0.0,0.0,0.0,0.0,0.0,0.0
196298281406,0.0,0.0,0.0,0.0,0.0,0.0
196350841267,0.0,0.0,0.0,0.0,0.0,0.0
196398252218,0.0,0.0,0.0,0.0,0.0,0.0
196449859653,0.0,0.0,0.0,0.0,0.0,0.0
196498229734,0.0,0.0,0.0,0.0,0.0,0.0
196548264483,0.0,0.0,0.0,0.0,0.0,0.0
196598818622,0.0,0.0,0.0,0.0,0.0,0.0
196648316685,0.0,0.0,0.0,0.0,0.0,0.0
196702038621,0.0,0.0,0.0,0.0,0.0,0.0
196751445148,0.0,0.0,0.0,0.0,0.0,0.0
196798322691,0.0,0.0,0.0,0.0,0.0,0.0
196850925812,0.0,0.0,0.0,0.0,0.0,0.0
196898380004,0.0,0.0,0.0,0.0,0.0,0.0
196950996532,0.0,0.0,0.0,0.0,0.0,0.0
197000645466,0.0,0.0,0.0,0.0,0.0,0.0
197048307436,0.0,0.0,0.0,0.0,0.0,0.0
197098602815,0.0,0.0,0.0,0.0,0.0,0.0
197148348879,0.0,0.0,0.0,0.0,0.0,0.0
197198227887,0.0,0.0,0.0,0.0,0.0,0.0
197249464303,0.0,0.0,0.0,0.0,0.0,0.0
197298218477,0.0,0.0,0.0,0.0,0.0,0.0
197348369875,0.0,0.0,0.0,0.0,0.0,0.0
197398376401,0.0,0.0,0.0,0.0,0.0,0.0
197448246780,0.0,0.0,0.0,0.0,0.0,0.0
197500279937,0.0,0.0,0.0,0.0,0.0,0.0
197548354630,0.0,0.0,0.0,0.0,0.0,0.0
197600185917,0.0,0.0,0.0,0.0,0.0,0.0
197650239666,0.0,0.0,0.0,0.0,0.0,0.0
197698369618,0.0,0.0,0.0,0.0,0.0,0.0
197748429607,0.0,0.0,0.0,0.0,0.0,0.0
197798232245,0.0,0.0,0.0,0.0,0.0,0.0
197848270439,0.0,0.0,0.0,0.0,0.0,0.0
197899952263,0.0,0.0,0.0,0.0,0.0,0.0
197948151511,0.0,0.0,0.0,0.0,0.0,0.0
197999192020,0.0,0.0,0.0,0.0,0.0,0.0
198052794586,0.0,0.0,0.0,0.0,0.0,0.0
198098247777,0.0,0.0,0.0,0.0,0.0,0.0
198148338304,0.0,0.0,0.0,0.0,0.0,0.0
198198232738,0.0,0.0,0.0,0.0,0.0,0.0
198248246153,0.0,0.0,0.0,0.0,0.0,0.0
198299787218,0.0,0.0,0.0,0.0,0.0,0.0
198348374318,0.0,0.0,0.0,0.0,0.0,0.0
198400156920,0.0,0.0,0.0,0.0,0.0,0.0
198448193039,0.0,0.0,0.0,0.0,0.0,0.0
198498221269,0.0,0.0,0.0,0.0,0.0,0.0
198551278075,0.0,0.0,0.0,0.0,0.0,0.0
198599264546,0.0,0.0,0.0,0.0,0.0,0.0
198650420314,0.0,0.0,0.0,0.0,0.0,0.0
198698247080,0.0,0.0,0.0,0.0,0.0,0.0
198748215737,0.0,0.0,0.0,0.0,0.0,0.0
198801907858,0.0,0.0,0.0,0.0,0.0,0.0
198849096736,0.0,0.0,0.0,0.0,0.0,0.0
198898702707,0.0,0.0,0.0,0.0,0.0,0.0
198950344198,0.0,0.0,0.0,0.0,0.0,0.0
198998233779,0.0,0.0,0.0,0.0,0.0,0.0
199049181084,0.0,0.0,0.0,0.0,0.0,0.0
199098444351,0.0,0.0,0.0,0.0,0.0,0.0
199150072342,0.0,0.0,0.0,0.0,0.0,0.0
199200381314,0.0,0.0,0.0,0.0,0.0,0.0
199248672303,0.0,0.0,0.0,0.0,0.0,0.0
199300537182,0.0,0.0,0.0,0.0,0.0,0.0
199348214356,0.0,0.0,0.0,0.0,0.0,0.0
199398367328,0.0,0.0,0.0,0.0,0.0,0.0
199450406541,0.0,0.0,0.0,0.0,0.0,0.0
199498220326,0.0,0.0,0.0,0.0,0.0,0.0
199550151317,0.0,0.0,0.0,0.0,0.0,0.0
199598609121,0.0,0.0,0.0,0.0,0.0,0.0
199648257648,0.0,0.0,0.0,0.0,0.0,0.0
199699868268,0.0,0.0,0.0,0.0,0.0,0.0
199748481850,0.0,0.0,0.0,0.0,0.0,0.0
199799466322,0.0,0.0,0.0,0.0,0.0,0.0
199851032331,0.0,0.0,0.0,0.0,0.0,0.0
199898199227,0.0,0.0,0.0,0.0,0.0,0.0
199950355014,0.0,0.0,0.0,0.0,0.0,0.0
199998253392,0.0,0.0,0.0,0.0,0.0,0.0
200048285697,0.0,0.0,0.0,0.0,0.0,0.0
200100252040,0.0,0.0,0.0,0.0,0.0,0.0
200148212566,0.0,0.0,0.0,0.0,0.0,0.0
200200019353,0.0,0.0,0.0,0.0,0.0,0.0
200248284898,0.0,0.0,0.0,0.0,0.0,0.0
200298258350,0.0,0.0,0.0,0.0,0.0,0.0
200348772767,0.0,0.0,0.0,0.0,0.0,0.0
200398268090,0.0,0.0,0.0,0.0,0.0,0.0
200449321210,0.0,0.0,0.0,0.0,0.0,0.0
200498746940,0.0,0.0,0.0,0.0,0.0,0.0
200548155911,0.0,0.0,0.0,0.0,0.0,0.0
200601147218,0.0,0.0,0.0,0.0,0.0,0.0
200648555299,0.0,0.0,0.0,0.0,0.0,0.0
200700174642,0.0,0.0,0.0,0.0,0.0,0.0
200751875670,0.0,0.0,0.0,0.0,0.0,0.0
200798249565,0.0,0.0,0.0,0.0,0.0,0.0
200848474296,0.0,0.0,0.0,0.0,0.0,0.0
200898292971,0.0,0.0,0.0,0.0,0.0,0.0
200948303184,0.0,0.0,0.0,0.0,0.0,0.0
201000293712,0.0,0.0,0.0,0.0,0.0,0.0
201048283497,0.0,0.0,0.0,0.0,0.0,0.0
201098368339,0.0,0.0,0.0,0.0,0.0,0.0
201150037700,0.0,0.0,0.0,0.0,0.0,0.0
201203468174,0.0,0.0,0.0,0.0,0.0,0.0
201249445865,0.0,0.0,0.0,0.0,0.0,0.0
201298350947,0.0,0.0,0.0,0.0,0.0,0.0
201349436419,0.0,0.0,0.0,0.0,0.0,0.0
201398302372,0.0,0.0,0.0,0.0,0.0,0.0
201448695529,0.0,0.0,0.0,0.0,0.0,0.0
201498327907,0.0,0.0,0.0,0.0,0.0,0.0
201548269971,0.0,0.0,0.0,0.0,0.0,0.0
201599362462,0.0,0.0,0.0,0.0,0.0,0.0
201648276174,0.0,0.0,0.0,0.0,0.0,0.0
201699467887,0.0,0.0,0.0,0.0,0.0,0.0
201748262358,0.0,0.0,0.0,0.0,0.0,0.0
201798251348,0.0,0.0,0.0,0.0,0.0,0.0
201850443598,0.0,0.0,0.0,0.0,0.0,0.0
201898290384,0.0,0.0,0.0,0.0,0.0,0.0
201949294393,0.0,0.0,0.0,0.0,0.0,0.0
201998952975,0.0,0.0,0.0,0.0,0.0,0.0
202048260799,0.0,0.0,0.0,0.0,0.0,0.0
202098396363,0.0,0.0,0.0,0.0,0.0,0.0
202148317260,0.0,0.0,0.0,0.0,0.0,0.0
202199139269,0.0,0.0,0.0,0.0,0.0,0.0
202250429649,0.0,0.0,0.0,0.0,0.0,0.0
202298207527,0.0,0.0,0.0,0.0,0.0,0.0
202348819036,0.0,0.0,0.0,0.0,0.0,0.0
202398159489,0.0,0.0,0.0,0.0,0.0,0.0
202448885238,0.0,0.0,0.0,0.0,0.0,0.0
202499684210,0.0,0.0,0.0,0.0,0.0,0.0
202548276163,0.0,0.0,0.0,0.0,0.0,0.0
202600053543,0.0,0.0,0.0,0.0,0.0,0.0
202648781180,0.0,0.0,0.0,0.0,0.0,0.0
202698290096,0.0,0.0,0.0,0.0,0.0,0.0
202752776459,0.0,0.0,0.0,0.0,0.0,0.0
202798327077,0.0,0.0,0.0,0.0,0.0,0.0
202849753586,0.0,0.0,0.0,0.0,0.0,0.0
202898230205,0.0,0.0,0.0,0.0,0.0,0.0
202948235121,0.0,0.0,0.0,0.0,0.0,0.0
202999476946,0.0,0.0,0.0,0.0,0.0,0.0
203051125918,0.0,0.0,0.0,0.0,0.0,0.0
203099767611,0.0,0.0,0.0,0.0,0.0,0.0
203148848342,0.0,0.0,0.0,0.0,0.0,0.0
203198894276,0.0,0.0,0.0,0.0,0.0,0.0
203248376174,0.0,0.0,0.0,0.0,0.0,0.0
203298245479,0.0,0.0,0.0,0.0,0.0,0.0
203349378692,0.0,0.0,0.0,0.0,0.0,0.0
203400615238,0.0,0.0,0.0,0.0,0.0,0.0
203448244079,0.0,0.0,0.0,0.0,0.0,0.0
203498652569,0.0,0.0,0.0,0.0,0.0,0.0
203548267745,0.0,0.0,0.0,0.0,0.0,0.0
203598710920,0.0,0.0,0.0,0.0,0.0,0.0
203650713412,0.0,0.0,0.0,0.0,0.0,0.0
203698131067,0.0,0.0,0.0,0.0,0.0,0.0
203748215817,0.0,0.0,0.0,0.0,0.0,0.0
203798101474,0.0,0.0,0.0,0.0,0.0,0.0
203848139019,0.0,0.0,0.0,0.0,0.0,0.0
203899106381,0.0,0.0,0.0,0.0,0.0,0.0
203948318259,0.0,0.0,0.0,0.0,0.0,0.0
203998816583,0.0,0.0,0.0,0.0,0.0,0.0
204048297870,0.0,0.0,0.0,0.0,0.0,0.0
204098247897,0.0,0.0,0.0,0.0,0.0,0.0
204151413852,0.0,0.0,0.0,0.0,0.0,0.0
204198469229,0.0,0.0,0.0,0.0,0.0,0.0
204249295776,0.0,0.0,0.0,0.0,0.0,0.0
204300388304,0.0,0.0,0.0,0.0,0.0,0.0
204349319812,0.0,0.0,0.0,0.0,0.0,0.0
204398287468,0.0,0.0,0.0,0.0,0.0,0.0
204449184348,0.0,0.0,0.0,0.0,0.0,0.0
204501400821,0.0,0.0,0.0,0.0,0.0,0.0
204548239050,0.0,0.0,0.0,0.0,0.0,0.0
204598817578,0.0,0.0,0.0,0.0,0.0,0.0
204651236514,0.0,0.0,0.0,0.0,0.0,0.0
204698211151,0.0,0.0,0.0,0.0,0.0,0.0
204750211142,0.0,0.0,0.0,0.0,0.0,0.0
204799078725,0.0,0.0,0.0,0.0,0.0,0.0
204848276103,0.0,0.0,0.0,0.0,0.0,0.0
204898214964,0.0,0.0,0.0,0.0,0.0,0.0
204948991807,0.0,0.0,0.0,0.0,0.0,0.0
205001526150,0.0,0.0,0.0,0.0,0.0,0.0
205048659472,0.0,0.0,0.0,0.0,0.0,0.0
205100912408,0.0,0.0,0.0,0.0,0.0,0.0
205148657435,0.0,0.0,0.0,0.0,0.0,0.0
205200224722,0.0,0.0,0.0,0.0,0.0,0.0
205250184175,0.0,0.0,0.0,0.0,0.0,0.0
205298423276,0.0,0.0,0.0,0.0,0.0,0.0
205349451934,0.0,0.0,0.0,0.0,0.0,0.0
205398449164,0.0,0.0,0.0,0.0,0.0,0.0
205449137710,0.0,0.0,0.0,0.0,0.0,0.0
205498899016,0.0,0.0,0.0,0.0,0.0,0.0
205548212080,0.0,0.0,0.0,0.0,0.0,0.0
205599449959,0.0,0.0,0.0,0.0,0.0,0.0
205648235968,0.0,0.0,0.0,0.0,0.0,0.0
205698386069,0.0,0.0,0.0,0.0,0.0,0.0
205751533210,0.0,0.0,0.0,0.0,0.0,0.0
205798248402,0.0,0.0,0.0,0.0,0.0,0.0
205848442467,0.0,0.0,0.0,0.0,0.0,0.0
205898227753,0.0,0.0,0.0,0.0,0.0,0.0
205948221929,0.0,0.0,0.0,0.0,0.0,0.0
205999641328,0.0,0.0,0.0,0.0,0.0,0.0
206048264854,0.0,0.0,0.0,0.0,0.0,0.0
206098986308,0.0,0.0,0.0,0.0,0.0,0.0
206148388650,0.0,0.0,0.0,0.0,0.0,0.0
206198204252,0.0,0.0,0.0,0.0,0.0,0.0
206249224168,0.0,0.0,0.0,0.0,0.0,0.0
206298732418,0.0,0.0,0.0,0.0,0.0,0.0
206350926595,0.0,0.0,0.0,0.0,0.0,0.0
206402807512,0.0,0.0,0.0,0.0,0.0,0.0
206448234593,0.0,0.0,0.0,0.0,0.0,0.0
206498366750,0.0,0.0,0.0,0.0,0.0,0.0
206548245388,0.0,0.0,0.0,0.0,0.0,0.0
206598233471,0.0,0.0,0.0,0.0,0.0,0.0
206649693778,0.0,0.0,0.0,0.0,0.0,0.0
206698245027,0.0,0.0,0.0,0.0,0.0,0.0
206748775258,0.0,0.0,0.0,0.0,0.0,0.0
206798186470,0.0,0.0,0.0,0.0,0.0,0.0
206848255331,0.0,0.0,0.0,0.0,0.0,0.0
206900128008,0.0,0.0,0.0,0.0,0.0,0.0
206950034925,0.0,0.0,0.0,0.0,0.0,0.0
207000670471,0.0,0.0,0.0,0.0,0.0,0.0
207048216942,0.0,0.0,0.0,0.0,0.0,0.0
207098267432,0.0,0.0,0.0,0.0,0.0,0.0
207149599498,0.0,0.0,0.0,0.0,0.0,0.0
207198487210,0.0,0.0,0.0,0.0,0.0,0.0
207248406033,0.0,0.0,0.0,0.0,0.0,0.0
207298280320,0.0,0.0,0.0,0.0,0.0,0.0
207348218218,0.0,0.0,0.0,0.0,0.0,0.0
207403403378,0.0,0.0,0.0,0.0,0.0,0.0
207448195958,0.0,0.0,0.0,0.0,0.0,0.0
207500520969,0.0,0.0,0.0,0.0,0.0,0.0
207549912477,0.0,0.0,0.0,0.0,0.0,0.0
207598234671,0.0,0.0,0.0,0.0,0.0,0.0
207648744588,0.0,0.0,0.0,0.0,0.0,0.0
207698288152,0.0,0.0,0.0,0.0,0.0,0.0
207748302087,0.0,0.0,0.0,0.0,0.0,0.0
207799070856,0.0,0.0,0.0,0.0,0.0,0.0
207848297772,0.0,0.0,0.0,0.0,0.0,0.0
207898402540,0.0,0.0,0.0,0.0,0.0,0.0
207948292290,0.0,0.0,0.0,0.0,0.0,0.0
207998220077,0.0,0.0,0.0,0.0,0.0,0.0
208049165401,0.0,0.0,0.0,0.0,0.0,0.0
208098190558,0.0,0.0,0.0,0.0,0.0,0.0
208148397716,0.0,0.0,0.0,0.0,0.0,0.0
208198410391,0.0,0.0,0.0,0.0,0.0,0.0
208248236604,0.0,0.0,0.0,0.0,0.0,0.0
208301782263,0.0,0.0,0.0,0.0,0.0,0.0
208348218215,0.0,0.0,0.0,0.0,0.0,0.0
208400531355,0.0,0.0,0.0,0.0,0.0,0.0
208448284918,0.0,0.0,0.0,0.0,0.0,0.0
208498291428,0.0,0.0,0.0,0.0,0.0,0.0
208549126956,0.0,0.0,0.0,0.0,0.0,0.0
208598471853,0.0,0.0,0.0,0.0,0.0,0.0
208649061529,0.0,0.0,0.0,0.0,0.0,0.0
208699179946,0.0,0.0,0.0,0.0,0.0,0.0
208748223047,0.0,0.0,0.0,0.0,0.0,0.0
208799661706,0.0,0.0,0.0,0.0,0.0,0.0
208848288233,0.0,0.0,0.0,0.0,0.0,0.0
208898483538,0.0,0.0,0.0,0.0,0.0,0.0
208950042844,0.0,0.0,0.0,0.0,0.0,0.0
208998299797,0.0,0.0,0.0,0.0,0.0,0.0
209048292121,0.0,0.0,0.0,0.0,0.0,0.0
209098341149,0.0,0.0,0.0,0.0,0.0,0.0
209148844381,0.0,0.0,0.0,0.0,0.0,0.0
209199849779,0.0,0.0,0.0,0.0,0.0,0.0
209248270732,0.0,0.0,0.0,0.0,0.0,0.0
209298265667,0.0,0.0,0.0,0.0,0.0,0.0
209348296028,0.0,0.0,0.0,0.0,0.0,0.0
209398269278,0.0,0.0,0.0,0.0,0.0,0.0
209450546863,0.0,0.0,0.0,0.0,0.0,0.0
209498230611,0.0,0.0,0.0,0.0,0.0,0.0
209549619529,0.0,0.0,0.0,0.0,0.0,0.0
209598219982,0.0,0.0,0.0,0.0,0.0,0.0
209648224158,0.0,0.0,0.0,0.0,0.0,0.0
209699764742,0.0,0.0,0.0,0.0,0.0,0.0
209748635695,0.0,0.0,0.0,0.0,0.0,0.0
209798876167,0.0,0.0,0.0,0.0,0.0,0.0
209848211028,0.0,0.0,0.0,0.0,0.0,0.0
209898224056,0.0,0.0,0.0,0.0,0.0,0.0
209949444844,0.0,0.0,0.0,0.0,0.0,0.0
209998244889,0.0,0.0,0.0,0.0,0.0,0.0
210050283400,0.0,0.0,0.0,0.0,0.0,0.0
210099640834,0.0,0.0,0.0,0.0,0.0,0.0
210148115972,0.0,0.0,0.0,0.0,0.0,0.0
210198230260,0.0,0.0,0.0,0.0,0.0,0.0
210248115473,0.0,0.0,0.0,0.0,0.0,0.0
210298256963,0.0,0.0,0.0,0.0,0.0,0.0
210349296603,0.0,0.0,0.0,0.0,0.0,0.0
210398154019,0.0,0.0,0.0,0.0,0.0,0.0
210448733825,0.0,0.0,0.0,0.0,0.0,0.0
210498286371,0.0,0.0,0.0,0.0,0.0,0.0
210548397436,0.0,0.0,0.0,0.0,0.0,0.0
210599824168,0.0,0.0,0.0,0.0,0.0,0.0
210648972658,0.0,0.0,0.0,0.0,0.0,0.0
210700785539,0.0,0.0,0.0,0.0,0.0,0.0
210751032641,0.0,0.0,0.0,0.0,0.0,0.0
210798698594,0.0,0.0,0.0,0.0,0.0,0.0
210850692401,0.0,0.0,0.0,0.0,0.0,0.0
210898336501,0.0,0.0,0.0,0.0,0.0,0.0
210950198289,0.0,0.0,0.0,0.0,0.0,0.0
210999906873,0.0,0.0,0.0,0.0,0.0,0.0
211048722511,0.0,0.0,0.0,0.0,0.0,0.0
211099261965,0.0,0.0,0.0,0.0,0.0,0.0
211148386752,0.0,0.0,0.0,0.0,0.0,0.0
211200265577,0.0,0.0,0.0,0.0,0.0,0.0
211248869419,0.0,0.0,0.0,0.0,0.0,0.0
211298202280,0.0,0.0,0.0,0.0,0.0,0.0
211349168234,0.0,0.0,0.0,0.0,0.0,0.0
211398312447,0.0,0.0,0.0,0.0,0.0,0.0
211448304567,0.0,0.0,0.0,0.0,0.0,0.0
211499511651,0.0,0.0,0.0,0.0,0.0,0.0
211548298141,0.0,0.0,0.0,0.0,0.0,0.0
211598370077,0.0,0.0,0.0,0.0,0.0,0.0
211648785753,0.0,0.0,0.0,0.0,0.0,0.0
211698323355,0.0,0.0,0.0,0.0,0.0,0.0
211751422551,0.0,0.0,0.0,0.0,0.0,0.0
211798250096,0.0,0.0,0.0,0.0,0.0,0.0
211848279568,0.0,0.0,0.0,0.0,0.0,0.0
211898219670,0.0,0.0,0.0,0.0,0.0,0.0
211948442698,0.0,0.0,0.0,0.0,0.0,0.0
212003158507,0.0,0.0,0.0,0.0,0.0,0.0
212048316439,0.0,0.0,0.0,0.0,0.0,0.0
212098522838,0.0,0.0,0.0,0.0,0.0,0.0
212148950144,0.0,0.0,0.0,0.0,0.0,0.0
212198243319,0.0,0.0,0.0,0.0,0.0,0.0
212248382570,0.0,0.0,0.0,0.0,0.0,0.0
212298288412,0.0,0.0,0.0,0.0,0.0,0.0
212348328996,0.0,0.0,0.0,0.0,0.0,0.0
212399368395,0.0,0.0,0.0,0.0,0.0,0.0
212448512533,0.0,0.0,0.0,0.0,0.0,0.0
212498366172,0.0,0.0,0.0,0.0,0.0,0.0
212548217071,0.0,0.0,0.0,0.0,0.0,0.0
212598308025,0.0,0.0,0.0,0.0,0.0,0.0
212652385999,0.0,0.0,0.0,0.0,0.0,0.0
212698216081,0.0,0.0,0.0,0.0,0.0,0.0
212749823832,0.0,0.0,0.0,0.0,0.0,0.0
212798221340,0.0,0.0,0.0,0.0,0.0,0.0
212848224239,0.0,0.0,0.0,0.0,0.0,0.0
212899796823,0.0,0.0,0.0,0.0,0.0,0.0
212948572869,0.0,0.0,0.0,0.0,0.0,0.0
212999659157,0.0,0.0,0.0,0.0,0.0,0.0
213051258297,0.0,0.0,0.0,0.0,0.0,0.0
213098200509,0.0,0.0,0.0,0.0,0.0,0.0
213151242983,0.0,0.0,0.0,0.0,0.0,0.0
213198518750,0.0,0.0,0.0,0.0,0.0,0.0
213248956593,0.0,0.0,0.0,0.0,0.0,0.0
213300615733,0.0,0.0,0.0,0.0,0.0,0.0
213348273945,0.0,0.0,0.0,0.0,0.0,0.0
213399075640,0.0,0.0,0.0,0.0,0.0,0.0
213448311501,0.0,0.0,0.0,0.0,0.0,0.0
213498529566,0.0,0.0,0.0,0.0,0.0,0.0
213549082150,0.0,0.0,0.0,0.0,0.0,0.0
213599016549,0.0,0.0,0.0,0.0,0.0,0.0
213649517595,0.0,0.0,0.0,0.0,0.0,0.0
213698207345,0.0,0.0,0.0,0.0,0.0,0.0
213748569040,0.0,0.0,0.0,0.0,0.0,0.0
213798132420,0.0,0.0,0.0,0.0,0.0,0.0
213848206985,0.0,0.0,0.0,0.0,0.0,0.0
213902077423,0.0,0.0,0.0,0.0,0.0,0.0
213948383782,0.0,0.0,0.0,0.0,0.0,0.0
214002339201,0.0,0.0,0.0,0.0,0.0,0.0
214048780394,0.0,0.0,0.0,0.0,0.0,0.0
214098215718,0.0,0.0,0.0,0.0,0.0,0.0
214148534117,0.0,0.0,0.0,0.0,0.0,0.0
214198248774,0.0,0.0,0.0,0.0,0.0,0.0
214248356784,0.0,0.0,0.0,0.0,0.0,0.0
214300390998,0.0,0.0,0.0,0.0,0.0,0.0
214348223562,0.0,0.0,0.0,0.0,0.0,0.0
214399631147,0.0,0.0,0.0,0.0,0.0,0.0
214448434359,0.0,0.0,0.0,0.0,0.0,0.0
214499164092,0.0,0.0,0.0,0.0,0.0,0.0
214549946842,0.0,0.0,0.0,0.0,0.0,0.0
214598246277,0.0,0.0,0.0,0.0,0.0,0.0
214650447418,0.0,0.0,0.0,0.0,0.0,0.0
214698243537,0.0,0.0,0.0,0.0,0.0,0.0
214748263862,0.0,0.0,0.0,0.0,0.0,0.0
214799472242,0.0,0.0,0.0,0.0,0.0,0.0
214848519029,0.0,0.0,0.0,0.0,0.0,0.0
214899424484,0.0,0.0,0.0,0.0,0.0,0.0
214948385030,0.0,0.0,0.0,0.0,0.0,0.0
214998247243,0.0,0.0,0.0,0.0,0.0,0.0
215053902904,0.0,0.0,0.0,0.0,0.0,0.0
215098422263,0.0,0.0,0.0,0.0,0.0,0.0
215150980607,0.0,0.0,0.0,0.0,0.0,0.0
215203865618,0.0,0.0,0.0,0.0,0.0,0.0
215248279995,0.0,0.0,0.0,0.0,0.0,0.0
215299046728,0.0,0.0,0.0,0.0,0.0,0.0
215348254552,0.0,0.0,0.0,0.0,0.0,0.0
215398297895,0.0,0.0,0.0,0.0,0.0,0.0
215449913776,0.0,0.0,0.0,0.0,0.0,0.0
215498251821,0.0,0.0,0.0,0.0,0.0,0.0
215548569035,0.0,0.0,0.0,0.0,0.0,0.0
215598311378,0.0,0.0,0.0,0.0,0.0,0.0
215649191962,0.0,0.0,0.0,0.0,0.0,0.0
215698973620,0.0,0.0,0.0,0.0,0.0,0.0
215748142944,0.0,0.0,0.0,0.0,0.0,0.0
215798828399,0.0,0.0,0.0,0.0,0.0,0.0
215848310982,0.0,0.0,0.0,0.0,0.0,0.0
215898440010,0.0,0.0,0.0,0.0,0.0,0.0
215951707374,0.0,0.0,0.0,0.0,0.0,0.0
215998219993,0.0,0.0,0.0,0.0,0.0,0.0
216050006522,0.0,0.0,0.0,0.0,0.0,0.0
216098328346,0.0,0.0,0.0,0.0,0.0,0.0
216148243967,0.0,0.0,0.0,0.0,0.0,0.0
216199060236,0.0,0.0,0.0,0.0,0.0,0.0
216248248967,0.0,0.0,0.0,0.0,0.0,0.0
216299250589,0.0,0.0,0.0,0.0,0.0,0.0
216348210635,0.0,0.0,0.0,0.0,0.0,0.0
216398325071,0.0,0.0,0.0,0.0,0.0,0.0
216449757581,0.0,0.0,0.0,0.0,0.0,0.0
216498359053,0.0,0.0,0.0,0.0,0.0,0.0
216549813953,0.0,0.0,0.0,0.0,0.0,0.0
216600029629,0.0,0.0,0.0,0.0,0.0,0.0
216648259305,0.0,0.0,0.0,0.0,0.0,0.0
216698683556,0.0,0.0,0.0,0.0,0.0,0.0
216748226158,0.0,0.0,0.0,0.0,0.0,0.0
216798288797,0.0,0.0,0.0,0.0,0.0,0.0
216851157642,0.0,0.0,0.0,0.0,0.0,0.0
216898274372,0.0,0.0,0.0,0.0,0.0,0.0
216948126827,0.0,0.0,0.0,0.0,0.0,0.0
216998192744,0.0,0.0,0.0,0.0,0.0,0.0
217048507624,0.0,0.0,0.0,0.0,0.0,0.0
217099662098,0.0,0.0,0.0,0.0,0.0,0.0
217148277107,0.0,0.0,0.0,0.0,0.0,0.0
217199965951,0.0,0.0,0.0,0.0,0.0,0.0
217248255293,0.0,0.0,0.0,0.0,0.0,0.0
217299570322,0.0,0.0,0.0,0.0,0.0,0.0
217350375499,0.0,0.0,0.0,0.0,0.0,0.0
217398379600,0.0,0.0,0.0,0.0,0.0,0.0
217448843981,0.0,0.0,0.0,0.0,0.0,0.0
217498307305,0.0,0.0,0.0,0.0,0.0,0.0
217548863964,0.0,0.0,0.0,0.0,0.0,0.0
217599068085,0.0,0.0,0.0,0.0,0.0,0.0
217648150594,0.0,0.0,0.0,0.0,0.0,0.0
217700359920,0.0,0.0,0.0,0.0,0.0,0.0
217752793561,0.0,0.0,0.0,0.0,0.0,0.0
217798300013,0.0,0.0,0.0,0.0,0.0,0.0
217848377356,0.0,0.0,0.0,0.0,0.0,0.0
217898325940,0.0,0.0,0.0,0.0,0.0,0.0
217948183690,0.0,0.0,0.0,0.0,0.0,0.0
218000369165,0.0,0.0,0.0,0.0,0.0,0.0
218048384581,0.0,0.0,0.0,0.0,0.0,0.0
218098323850,0.0,0.0,0.0,0.0,0.0,0.0
218148219637,0.0,0.0,0.0,0.0,0.0,0.0
218198422925,0.0,0.0,0.0,0.0,0.0,0.0
218249080158,0.0,0.0,0.0,0.0,0.0,0.0
218298520112,0.0,0.0,0.0,0.0,0.0,0.0
218350221863,0.0,0.0,0.0,0.0,0.0,0.0
218398197502,0.0,0.0,0.0,0.0,0.0,0.0
218448821808,0.0,0.0,0.0,0.0,0.0,0.0
218500420875,0.0,0.0,0.0,0.0,0.0,0.0
218548174698,0.0,0.0,0.0,0.0,0.0,0.0
218600024654,0.0,0.0,0.0,0.0,0.0,0.0
218649733886,0.0,0.0,0.0,0.0,0.0,0.0
218698212987,0.0,0.0,0.0,0.0,0.0,0.0
218750073998,0.0,0.0,0.0,0.0,0.0,0.0
218798812971,0.0,0.0,0.0,0.0,0.0,0.0
218849004629,0.0,0.0,0.0,0.0,0.0,0.0
218900947047,0.0,0.0,0.0,0.0,0.0,0.0
218948195445,0.0,0.0,0.0,0.0,0.0,0.0
218998466492,0.0,0.0,0.0,0.0,0.0,0.0
219048188076,0.0,0.0,0.0,0.0,0.0,0.0
219098344938,0.0,0.0,0.0,0.0,0.0,0.0
219149854504,0.0,0.0,0.0,0.0,0.0,0.0
219198298976,0.0,0.0,0.0,0.0,0.0,0.0
219248961209,0.0,0.0,0.0,0.0,0.0,0.0
219298192589,0.0,0.0,0.0,0.0,0.0,0.0
219348172895,0.0,0.0,0.0,0.0,0.0,0.0
219401684148,0.0,0.0,0.0,0.0,0.0,0.0
219448184174,0.0,0.0,0.0,0.0,0.0,0.0
219499915296,0.0,0.0,0.0,0.0,0.0,0.0
219548208935,0.0,0.0,0.0,0.0,0.0,0.0
219598807001,0.0,0.0,0.0,0.0,0.0,0.0
219650680160,0.0,0.0,0.0,0.0,0.0,0.0
219698676169,0.0,0.0,0.0,0.0,0.0,0.0
219749568402,0.0,0.0,0.0,0.0,0.0,0.0
219798189874,0.0,0.0,0.0,0.0,0.0,0.0
219848263217,0.0,0.0,0.0,0.0,0.0,0.0
219899183395,0.0,0.0,0.0,0.0,0.0,0.0
219948106071,0.0,0.0,0.0,0.0,0.0,0.0
219999087859,0.0,0.0,0.0,0.0,0.0,0.0
220048134665,0.0,0.0,0.0,0.0,0.0,0.0
220099273694,0.0,0.0,0.0,0.0,0.0,0.0
220150772149,0.0,0.0,0.0,0.0,0.0,0.0
220199099251,0.0,0.0,0.0,0.0,0.0,0.0
220248897928,0.0,0.0,0.0,0.0,0.0,0.0
220299141845,0.0,0.0,0.0,0.0,0.0,0.0
220348311003,0.0,0.0,0.0,0.0,0.0,0.0
220398489698,0.0,0.0,0.0,0.0,0.0,0.0
220448304060,0.0,0.0,0.0,0.0,0.0,0.0
220499517997,0.0,0.0,0.0,0.0,0.0,0.0
220551150545,0.0,0.0,0.0,0.0,0.0,0.0
220598502924,0.0,0.0,0.0,0.0,0.0,0.0
220648301434,0.0,0.0,0.0,0.0,0.0,0.0
220698296777,0.0,0.0,0.0,0.0,0.0,0.0
220748205232,0.0,0.0,0.0,0.0,0.0,0.0
220802289337,0.0,0.0,0.0,0.0,0.0,0.0
220848169493,0.0,0.0,0.0,0.0,0.0,0.0
220899775708,0.0,0.0,0.0,0.0,0.0,0.0
220948256624,0.0,0.0,0.0,0.0,0.0,0.0
220998294246,0.0,0.0,0.0,0.0,0.0,0.0
221050406998,0.0,0.0,0.0,0.0,0.0,0.0
221098606655,0.0,0.0,0.0,0.0,0.0,0.0
221148505924,0.0,0.0,0.0,0.0,0.0,0.0
221198314823,0.0,0.0,0.0,0.0,0.0,0.0
221248359018,0.0,0.0,0.0,0.0,0.0,0.0
221299185103,0.0,0.0,0.0,0.0,0.0,0.0
221348321428,0.0,0.0,0.0,0.0,0.0,0.0
221398395475,0.0,0.0,0.0,0.0,0.0,0.0
221449252578,0.0,0.0,0.0,0.0,0.0,0.0
221498335810,0.0,0.0,0.0,0.0,0.0,0.0
221551989341,0.0,0.0,0.0,0.0,0.0,0.0
221598401330,0.0,0.0,0.0,0.0,0.0,0.0
221649298008,0.0,0.0,0.0,0.0,0.0,0.0
221698868536,0.0,0.0,0.0,0.0,0.0,0.0
221748268639,0.0,0.0,0.0,0.0,0.0,0.0
221799083890,0.0,0.0,0.0,0.0,0.0,0.0
221848410752,0.0,0.0,0.0,0.0,0.0,0.0
221898225891,0.0,0.0,0.0,0.0,0.0,0.0
221949707532,0.0,0.0,0.0,0.0,0.0,0.0
221998239153,0.0,0.0,0.0,0.0,0.0,0.0
222049094867,0.0,0.0,0.0,0.0,0.0,0.0
222098193099,0.0,0.0,0.0,0.0,0.0,0.0
222149671999,0.0,0.0,0.0,0.0,0.0,0.0
222199488120,0.0,0.0,0.0,0.0,0.0,0.0
222248287759,0.0,0.0,0.0,0.0,0.0,0.0
222299226529,0.0,0.0,0.0,0.0,0.0,0.0
222350938281,0.0,0.0,0.0,0.0,0.0,0.0
222398261216,0.0,0.0,0.0,0.0,0.0,0.0
222448445467,0.0,0.0,0.0,0.0,0.0,0.0
222498434273,0.0,0.0,0.0,0.0,0.0,0.0
222548262876,0.0,0.0,0.0,0.0,0.0,0.0
222599277942,0.0,0.0,0.0,0.0,0.0,0.0
222648229082,0.0,0.0,0.0,0.0,0.0,0.0
222699438278,0.0,0.0,0.0,0.0,0.0,0.0
222748318787,0.0,0.0,0.0,0.0,0.0,0.0
222798579020,0.0,0.0,0.0,0.0,0.0,0.0
222849524772,0.0,0.0,0.0,0.0,0.0,0.0
222898313744,0.0,0.0,0.0,0.0,0.0,0.0
222948339236,0.0,0.0,0.0,0.0,0.0,0.0
222998368154,0.0,0.0,0.0,0.0,0.0,0.0
223048269553,0.0,0.0,0.0,0.0,0.0,0.0
223099496916,0.0,0.0,0.0,0.0,0.0,0.0
223148337036,0.0,0.0,0.0,0.0,0.0,0.0
223198613954,0.0,0.0,0.0,0.0,0.0,0.0
223248224909,0.0,0.0,0.0,0.0,0.0,0.0
223298247901,0.0,0.0,0.0,0.0,0.0,0.0
223349564875,0.0,0.0,0.0,0.0,0.0,0.0
223398080866,0.0,0.0,0.0,0.0,0.0,0.0
223451655748,0.0,0.0,0.0,0.0,0.0,0.0
223498304979,0.0,0.0,0.0,0.0,0.0,0.0
223548262341,0.0,0.0,0.0,0.0,0.0,0.0
223599220185,0.0,0.0,0.0,0.0,0.0,0.0
223648471806,0.0,0.0,0.0,0.0,0.0,0.0
223699435984,0.0,0.0,0.0,0.0,0.0,0.0
223748253179,0.0,0.0,0.0,0.0,0.0,0.0
223798267411,0.0,0.0,0.0,0.0,0.0,0.0
223851082108,0.0,0.0,0.0,0.0,0.0,0.0
223898561321,0.0,0.0,0.0,0.0,0.0,0.0
223949128554,0.0,0.0,0.0,0.0,0.0,0.0
224001058325,0.0,0.0,0.0,0.0,0.0,0.0
224048235796,0.0,0.0,0.0,0.0,0.0,0.0
224098653603,0.0,0.0,0.0,0.0,0.0,0.0
224148239224,0.0,0.0,0.0,0.0,0.0,0.0
224198296624,0.0,0.0,0.0,0.0,0.0,0.0
224249830598,0.0,0.0,0.0,0.0,0.0,0.0
224298253793,0.0,0.0,0.0,0.0,0.0,0.0
224348721488,0.0,0.0,0.0,0.0,0.0,0.0
224398396036,0.0,0.0,0.0,0.0,0.0,0.0
224448580583,0.0,0.0,0.0,0.0,0.0,0.0
224499702539,0.0,0.0,0.0,0.0,0.0,0.0
224548313085,0.0,0.0,0.0,0.0,0.0,0.0
224598316503,0.0,0.0,0.0,0.0,0.0,0.0
224648187421,0.0,0.0,0.0,0.0,0.0,0.0
224698477172,0.0,0.0,0.0,0.0,0.0,0.0
224751906388,0.0,0.0,0.0,0.0,0.0,0.0
224798280915,0.0,0.0,0.0,0.0,0.0,0.0
224848519092,0.0,0.0,0.0,0.0,0.0,0.0
224901229530,0.0,0.0,0.0,0.0,0.0,0.0
224948218483,0.0,0.0,0.0,0.0,0.0,0.0
224998789420,0.0,0.0,0.0,0.0,0.0,0.0
225048463319,0.0,0.0,0.0,0.0,0.0,0.0
225098425904,0.0,0.0,0.0,0.0,0.0,0.0
225149192415,0.0,0.0,0.0,0.0,0.0,0.0
225198221554,0.0,0.0,0.0,0.0,0.0,0.0
225248156805,0.0,0.0,0.0,0.0,0.0,0.0
225298456760,0.0,0.0,0.0,0.0,0.0,0.0
225348282956,0.0,0.0,0.0,0.0,0.0,0.0
225399096763,0.0,0.0,0.0,0.0,0.0,0.0
225448252477,0.0,0.0,0.0,0.0,0.0,0.0
225499581544,0.0,0.0,0.0,0.0,0.0,0.0
225548237257,0.0,0.0,0.0,0.0,0.0,0.0
225598241601,0.0,0.0,0.0,0.0,0.0,0.0
225651625595,0.0,0.0,0.0,0.0,0.0,0.0
225698189474,0.0,0.0,0.0,0.0,0.0,0.0
225748148299,0.0,0.0,0.0,0.0,0.0,0.0
225802171793,0.0,0.0,0.0,0.0,0.0,0.0
225848216987,0.0,0.0,0.0,0.0,0.0,0.0
225900728036,0.0,0.0,0.0,0.0,0.0,0.0
225948171582,0.0,0.0,0.0,0.0,0.0,0.0
225999192463,0.0,0.0,0.0,0.0,0.0,0.0
226049958400,0.0,0.0,0.0,0.0,0.0,0.0
226098115521,0.0,0.0,0.0,0.0,0.0,0.0
226148812643,0.0,0.0,0.0,0.0,0.0,0.0
226198313245,0.0,0.0,0.0,0.0,0.0,0.0
226248117848,0.0,0.0,0.0,0.0,0.0,0.0
226300123638,0.0,0.0,0.0,0.0,0.0,0.0
226348155999,0.0,0.0,0.0,0.0,0.0,0.0
226398935269,0.0,0.0,0.0,0.0,0.0,0.0
226448080298,0.0,0.0,0.0,0.0,0.0,0.0
226498265827,0.0,0.0,0.0,0.0,0.0,0.0
226552378784,0.0,0.0,0.0,0.0,0.0,0.0
226598940089,0.0,0.0,0.0,0.0,0.0,0.0
226651417083,0.0,0.0,0.0,0.0,0.0,0.0
226700289352,0.0,0.0,0.0,0.0,0.0,0.0
226748299843,0.0,0.0,0.0,0.0,0.0,0.0
226798550298,0.0,0.0,0.0,0.0,0.0,0.0
226848370401,0.0,0.0,0.0,0.0,0.0,0.0
226898532949,0.0,0.0,0.0,0.0,0.0,0.0
226948431367,0.0,0.0,0.0,0.0,0.0,0.0
226998511729,0.0,0.0,0.0,0.0,0.0,0.0
227049451833,0.0,0.0,0.0,0.0,0.0,0.0
227098254584,0.0,0.0,0.0,0.0,0.0,0.0
227148204557,0.0,0.0,0.0,0.0,0.0,0.0
227201858959,0.0,0.0,0.0,0.0,0.0,0.0
227248521801,0.0,0.0,0.0,0.0,0.0,0.0
227298648256,0.0,0.0,0.0,0.0,0.0,0.0
227350861138,0.0,0.0,0.0,0.0,0.0,0.0
227398268203,0.0,0.0,0.0,0.0,0.0,0.0
227449160807,0.0,0.0,0.0,0.0,0.0,0.0
227498311594,0.0,0.0,0.0,0.0,0.0,0.0
227550014365,0.0,0.0,0.0,0.0,0.0,0.0
227600917784,0.0,0.0,0.0,0.0,0.0,0.0
227649069071,0.0,0.0,0.0,0.0,0.0,0.0
227699858990,0.0,0.0,0.0,0.0,0.0,0.0
227748160981,0.0,0.0,0.0,0.0,0.0,0.0
227798551418,0.0,0.0,0.0,0.0,0.0,0.0
227852943301,0.0,0.0,0.0,0.0,0.0,0.0
227898344828,0.0,0.0,0.0,0.0,0.0,0.0
227951200692,0.0,0.0,0.0,0.0,0.0,0.0
227998301479,0.0,0.0,0.0,0.0,0.0,0.0
228048248323,0.0,0.0,0.0,0.0,0.0,0.0
228101165187,0.0,0.0,0.0,0.0,0.0,0.0
228148222974,0.0,0.0,0.0,0.0,0.0,0.0
228201353264,0.0,0.0,0.0,0.0,0.0,0.0
228248217180,0.0,0.0,0.0,0.0,0.0,0.0
228298451043,0.0,0.0,0.0,0.0,0.0,0.0
228351409981,0.0,0.0,0.0,0.0,0.0,0.0
228398297360,0.0,0.0,0.0,0.0,0.0,0.0
228450170428,0.0,0.0,0.0,0.0,0.0,0.0
228501062587,0.0,0.0,0.0,0.0,0.0,0.0
228548232689,0.0,0.0,0.0,0.0,0.0,0.0
228598376162,0.0,0.0,0.0,0.0,0.0,0.0
228648245358,0.0,0.0,0.0,0.0,0.0,0.0
228698269517,0.0,0.0,0.0,0.0,0.0,0.0
228749423103,0.0,0.0,0.0,0.0,0.0,0.0
228798284409,0.0,0.0,0.0,0.0,0.0,0.0
228850989403,0.0,0.0,0.0,0.0,0.0,0.0
228898362801,0.0,0.0,0.0,0.0,0.0,0.0
228948259034,0.0,0.0,0.0,0.0,0.0,0.0
228999666638,0.0,0.0,0.0,0.0,0.0,0.0
229048162203,0.0,0.0,0.0,0.0,0.0,0.0
229098573214,0.0,0.0,0.0,0.0,0.0,0.0
229150967097,0.0,0.0,0.0,0.0,0.0,0.0
229198305958,0.0,0.0,0.0,0.0,0.0,0.0
229248320358,0.0,0.0,0.0,0.0,0.0,0.0
229298311831,0.0,0.0,0.0,0.0,0.0,0.0
229348212342,0.0,0.0,0.0,0.0,0.0,0.0
229400194465,0.0,0.0,0.0,0.0,0.0,0.0
229448343530,0.0,0.0,0.0,0.0,0.0,0.0
229500370357,0.0,0.0,0.0,0.0,0.0,0.0
229548293015,0.0,0.0,0.0,0.0,0.0,0.0
229598313637,0.0,0.0,0.0,0.0,0.0,0.0
229648958777,0.0,0.0,0.0,0.0,0.0,0.0
229698548325,0.0,0.0,0.0,0.0,0.0,0.0
229751826690,0.0,0.0,0.0,0.0,0.0,0.0
229802182330,0.0,0.0,0.0,0.0,0.0,0.0
229848291931,0.0,0.0,0.0,0.0,0.0,0.0
229898394239,0.0,0.0,0.0,0.0,0.0,0.0
229948261990,0.0,0.0,0.0,0.0,0.0,0.0
229998389075,0.0,0.0,0.0,0.0,0.0,0.0
230049682438,0.0,0.0,0.0,0.0,0.0,0.0
230098249411,0.0,0.0,0.0,0.0,0.0,0.0
230148309737,0.0,0.0,0.0,0.0,0.0,0.0
230198227896,0.0,0.0,0.0,0.0,0.0,0.0
230248199536,0.0,0.0,0.0,0.0,0.0,0.0
230299654363,0.0,0.0,0.0,0.0,0.0,0.0
230348265429,0.0,0.0,0.0,0.0,0.0,0.0
230401124589,0.0,0.0,0.0,0.0,0.0,0.0
230448229191,0.0,0.0,0.0,0.0,0.0,0.0
230498800072,0.0,0.0,0.0,0.0,0.0,0.0
230549645084,0.0,0.0,0.0,0.0,0.0,0.0
230598298316,0.0,0.0,0.0,0.0,0.0,0.0
230649894791,0.0,0.0,0.0,0.0,0.0,0.0
230700760561,0.0,0.0,0.0,0.0,0.0,0.0
230748389552,0.0,0.0,0.0,0.0,0.0,0.0
230798285156,0.0,0.0,0.0,0.0,0.0,0.0
230848311204,0.0,0.0,0.0,0.0,0.0,0.0
230898129529,0.0,0.0,0.0,0.0,0.0,0.0
230949728930,0.0,0.0,0.0,0.0,0.0,0.0
230998910422,0.0,0.0,0.0,0.0,0.0,0.0
231048888414,0.0,0.0,0.0,0.0,0.0,0.0
231098843722,0.0,0.0,0.0,0.0,0.0,0.0
231148269417,0.0,0.0,0.0,0.0,0.0,0.0
231199705688,0.0,0.0,0.0,0.0,0.0,0.0
231248316902,0.0,0.0,0.0,0.0,0.0,0.0
231300027303,0.0,0.0,0.0,0.0,0.0,0.0
231349780443,0.0,0.0,0.0,0.0,0.0,0.0
231398241657,0.0,0.0,0.0,0.0,0.0,0.0
231449046094,0.0,0.0,0.0,0.0,0.0,0.0
231498420975,0.0,0.0,0.0,0.0,0.0,0.0
231548385912,0.0,0.0,0.0,0.0,0.0,0.0
231600932980,0.0,0.0,0.0,0.0,0.0,0.0
231648198286,0.0,0.0,0.0,0.0,0.0,0.0
231699683001,0.0,0.0,0.0,0.0,0.0,0.0
231748282030,0.0,0.0,0.0,0.0,0.0,0.0
231798378448,0.0,0.0,0.0,0.0,0.0,0.0
231848738274,0.0,0.0,0.0,0.0,0.0,0.0
231898351396,0.0,0.0,0.0,0.0,0.0,0.0
231950535223,0.0,0.0,0.0,0.0,0.0,0.0
232001105883,0.0,0.0,0.0,0.0,0.0,0.0
232048200855,0.0,0.0,0.0,0.0,0.0,0.0
232102007461,0.0,0.0,0.0,0.0,0.0,0.0
232148185599,0.0,0.0,0.0,0.0,0.0,0.0
232199665796,0.0,0.0,0.0,0.0,0.0,0.0
232248918084,0.0,0.0,0.0,0.0,0.0,0.0
232298169058,0.0,0.0,0.0,0.0,0.0,0.0
232349694199,0.0,0.0,0.0,0.0,0.0,0.0
232399037562,0.0,0.0,0.0,0.0,0.0,0.0
232451119759,0.0,0.0,0.0,0.0,0.0,0.0
232500575974,0.0,0.0,0.0,0.0,0.0,0.0
232548195576,0.0,0.0,0.0,0.0,0.0,0.0
232600017125,0.0,0.0,0.0,0.0,0.0,0.0
232648348505,0.0,0.0,0.0,0.0,0.0,0.0
232699254758,0.0,0.0,0.0,0.0,0.0,0.0
232749483584,0.0,0.0,0.0,0.0,0.0,0.0
232798286075,0.0,0.0,0.0,0.0,0.0,0.0
232849249402,0.0,0.0,0.0,0.0,0.0,0.0
232898165597,0.0,0.0,0.0,0.0,0.0,0.0
232948320997,0.0,0.0,0.0,0.0,0.0,0.0
232998739601,0.0,0.0,0.0,0.0,0.0,0.0
233049402798,0.0,0.0,0.0,0.0,0.0,0.0
233098236197,0.0,0.0,0.0,0.0,0.0,0.0
233148101375,0.0,0.0,0.0,0.0,0.0,0.0
233198246479,0.0,0.0,0.0,0.0,0.0,0.0
233250998399,0.0,0.0,0.0,0.0,0.0,0.0
233298133797,0.0,0.0,0.0,0.0,0.0,0.0
233349646105,0.0,0.0,0.0,0.0,0.0,0.0
233398234578,0.0,0.0,0.0,0.0,0.0,0.0
233448212756,0.0,0.0,0.0,0.0,0.0,0.0
233501271824,0.0,0.0,0.0,0.0,0.0,0.0
233548198963,0.0,0.0,0.0,0.0,0.0,0.0
233598141641,0.0,0.0,0.0,0.0,0.0,0.0
233648183319,0.0,0.0,0.0,0.0,0.0,0.0
233698235071,0.0,0.0,0.0,0.0,0.0,0.0
233750091213,0.0,0.0,0.0,0.0,0.0,0.0
233798230908,0.0,0.0,0.0,0.0,0.0,0.0
233850067938,0.0,0.0,0.0,0.0,0.0,0.0
233898982338,0.0,0.0,0.0,0.0,0.0,0.0
233948204571,0.0,0.0,0.0,0.0,0.0,0.0
234000807954,0.0,0.0,0.0,0.0,0.0,0.0
234048670834,0.0,0.0,0.0,0.0,0.0,0.0
234098753660,0.0,0.0,0.0,0.0,0.0,0.0
234149145857,-0.0,0.0,2.0,0.0,0.0,0.0
234199190386,-0.0,0.0,2.0,0.0,0.0,0.0
234249647638,-0.0,0.0,2.0,0.0,0.0,0.0
234298299778,-0.0,0.0,2.0,0.0,0.0,0.0
234348202067,-0.0,0.0,2.0,0.0,0.0,0.0
234399234653,-0.0,0.0,2.0,0.0,0.0,0.0
234448237997,-0.0,0.0,2.0,0.0,0.0,0.6981333333333334
234499883898,-0.0,0.0,2.0,0.0,0.0,0.6981333333333334
234548247334,-0.0,0.0,2.0,0.0,0.0,0.6981333333333334
234598249530,-0.0,0.0,2.0,0.0,0.0,0.0
234650659006,-0.0,0.0,2.0,0.0,0.0,0.0
234699217146,-0.0,0.0,2.0,0.0,0.0,0.0
234750288472,-0.0,0.0,2.0,0.0,0.0,0.0
234800598169,-0.0,0.0,2.0,0.0,0.0,0.0
234848348586,-0.0,0.0,2.0,0.0,0.0,0.0
234899539691,-0.0,0.0,2.0,0.0,0.0,0.0
234948220460,-0.0,0.0,2.0,0.0,0.0,0.0
234998274138,-0.0,0.0,2.0,0.0,0.0,0.0
235051341651,-0.0,0.0,2.0,0.0,0.0,0.0
235098279772,-0.0,0.0,2.0,0.0,0.0,0.0
235149582376,0.0,0.0,0.0,0.0,0.0,0.0
235198252979,0.0,0.0,0.0,0.0,0.0,0.0
235248273454,0.0,0.0,0.0,0.0,0.0,0.0
235302730708,0.0,0.0,0.0,0.0,0.0,0.0
235348193069,0.0,0.0,0.0,0.0,0.0,0.0
235400301581,0.0,0.0,0.0,0.0,0.0,0.0
235448201165,0.0,0.0,0.0,0.0,0.0,0.0
235498282528,0.0,0.0,0.0,0.0,0.0,0.0
235550243670,0.0,0.0,0.0,0.0,0.0,0.0
235598838458,0.0,0.0,0.0,0.0,0.0,0.0
235649127470,0.0,0.0,0.0,0.0,0.0,0.0
235700390148,0.0,0.0,0.0,0.0,0.0,0.0
235748343732,0.0,0.0,0.0,0.0,0.0,0.0
235798345170,0.0,0.0,0.0,0.0,0.0,0.0
235848277348,0.0,0.0,0.0,0.0,0.0,0.0
235898299914,0.0,0.0,0.0,0.0,0.0,0.0
235950275649,0.0,0.0,0.0,0.0,0.0,0.0
235998252585,0.0,0.0,0.0,0.0,0.0,0.0
236050185375,0.0,0.0,0.0,0.0,0.0,0.0
236098701997,0.0,0.0,0.0,0.0,0.0,0.0
236148291230,0.0,0.0,0.0,0.0,0.0,0.0
236200923132,0.0,0.0,0.0,0.0,0.0,0.0
236248371105,0.0,0.0,0.0,0.0,0.0,0.0
236300898858,0.0,0.0,0.0,0.0,0.0,0.0
236349330387,0.0,0.0,0.0,0.0,0.0,0.0
236398312157,0.0,0.0,0.0,0.0,0.0,0.0
236448312335,0.0,0.0,0.0,0.0,0.0,0.0
236498361568,0.0,0.0,0.0,0.0,0.0,0.0
236549892692,0.0,0.0,0.0,0.0,0.0,0.0
236599016073,0.0,0.0,0.0,0.0,0.0,0.0
236648606195,0.0,0.0,0.0,0.0,0.0,0.0
236698292428,0.0,0.0,0.0,0.0,0.0,0.0
236748410236,0.0,0.0,0.0,0.0,0.0,0.0
236798239581,0.0,0.0,0.0,0.0,0.0,0.0
236849778834,0.0,0.0,0.0,0.0,0.0,0.0
236898277826,0.0,0.0,0.0,0.0,0.0,0.0
236948699411,0.0,0.0,0.0,0.0,0.0,0.0
236998263330,0.0,0.0,0.0,0.0,0.0,0.0
237048569749,0.0,0.0,0.0,0.0,0.0,0.0
237099719427,0.0,0.0,0.0,0.0,0.0,0.0
237148226086,0.0,0.0,0.0,0.0,0.0,0.0
237198257708,0.0,0.0,0.0,0.0,0.0,0.0
237248228423,0.0,0.0,0.0,0.0,0.0,0.0
237298144824,0.0,0.0,0.0,0.0,0.0,0.0
237350875781,0.0,0.0,0.0,0.0,0.0,0.0
237398316624,0.0,0.0,0.0,0.0,0.0,0.0
237449548673,0.0,0.0,0.0,0.0,0.0,0.0
237498220184,0.0,0.0,0.0,0.0,0.0,0.0
237548235640,0.0,0.0,0.0,0.0,0.0,0.0
237600304226,0.0,0.0,0.0,0.0,0.0,0.0
237648460681,0.0,0.0,0.0,0.0,0.0,0.0
237699047508,0.0,0.0,0.0,0.0,0.0,0.0
237748394945,0.0,0.0,0.0,0.0,0.0,0.0
237798248271,0.0,0.0,0.0,0.0,0.0,0.0
237850912876,0.0,0.0,0.0,0.0,0.0,0.0
237898204664,0.0,0.0,0.0,0.0,0.0,0.0
237949767158,0.0,0.0,0.0,0.0,0.0,0.0
237999288984,0.0,0.0,0.0,0.0,0.0,0.0
238048297291,0.0,0.0,0.0,0.0,0.0,0.0
238099607340,0.0,0.0,0.0,0.0,0.0,0.0
238148222795,0.0,0.0,0.0,0.0,0.0,0.0
238198258233,0.0,0.0,0.0,0.0,0.0,0.0
238249982671,0.0,0.0,0.0,0.0,0.0,0.0
238298916089,0.0,0.0,0.0,0.0,0.0,0.0
238348447378,0.0,0.0,0.0,0.0,0.0,0.0
238398253408,0.0,0.0,0.0,0.0,0.0,0.0
238448341086,0.0,0.0,0.0,0.0,0.0,0.0
238499269746,0.0,0.0,0.0,0.0,0.0,0.0
238548776517,0.0,0.0,0.0,0.0,0.0,0.0
238598265750,0.0,0.0,0.0,0.0,0.0,0.0
238648238150,0.0,0.0,0.0,0.0,0.0,0.0
238698369514,0.0,0.0,0.0,0.0,0.0,0.0
238749680211,0.0,0.0,0.0,0.0,0.0,0.0
238798312037,0.0,0.0,0.0,0.0,0.0,0.0
238848316900,0.0,0.0,0.0,0.0,0.0,0.0
238898838523,0.0,0.0,0.0,0.0,0.0,0.0
238948803609,0.0,0.0,0.0,0.0,0.0,0.0
238999514454,0.0,0.0,0.0,0.0,0.0,0.0
239048282631,0.0,0.0,0.0,0.0,0.0,0.0
239100704181,0.0,0.0,0.0,0.0,0.0,0.0
239148771210,0.0,0.0,0.0,0.0,0.0,0.0
239198207795,0.0,0.0,0.0,0.0,0.0,0.0
239251668550,0.0,0.0,0.0,0.0,0.0,0.0
239298280485,0.0,0.0,0.0,0.0,0.0,0.0
239349256404,0.0,0.0,0.0,0.0,0.0,0.0
239399762527,0.0,0.0,0.0,0.0,0.0,0.0
239448301445,0.0,0.0,0.0,0.0,0.0,0.0
239498347012,0.0,0.0,0.0,0.0,0.0,0.0
239548283468,0.0,0.0,0.0,0.0,0.0,0.0
239598177258,0.0,0.0,0.0,0.0,0.0,0.0
239648953899,0.0,0.0,0.0,0.0,0.0,0.0
239698230225,0.0,0.0,0.0,0.0,0.0,0.0
239750260034,0.0,0.0,0.0,0.0,0.0,0.0
239798249082,0.0,0.0,0.0,0.0,0.0,0.0
239848226815,0.0,0.0,0.0,0.0,0.0,0.0
239900278143,0.0,0.0,0.0,0.0,0.0,0.0
239948498691,0.0,0.0,0.0,0.0,0.0,0.0
239998770536,0.0,0.0,0.0,0.0,0.0,0.0
240051682790,0.0,0.0,0.0,0.0,0.0,0.0
240098269262,0.0,0.0,0.0,0.0,0.0,0.0
240149263515,0.0,0.0,0.0,0.0,0.0,0.0
240198525674,0.0,0.0,0.0,0.0,0.0,0.0
240249930354,0.0,0.0,0.0,0.0,0.0,0.0
240299157198,0.0,0.0,0.0,0.0,0.0,0.0
240348216950,0.0,0.0,0.0,0.0,0.0,0.0
240400019351,0.0,0.0,0.0,0.0,0.0,0.0
240448317843,0.0,0.0,0.0,0.0,0.0,0.0
240501697542,0.0,0.0,0.0,0.0,0.0,0.0
240550508794,0.0,0.0,0.0,0.0,0.0,0.0
240598261748,0.0,0.0,0.0,0.0,0.0,0.0
240649190372,0.0,0.0,0.0,0.0,0.0,0.0
240698634920,0.0,0.0,0.0,0.0,0.0,0.0
240748209820,0.0,0.0,0.0,0.0,0.0,0.0
240800173537,0.0,0.0,0.0,0.0,0.0,0.0
240848211844,0.0,0.0,0.0,0.0,0.0,0.0
240899120041,0.0,0.0,0.0,0.0,0.0,0.0
240948267441,0.0,0.0,0.0,0.0,0.0,0.0
240998289101,0.0,0.0,0.0,0.0,0.0,0.0
241050882614,0.0,0.0,0.0,0.0,0.0,0.0
241098271328,0.0,0.0,0.0,0.0,0.0,0.0
241150066896,0.0,0.0,0.0,0.0,0.0,0.0
241201233242,0.0,0.0,0.0,0.0,0.0,0.0
241248197752,0.0,0.0,0.0,0.0,0.0,0.0
241298362189,0.0,0.0,0.0,0.0,0.0,0.0
241348232201,0.0,0.0,0.0,0.0,0.0,0.0
241398179620,0.0,0.0,0.0,0.0,0.0,0.0
241449898651,0.0,0.0,0.0,0.0,0.0,0.0
241498246458,0.0,0.0,0.0,0.0,0.0,0.0
241549914045,0.0,0.0,0.0,0.0,0.0,0.0
241598297741,0.0,0.0,0.0,0.0,0.0,0.0
241648157586,0.0,0.0,0.0,0.0,0.0,0.0
241699281783,0.0,0.0,0.0,0.0,0.0,0.0
241748220683,0.0,0.0,0.0,0.0,0.0,0.0
241798187658,0.0,0.0,0.0,0.0,0.0,0.0
241848476818,0.0,0.0,0.0,0.0,0.0,0.0
241899271478,0.0,0.0,0.0,0.0,0.0,0.0
241950032731,0.0,0.0,0.0,0.0,0.0,0.0
241998146519,0.0,0.0,0.0,0.0,0.0,0.0
242048203365,0.0,0.0,0.0,0.0,0.0,0.0
242098637006,0.0,0.0,0.0,0.0,0.0,0.0
242148334962,0.0,0.0,0.0,0.0,0.0,0.0
242199930697,0.0,0.0,0.0,0.0,0.0,0.0
242248332134,0.0,0.0,0.0,0.0,0.0,0.0
242299633294,0.0,0.0,0.0,0.0,0.0,0.0
242348668176,0.0,0.0,0.0,0.0,0.0,0.0
242400054874,0.0,0.0,0.0,0.0,0.0,0.0
242449278977,0.0,0.0,0.0,0.0,0.0,0.0
242498268618,0.0,0.0,0.0,0.0,0.0,0.0
242550154705,0.0,0.0,0.0,0.0,0.0,0.0
242598283975,0.0,0.0,0.0,0.0,0.0,0.0
242648837487,0.0,0.0,0.0,0.0,0.0,0.0
242699930444,0.0,0.0,0.0,0.0,0.0,0.0
242748465196,0.0,0.0,0.0,0.0,0.0,0.0
242802297876,0.0,0.0,0.0,0.0,0.0,0.0
242848286108,0.0,0.0,0.0,0.0,0.0,0.0
242898239620,0.0,0.0,0.0,0.0,0.0,0.0
242953148579,0.0,0.0,0.0,0.0,0.0,0.0
242998276384,0.0,0.0,0.0,0.0,0.0,0.0
243049831045,0.0,0.0,0.0,0.0,0.0,0.0
243101324150,0.0,0.0,0.0,0.0,0.0,0.0
243148266308,0.0,0.0,0.0,0.0,0.0,0.0
243198602506,0.0,0.0,0.0,0.0,0.0,0.0
243248412906,0.0,0.0,0.0,0.0,0.0,0.0
243298267992,0.0,0.0,0.0,0.0,0.0,0.0
243349895801,0.0,0.0,0.0,0.0,0.0,0.0
243398232627,0.0,0.0,0.0,0.0,0.0,0.0
243449458658,0.0,0.0,0.0,0.0,0.0,0.0
243498880077,0.0,0.0,0.0,0.0,0.0,0.0
243549236774,0.0,0.0,0.0,0.0,0.0,0.0
243599179563,0.0,0.0,0.0,0.0,0.0,0.0
243648882612,0.0,0.0,0.0,0.0,0.0,0.0
243698870791,0.0,0.0,0.0,0.0,0.0,0.0
243748271154,0.0,0.0,0.0,0.0,0.0,0.0
243798250925,0.0,0.0,0.0,0.0,0.0,0.0
243852325587,0.0,0.0,0.0,0.0,0.0,0.0
243898322560,0.0,0.0,0.0,0.0,0.0,0.0
243948980405,0.0,0.0,0.0,0.0,0.0,0.0
243998351084,0.0,0.0,0.0,0.0,0.0,0.0
244049092244,0.0,0.0,0.0,0.0,0.0,0.0
244099023330,0.0,0.0,0.0,0.0,0.0,0.0
244148307971,0.0,0.0,0.0,0.0,0.0,0.0
244200689633,0.0,0.0,0.0,0.0,0.0,0.0
244248348976,0.0,0.0,0.0,0.0,0.0,0.0
244299869137,0.0,0.0,0.0,0.0,0.0,0.0
244350276149,0.0,0.0,0.0,0.0,0.0,0.0
244398241790,0.0,0.0,0.0,0.0,0.0,0.0
244448904598,0.0,0.0,0.0,0.0,0.0,0.0
244498258721,0.0,0.0,0.0,0.0,0.0,0.0
244548267325,0.0,0.0,0.0,0.0,0.0,0.0
244600793913,0.0,0.0,0.0,0.0,0.0,0.0
244648518479,0.0,0.0,0.0,0.0,0.0,0.0
244699846029,0.0,0.0,0.0,0.0,0.0,0.0
244748229614,0.0,0.0,0.0,0.0,0.0,0.0
244798215848,0.0,0.0,0.0,0.0,0.0,0.0
244854469438,0.0,0.0,0.0,0.0,0.0,0.0
244898420427,0.0,0.0,0.0,0.0,0.0,0.0
244948124458,0.0,0.0,0.0,0.0,0.0,0.0
245000141545,0.0,0.0,0.0,0.0,0.0,0.0
245048912926,0.0,0.0,0.0,0.0,0.0,0.0
245099215402,0.0,0.0,0.0,0.0,0.0,0.0
245148239265,0.0,0.0,0.0,0.0,0.0,0.0
245198385425,0.0,0.0,0.0,0.0,0.0,0.0
245250298549,0.0,0.0,0.0,0.0,0.0,0.0
245298299578,0.0,0.0,0.0,0.0,0.0,0.0
245348509628,0.0,0.0,0.0,0.0,0.0,0.0
245398240621,0.0,0.0,0.0,0.0,0.0,0.0
245448353762,0.0,0.0,0.0,0.0,0.0,0.0
245500035109,0.0,0.0,0.0,0.0,0.0,0.0
245548175045,0.0,0.0,0.0,0.0,0.0,0.0
245600673966,0.0,0.0,0.0,0.0,0.0,0.0
245648971292,0.0,0.0,0.0,0.0,0.0,0.0
245698252378,0.0,0.0,0.0,0.0,0.0,0.0
245750068002,0.0,0.0,0.0,0.0,0.0,0.0
245798478587,0.0,0.0,0.0,0.0,0.0,0.0
245849626433,0.0,0.0,0.0,0.0,0.0,0.0
245901097687,0.0,0.0,0.0,0.0,0.0,0.0
245948227179,0.0,0.0,0.0,0.0,0.0,0.0
245999009617,0.0,0.0,0.0,0.0,0.0,0.0
246048237443,0.0,0.0,0.0,0.0,0.0,0.0
246098348548,0.0,0.0,0.0,0.0,0.0,0.0
246148897320,0.0,0.0,0.0,0.0,0.0,0.0
246198316646,0.0,0.0,0.0,0.0,0.0,0.0
246249554807,0.0,0.0,0.0,0.0,0.0,0.0
246298358670,0.0,0.0,0.0,0.0,0.0,0.0
246348527367,0.0,0.0,0.0,0.0,0.0,0.0
246400236140,0.0,0.0,0.0,0.0,0.0,0.0
246448434151,0.0,0.0,0.0,0.0,0.0,0.0
246498482644,0.0,0.0,0.0,0.0,0.0,0.0
246548395952,0.0,0.0,0.0,0.0,0.0,0.0
246598316798,0.0,0.0,0.0,0.0,0.0,0.0
246649851181,0.0,0.0,0.0,0.0,0.0,0.0
246698234581,0.0,0.0,0.0,0.0,0.0,0.0
246750066539,0.0,0.0,0.0,0.0,0.0,0.0
246798207716,0.0,0.0,0.0,0.0,0.0,0.0
246848151469,0.0,0.0,0.0,0.0,0.0,0.0
246899494723,0.0,0.0,0.0,0.0,0.0,0.0
246948687901,0.0,0.0,0.0,0.0,0.0,0.0
247000262118,0.0,0.0,0.0,0.0,0.0,0.0
247048892388,0.0,0.0,0.0,0.0,0.0,0.0
247098877549,0.0,0.0,0.0,0.0,0.0,0.0
247149150913,0.0,0.0,0.0,0.0,0.0,0.0
247198448221,0.0,0.0,0.0,0.0,0.0,0.0
247248670011,0.0,0.0,0.0,0.0,0.0,0.0
247298379430,0.0,0.0,0.0,0.0,0.0,0.0
247348358220,0.0,0.0,0.0,0.0,0.0,0.0
247403491068,0.0,0.0,0.0,0.0,0.0,0.0
247449030244,0.0,0.0,0.0,0.0,0.0,0.0
247501126443,0.0,0.0,0.0,0.0,0.0,0.0
247551894715,0.0,0.0,0.0,0.0,0.0,0.0
247598235947,0.0,0.0,0.0,0.0,0.0,0.0
247648512274,0.0,0.0,0.0,0.0,0.0,0.0
247698193119,0.0,0.0,0.0,0.0,0.0,0.0
247748270632,0.0,0.0,0.0,0.0,0.0,0.0
247799798534,0.0,0.0,0.0,0.0,0.0,0.0
247848204545,0.0,0.0,0.0,0.0,0.0,0.0
247898327427,0.0,0.0,0.0,0.0,0.0,0.0
247948219939,0.0,0.0,0.0,0.0,0.0,0.0
247998253285,0.0,0.0,0.0,0.0,0.0,0.0
248049327205,0.0,0.0,0.0,0.0,0.0,0.0
248098249902,0.0,0.0,0.0,0.0,0.0,0.0
248148787229,0.0,0.0,0.0,0.0,0.0,0.0
248198198389,0.0,0.0,0.0,0.0,0.0,0.0
248248234309,0.0,0.0,0.0,0.0,0.0,0.0
248299622099,0.0,0.0,0.0,0.0,0.0,0.0
248348161648,0.0,0.0,0.0,0.0,0.0,0.0
248398320790,0.0,0.0,0.0,0.0,0.0,0.0
248448169857,0.0,0.0,0.0,0.0,0.0,0.0
248498223666,0.0,0.0,0.0,0.0,0.0,0.0
248551421124,0.0,0.0,0.0,0.0,0.0,0.0
248598816876,0.0,0.0,0.0,0.0,0.0,0.0
248655043632,0.0,0.0,0.0,0.0,0.0,0.0
248698403937,0.0,0.0,0.0,0.0,0.0,0.0
248749211190,0.0,0.0,0.0,0.0,0.0,0.0
248798230998,0.0,0.0,0.0,0.0,0.0,0.0
248849998308,0.0,0.0,0.0,0.0,0.0,0.0
248900868302,0.0,0.0,0.0,0.0,0.0,0.0
248948008294,0.0,0.0,0.0,0.0,0.0,0.0
248998533492,0.0,0.0,0.0,0.0,0.0,0.0
249048273985,0.0,0.0,0.0,0.0,0.0,0.0
249098245109,0.0,0.0,0.0,0.0,0.0,0.0
249150495808,0.0,0.0,0.0,0.0,0.0,0.0
249198324281,0.0,0.0,0.0,0.0,0.0,0.0
249250454721,0.0,0.0,0.0,0.0,0.0,0.0
249298758251,0.0,0.0,0.0,0.0,0.0,0.0
249348232929,0.0,0.0,0.0,0.0,0.0,0.0
249399644368,0.0,0.0,0.0,0.0,0.0,0.0
249448302806,0.0,0.0,0.0,0.0,0.0,0.0
249501001153,0.0,0.0,0.0,0.0,0.0,0.0
249548236330,0.0,0.0,0.0,0.0,0.0,0.0
249598258768,0.0,0.0,0.0,0.0,0.0,0.0
249649914133,0.0,0.0,0.0,0.0,0.0,0.0
249698226959,0.0,0.0,0.0,0.0,0.0,0.0
249749316695,0.0,0.0,0.0,0.0,0.0,0.0
249798250021,0.0,0.0,0.0,0.0,0.0,0.0
249848559774,0.0,0.0,0.0,0.0,0.0,0.0
249899835102,0.0,0.0,0.0,0.0,0.0,0.0
249948291873,0.0,0.0,0.0,0.0,0.0,0.0
249998762608,0.0,0.0,0.0,0.0,0.0,0.0
250049039361,0.0,0.0,0.0,0.0,0.0,0.0
250098888651,0.0,0.0,0.0,0.0,0.0,0.0
250149487386,0.0,0.0,0.0,0.0,0.0,0.0
250198340842,0.0,0.0,0.0,0.0,0.0,0.0
250249765818,0.0,0.0,0.0,0.0,0.0,0.0
250300112460,0.0,0.0,0.0,0.0,0.0,0.0
250348225879,0.0,0.0,0.0,0.0,0.0,0.0
250399317318,0.0,0.0,0.0,0.0,0.0,0.0
250448515144,0.0,0.0,0.0,0.0,0.0,0.0
250499275898,0.0,0.0,0.0,0.0,0.0,0.0
250549634244,0.0,0.0,0.0,0.0,0.0,0.0
250598272588,0.0,0.0,0.0,0.0,0.0,0.0
250649804602,0.0,0.0,0.0,0.0,0.0,0.0
250698275224,0.0,0.0,0.0,0.0,0.0,0.0
250748833385,0.0,0.0,0.0,0.0,0.0,0.0
250800842306,0.0,0.0,0.0,0.0,0.0,0.0
250848894910,0.0,0.0,0.0,0.0,0.0,0.0
250898294644,0.0,0.0,0.0,0.0,0.0,0.0
250948236953,0.0,0.0,0.0,0.0,0.0,0.0
250998598984,0.0,0.0,0.0,0.0,0.0,0.0
251049858738,0.0,0.0,0.0,0.0,0.0,0.0
251098282416,0.0,0.0,0.0,0.0,0.0,0.0
251148365447,0.0,0.0,0.0,0.0,0.0,0.0
251198215089,0.0,0.0,0.0,0.0,0.0,0.0
251248212009,0.0,0.0,0.0,0.0,0.0,0.0
251301525282,0.0,0.0,0.0,0.0,0.0,0.0
251348134367,0.0,0.0,0.0,0.0,0.0,0.0
251401002381,0.0,0.0,0.0,0.0,0.0,0.0
251448336058,0.0,0.0,0.0,0.0,0.0,0.0
251498255978,0.0,0.0,0.0,0.0,0.0,0.0
251551666752,-0.0,0.0,2.0,0.0,0.0,0.0
251598757281,-0.0,0.0,2.0,0.0,0.0,0.0
251649802405,-0.0,0.0,2.0,0.0,0.0,0.0
251702834327,-0.0,0.0,2.0,0.0,0.0,0.0
251748272170,-0.0,0.0,2.0,0.0,0.0,0.0
251799062905,-0.0,0.0,2.0,0.0,0.0,0.0
251848653436,-0.0,0.0,2.0,0.0,0.0,0.0
251898918152,-0.0,0.0,2.0,0.0,0.0,0.0
251948890109,-0.0,0.0,2.0,0.0,0.0,0.0
251998285232,-0.0,0.0,2.0,0.0,0.0,0.0
252050516727,-0.0,0.0,2.0,0.0,0.0,0.0
252098720776,-0.0,0.0,2.0,0.0,0.0,0.0
252148258751,-0.0,0.0,2.0,0.0,0.0,0.0
252198456671,-0.0,0.0,2.0,0.0,0.0,0.0
252248501183,-0.0,0.0,2.0,0.0,0.0,0.0
252298602270,-0.0,0.0,2.0,0.0,0.0,0.0
252350080283,-0.0,0.0,2.0,0.0,0.0,0.0
252398240554,-0.0,0.0,2.0,0.0,0.0,0.0
252448301566,-0.0,0.0,2.0,0.0,0.0,0.0
252498322523,-0.0,0.0,2.0,0.0,0.0,0.0
252550069333,-0.0,0.0,2.0,0.0,0.0,0.0
252599783364,-0.0,0.0,2.0,0.0,0.0,0.0
252648328894,-0.0,0.0,2.0,0.0,0.0,0.0
252698850240,-0.0,0.0,2.0,0.0,0.0,0.0
252748370604,-0.0,0.0,2.0,0.0,0.0,0.0
252798889302,-0.0,0.0,2.0,0.0,0.0,0.0
252849503500,-0.0,0.0,2.0,0.0,0.0,0.0
252898276290,-0.0,0.0,2.0,0.0,0.0,0.0
252948787488,-0.0,0.0,2.0,0.0,0.0,0.0
252998463241,-0.0,0.0,2.0,0.0,0.0,0.0
253048194790,-0.0,0.0,2.0,0.0,0.0,0.0
253098690562,-0.0,0.0,2.0,0.0,0.0,0.0
253148189704,-0.0,0.0,2.0,0.0,0.0,0.0
253198800551,-0.0,0.0,2.0,0.0,0.0,0.0
253248308785,-0.0,0.0,2.0,0.0,0.0,0.0
253298267186,-0.0,0.0,2.0,0.0,0.0,0.0
253349948422,-0.0,0.0,2.0,0.0,0.0,0.0
253398290378,-0.0,0.0,2.0,0.0,0.0,0.0
253448548057,-0.0,0.0,2.0,0.0,0.0,0.0
253498268348,-0.0,0.0,2.0,0.0,0.0,0.0
253548274249,-0.0,0.0,2.0,0.0,0.0,0.0
253599705318,-0.0,0.0,2.0,0.0,0.0,0.0
253648573904,-0.0,0.0,2.0,0.0,0.0,0.0
253698348861,-0.0,0.0,2.0,0.0,0.0,0.0
253748195188,-0.0,0.0,2.0,0.0,0.0,0.0
253798193738,-0.0,0.0,2.0,0.0,0.0,0.0
253849638751,-0.0,0.0,2.0,0.0,0.0,0.0
253898315596,-0.0,0.0,2.0,0.0,0.0,0.0
253949964666,-0.0,0.0,2.0,0.0,0.0,0.0
253998289918,-0.0,0.0,2.0,0.0,0.0,0.0
254048264301,-0.0,0.0,2.0,0.0,0.0,0.0
254100265055,-0.0,0.0,2.0,0.0,0.0,0.0
254148450474,-0.0,0.0,2.0,0.0,0.0,0.0
254199741025,-0.0,0.0,2.0,0.0,0.0,0.0
254248347018,-0.0,0.0,2.0,0.0,0.0,0.0
254298274512,-0.0,0.0,2.0,0.0,0.0,0.0
254350724619,-0.0,0.0,2.0,0.0,0.0,0.0
254398230482,-0.0,0.0,2.0,0.0,0.0,0.0
254448799235,-0.0,0.0,2.0,0.0,0.0,0.0
254499024415,-0.0,0.0,2.0,0.0,0.0,0.0
254548298149,-0.0,0.0,2.0,0.0,0.0,0.0
254601876386,-0.0,0.0,2.0,0.0,0.0,0.0
254648637212,-0.0,0.0,2.0,0.0,0.0,0.0
254699227188,-0.0,0.0,2.0,0.0,0.0,0.0
254750964349,-0.0,0.0,2.0,0.0,0.0,0.0
254798308157,-0.0,0.0,2.0,0.0,0.0,0.0
254849162744,-0.0,0.0,2.0,0.0,0.0,0.0
254898477386,-0.0,0.0,2.0,0.0,0.0,0.0
254949664696,-0.0,0.0,2.0,0.0,0.0,0.0
254998201800,-0.0,0.0,2.0,0.0,0.0,0.0
255048192294,-0.0,0.0,2.0,0.0,0.0,0.0
255099025789,-0.0,0.0,2.0,0.0,0.0,0.0
255149119746,-0.0,0.0,2.0,0.0,0.0,0.0
255198724425,7.0,0.0,1.0,0.0,0.0,0.0
255250862439,7.0,0.0,1.0,0.0,0.0,0.0
255298821321,7.0,0.0,1.0,0.0,0.0,0.0
255348461018,7.0,0.0,1.0,0.0,0.0,0.0
255398247864,7.0,0.0,1.0,0.0,0.0,0.0
255448286247,7.0,0.0,1.0,0.0,0.0,0.0
255500558076,7.0,0.0,1.0,0.0,0.0,0.0
255548247717,7.0,0.0,1.0,0.0,0.0,0.0
255599850860,7.0,0.0,1.0,0.0,0.0,0.0
255648231965,7.0,0.0,1.0,0.0,0.0,0.0
255699342960,7.0,0.0,1.0,0.0,0.0,0.0
255752998493,7.0,0.0,1.0,0.0,0.0,0.0
255798408466,7.0,0.0,1.0,0.0,0.0,0.0
255848533164,7.0,0.0,1.0,0.0,0.0,0.0
255898274380,7.0,0.0,1.0,0.0,0.0,0.0
255948290763,7.0,0.0,1.0,0.0,0.0,0.0
255999825203,7.0,0.0,1.0,0.0,0.0,0.0
256048870900,7.0,0.0,1.0,0.0,0.0,0.0
256098466876,7.0,0.0,1.0,0.0,0.0,0.0
256148435018,7.0,0.0,1.0,0.0,0.0,0.0
256198327586,7.0,0.0,1.0,0.0,0.0,0.0
256249693619,7.0,0.0,1.0,0.0,0.0,0.0
256298117445,7.0,0.0,1.0,0.0,0.0,0.0
256350781774,7.0,0.0,1.0,0.0,0.0,0.0
256398291026,7.0,0.0,1.0,0.0,0.0,0.0
256448497428,7.0,0.0,1.0,0.0,0.0,0.0
256499786682,7.0,0.0,1.0,0.0,0.0,0.0
256548276065,7.0,0.0,1.0,0.0,0.0,0.0
256598526559,7.0,0.0,1.0,0.0,0.0,0.0
256648394035,7.0,0.0,1.0,0.0,0.0,0.0
256699771345,7.0,0.0,1.0,0.0,0.0,0.0
256748968875,7.0,0.0,1.0,0.0,0.0,0.0
256798408814,7.0,0.0,1.0,0.0,0.0,0.0
256850066902,7.0,0.0,1.0,0.0,0.0,0.0
256898227358,7.0,0.0,1.0,0.0,0.0,0.0
256949435020,7.0,0.0,1.0,0.0,0.0,0.0
256999429403,7.0,0.0,1.0,0.0,0.0,0.0
257049415082,7.0,0.0,1.0,0.0,0.0,0.0
257101448189,7.0,0.0,1.0,0.0,0.0,0.0
257148333885,7.0,0.0,1.0,0.0,0.0,0.0
257200314492,7.0,0.0,1.0,0.0,0.0,0.0
257249011392,7.0,0.0,1.0,0.0,0.0,0.0
257298327349,7.0,0.0,1.0,0.0,0.0,0.0
257350160567,7.0,0.0,1.0,0.0,0.0,0.0
257398293930,7.0,0.0,1.0,0.0,0.0,0.0
257450554185,7.0,0.0,1.0,0.0,0.0,0.0
257498203160,7.0,0.0,1.0,0.0,0.0,0.0
257548191321,7.0,0.0,1.0,0.0,0.0,0.0
257599836983,7.0,0.0,1.0,0.0,0.0,0.0
257648210291,7.0,0.0,1.0,0.0,0.0,0.0
257700275916,7.0,0.0,1.0,0.0,0.0,0.0
257748251409,7.0,0.0,1.0,0.0,0.0,0.0
257798298663,7.0,0.0,1.0,0.0,0.0,0.0
257854360198,7.0,0.0,1.0,0.0,0.0,0.0
257898283392,7.0,0.0,1.0,0.0,0.0,0.0
257948329590,7.0,0.0,1.0,0.0,0.0,0.0
257998293900,7.0,0.0,1.0,0.0,0.0,0.0
258048818542,7.0,0.0,1.0,0.0,0.0,0.0
258101503001,7.0,0.0,1.0,0.0,0.0,0.0
258148369494,7.0,0.0,1.0,0.0,0.0,0.0
258200125045,7.0,0.0,1.0,0.0,0.0,0.0
258248374242,7.0,0.0,1.0,0.0,0.0,0.0
258298328551,7.0,0.0,1.0,0.0,0.0,0.0
258350726417,7.0,0.0,1.0,0.0,0.0,0.0
258398289355,7.0,0.0,1.0,0.0,0.0,0.0
258448928886,7.0,0.0,1.0,0.0,0.0,0.0
258498354343,7.0,0.0,1.0,0.0,0.0,0.0
258549530209,7.0,0.0,1.0,0.0,0.0,0.0
258598941777,7.0,0.0,1.0,0.0,0.0,0.0
258648293845,7.0,0.0,1.0,0.0,0.0,0.0
258698753432,7.0,0.0,1.0,0.0,0.0,0.0
258748486649,7.0,0.0,1.0,0.0,0.0,0.0
258798540162,7.0,0.0,1.0,0.0,0.0,0.0
258848221878,7.0,0.0,1.0,0.0,0.0,0.0
258898198502,7.0,0.0,1.0,0.0,0.0,0.0
258950862517,7.0,0.0,1.0,0.0,0.0,0.0
258998628214,7.0,0.0,1.0,0.0,0.0,0.0
259048527615,7.0,0.0,1.0,0.0,0.0,0.0
259098106869,-0.0,0.0,2.0,0.0,0.0,0.0
259148233882,-0.0,0.0,2.0,0.0,0.0,0.0
259201910453,-0.0,0.0,2.0,0.0,0.0,0.0
259248764908,-0.0,0.0,2.0,0.0,0.0,0.0
259299992403,-0.0,0.0,2.0,0.0,0.0,0.0
259348793712,-0.0,0.0,2.0,0.0,0.0,0.0
259398252687,-0.0,0.0,2.0,0.0,0.0,0.0
259454416612,-0.0,0.0,2.0,0.0,0.0,0.0
259498495528,-0.0,0.0,2.0,0.0,0.0,0.0
259550769691,-0.0,0.0,2.0,0.0,0.0,0.0
259601179519,-0.0,0.0,2.0,0.0,0.0,0.0
259648263512,-0.0,0.0,2.0,0.0,0.0,0.0
259699168229,-0.0,0.0,2.0,0.0,0.0,0.0
259748265519,-0.0,0.0,2.0,0.0,0.0,0.0
259798300940,-0.0,0.0,2.0,0.0,0.0,0.0
259850741121,-0.0,0.0,2.0,0.0,0.0,0.0
259898875484,-0.0,0.0,2.0,0.0,0.0,0.0
259948572960,-0.0,0.0,2.0,0.0,0.0,0.0
259998424288,-0.0,0.0,2.0,0.0,0.0,0.0
260048397042,-0.0,0.0,2.0,0.0,0.0,0.0
260099559778,-0.0,0.0,2.0,0.0,0.0,0.0
260148175049,-0.0,0.0,2.0,0.0,0.0,0.0
260198399081,-0.0,0.0,2.0,0.0,0.0,0.0
260252697930,-0.0,0.0,2.0,0.0,0.0,0.0
260298280607,-0.0,0.0,2.0,0.0,0.0,0.0
260348362731,-0.0,0.0,2.0,0.0,0.0,0.0
260398541411,-0.0,0.0,2.0,0.0,0.0,0.0
260448369479,-0.0,0.0,2.0,0.0,0.0,0.0
260500239160,-0.0,0.0,2.0,0.0,0.0,0.0
260548282413,-0.0,0.0,2.0,0.0,0.0,0.0
260599457519,-0.0,0.0,2.0,0.0,0.0,0.0
260648452624,-0.0,0.0,2.0,0.0,0.0,0.0
260700197824,-0.0,0.0,2.0,0.0,0.0,0.0
260753578117,-0.0,0.0,2.0,0.0,0.0,0.0
260798708386,-0.0,0.0,2.0,0.0,0.0,0.0
260849472955,-0.0,0.0,2.0,0.0,0.0,0.0
260898762782,-0.0,0.0,2.0,0.0,0.0,0.0
260948249906,-0.0,0.0,2.0,0.0,0.0,0.0
260999645124,-0.0,0.0,2.0,0.0,0.0,0.0
261048240396,-0.0,0.0,2.0,0.0,0.0,0.0
261100162928,-0.0,0.0,2.0,0.0,0.0,0.0
261148298940,7.2,0.0,1.0,0.0,0.0,0.0
261198216509,7.2,0.0,1.0,0.0,0.0,0.0
261250170653,7.2,0.0,1.0,0.0,0.0,0.0
261298378350,7.2,0.0,1.0,0.0,0.0,0.0
261349856494,7.2,0.0,1.0,0.0,0.0,0.0
261398353950,7.2,0.0,1.0,0.0,0.0,0.0
261448930019,7.2,0.0,1.0,0.0,0.0,0.0
261499880070,7.2,0.0,1.0,0.0,0.0,0.0
261548190693,7.2,0.0,1.0,0.0,0.0,0.0
261600490874,7.2,0.0,1.0,0.0,0.0,0.0
261648225923,7.2,0.0,1.0,0.0,0.0,0.0
261698227640,7.2,0.0,1.0,0.0,0.0,0.0
261749874562,7.2,0.0,1.0,0.0,0.0,0.0
261798269370,7.2,0.0,1.0,0.0,0.0,0.0
261849972995,7.2,0.0,1.0,0.0,0.0,0.0
261898249841,7.2,0.0,1.0,0.0,0.0,0.0
261948212095,7.2,0.0,1.0,0.0,0.0,0.0
262000537480,7.2,0.0,1.0,0.0,0.0,0.0
262048196362,7.2,0.0,1.0,0.0,0.0,0.0
262099365098,7.2,0.0,1.0,0.0,0.0,0.0
262148264703,7.2,0.0,1.0,0.0,0.0,0.0
262198265420,7.2,0.0,1.0,0.0,0.0,0.0
262249778990,7.2,0.0,1.0,0.0,0.0,0.0
262298506780,7.2,0.0,1.0,0.0,0.0,0.0
262350775239,7.2,0.0,1.0,0.0,0.0,0.0
262398700362,7.2,0.0,1.0,0.0,0.0,0.0
262448870542,7.2,0.0,1.0,0.0,0.0,0.0
262501150667,7.2,0.0,1.0,0.0,0.0,0.0
262548231123,7.2,0.0,1.0,0.0,0.0,0.0
262600713082,7.2,0.0,1.0,0.0,0.0,0.0
262648174279,7.2,0.0,1.0,0.0,0.0,0.0
262698207904,7.2,0.0,1.0,0.0,0.0,0.0
262749872214,7.2,0.0,1.0,0.0,0.0,0.0
262798247004,7.2,0.0,1.0,0.0,0.0,0.0
262849062870,7.2,0.0,1.0,0.0,0.0,0.0
262901192458,7.2,0.0,1.0,0.0,0.0,0.0
262948318877,7.2,0.0,1.0,0.0,0.0,0.0
262999408706,7.2,0.0,1.0,0.0,0.0,0.0
263048645700,7.2,0.0,1.0,0.0,0.0,0.0
263098338047,7.2,0.0,1.0,0.0,0.0,0.0
263150320154,7.2,0.0,1.0,0.0,0.0,0.0
263198522944,7.2,0.0,1.0,0.0,0.0,0.0
263248569568,7.2,0.0,1.0,0.0,0.0,0.0
263298958285,7.2,0.0,1.0,0.0,0.0,0.0
263348633261,7.2,0.0,1.0,0.0,0.0,0.0
263399347349,7.2,0.0,1.0,0.0,0.0,0.0
263448269491,7.2,0.0,1.0,0.0,0.0,0.0
263500514247,7.2,0.0,1.0,0.0,0.0,0.0
263549483889,7.2,0.0,1.0,0.0,0.0,0.0
263598257049,7.2,0.0,1.0,0.0,0.0,0.0
263648469470,7.2,0.0,1.0,0.0,0.0,0.0
263698243446,7.2,0.0,1.0,0.0,0.0,0.0
263750190109,7.2,0.0,1.0,0.0,0.0,0.0
263798256121,7.2,0.0,1.0,0.0,0.0,0.0
263848215449,7.2,0.0,1.0,0.0,0.0,0.0
263899452630,7.2,0.0,1.0,0.0,0.0,0.0
263948209328,7.2,0.0,1.0,0.0,0.0,0.0
264000038398,7.2,0.0,1.0,0.0,0.0,0.0
264048377854,7.2,0.0,1.0,0.0,0.0,0.0
264098902813,7.2,0.0,1.0,0.0,0.0,0.0
264149424919,7.2,0.0,1.0,0.0,0.0,0.0
264198218135,7.2,0.0,1.0,0.0,0.0,0.0
264248419908,7.2,0.0,1.0,0.0,0.0,0.0
264298268995,7.2,0.0,1.0,0.0,0.0,0.0
264348395823,7.2,0.0,1.0,0.0,0.0,0.0
264399202356,7.2,0.0,1.0,0.0,0.0,0.0
264448226072,7.2,0.0,1.0,0.0,0.0,0.0
264498324826,7.2,0.0,1.0,0.0,0.0,0.0
264548230265,7.2,0.0,1.0,0.0,0.0,0.0
264598110538,7.2,0.0,1.0,0.0,0.0,0.0
264650231849,7.2,0.0,1.0,0.0,0.0,0.0
264698318824,7.2,0.0,1.0,0.0,0.0,0.0
264748334226,7.2,0.0,1.0,0.0,0.0,0.0
264798232073,-0.0,0.0,2.0,0.0,0.0,0.0
264848797475,-0.0,0.0,2.0,0.0,0.0,0.0
264899232730,-0.0,0.0,2.0,0.0,0.0,0.0
264949614855,-0.0,0.0,2.0,0.0,0.0,0.0
264999766368,-0.0,0.0,2.0,0.0,0.0,0.0
265051637253,-0.0,0.0,2.0,0.0,0.0,0.0
265098214468,-0.0,0.0,2.0,0.0,0.0,0.0
265148640482,-0.0,0.0,2.0,0.0,0.0,0.0
265198142643,-0.0,0.0,2.0,0.0,0.0,0.0
265249098083,-0.0,0.0,2.0,0.0,0.0,0.0
265300203634,-0.0,0.0,2.0,0.0,0.0,0.0
265348241331,-0.0,0.0,2.0,0.0,0.0,0.0
265398442308,-0.0,0.0,2.0,0.0,0.0,0.0
265448287339,-0.0,0.0,2.0,0.0,0.0,0.0
265498339445,-0.0,0.0,2.0,0.0,0.0,0.0
265549748700,-0.0,0.0,2.0,0.0,0.0,0.0
265598888361,0.0,0.0,0.0,0.0,0.0,0.0
265648509338,0.0,0.0,0.0,0.0,0.0,0.0
265698212610,0.0,0.0,0.0,0.0,0.0,0.0
265748336105,0.0,0.0,0.0,0.0,0.0,0.0
265798841989,0.0,0.0,0.0,0.0,0.0,0.0
265848169650,0.0,0.0,0.0,0.0,0.0,0.0
265901087240,0.0,0.0,0.0,0.0,0.0,0.0
265949379474,0.0,0.0,0.0,0.0,0.0,0.0
265998400339,0.0,0.0,0.0,0.0,0.0,0.0
266049994724,0.0,0.0,0.0,0.0,0.0,0.0
266098358866,0.0,0.0,0.0,0.0,0.0,0.0
266148536250,0.0,0.0,0.0,0.0,0.0,0.0
266200097894,0.0,0.0,0.0,0.0,0.0,0.0
266248447943,0.0,0.0,0.0,0.0,0.0,0.0
266300297014,0.0,0.0,0.0,0.0,0.0,0.0
266348722878,0.0,0.0,0.0,0.0,0.0,0.0
266398624021,0.0,0.0,0.0,0.0,0.0,0.0
266448160090,0.0,0.0,0.0,0.0,0.0,0.0
266498382974,0.0,0.0,0.0,0.0,0.0,0.0
266549946525,0.0,0.0,0.0,0.0,0.0,0.0
266599483298,0.0,0.0,0.0,0.0,0.0,0.0
266654969852,0.0,0.0,0.0,0.0,0.0,0.0
266699168269,0.0,0.0,0.0,0.0,0.0,0.0
266749191097,0.0,0.0,0.0,0.0,0.0,0.0
266802936280,0.0,0.0,0.0,0.0,0.0,0.0
266852700701,0.0,0.0,0.0,0.0,0.0,0.0
266899734064,0.0,0.0,0.0,0.0,0.0,0.0
266948226910,0.0,0.0,0.0,0.0,0.0,0.0
266998242331,0.0,0.0,0.0,0.0,0.0,0.0
267048228585,0.0,0.0,0.0,0.0,0.0,0.0
267098129006,0.0,0.0,0.0,0.0,0.0,0.0
267149522150,0.0,0.0,0.0,0.0,0.0,0.0
267198669108,0.0,0.0,0.0,0.0,0.0,0.0
267250389807,0.0,0.0,0.0,0.0,0.0,0.0
267298277634,0.0,0.0,0.0,0.0,0.0,0.0
267348347111,0.0,0.0,0.0,0.0,0.0,0.0
267399379866,0.0,0.0,0.0,0.0,0.0,0.0
267448483749,0.0,0.0,0.0,0.0,0.0,0.0
267498689818,0.0,0.0,0.0,0.0,0.0,0.0
267548400295,0.0,0.0,0.0,0.0,0.0,0.0
267598234178,0.0,0.0,0.0,0.0,0.0,0.0
267649882675,0.0,0.0,0.0,0.0,0.0,0.0
267698399872,0.0,0.0,0.0,0.0,0.0,0.0
267749989017,0.0,0.0,0.0,0.0,0.0,0.0
267800112141,0.0,0.0,0.0,0.0,0.0,0.0
267848301839,0.0,0.0,0.0,0.0,0.0,0.0
267899056094,0.0,0.0,0.0,0.0,0.0,0.0
267948860181,0.0,0.0,0.0,0.0,0.0,0.0
267998245935,0.0,0.0,0.0,0.0,0.0,0.0
268052840841,0.0,0.0,0.0,0.0,0.0,0.0
268098246759,0.0,0.0,0.0,0.0,0.0,0.0
268149881033,0.0,0.0,0.0,0.0,0.0,0.0
268198243693,0.0,0.0,0.0,0.0,0.0,0.0
268248807004,0.0,0.0,0.0,0.0,0.0,0.0
268299731796,0.0,0.0,0.0,0.0,0.0,0.0
268348319160,0.0,0.0,0.0,0.0,0.0,0.0
268398389433,0.0,0.0,0.0,0.0,0.0,0.0
268448728280,0.0,0.0,0.0,0.0,0.0,0.0
268498283794,0.0,0.0,0.0,0.0,0.0,0.0
268552188199,0.0,0.0,0.0,0.0,0.0,0.0
268598245450,0.0,0.0,0.0,0.0,0.0,0.0
268649669002,0.0,0.0,0.0,0.0,0.0,0.0
268698208311,0.0,0.0,0.0,0.0,0.0,0.0
268748296325,0.0,0.0,0.0,0.0,0.0,0.0
268800920692,0.0,0.0,0.0,0.0,0.0,0.0
268848540223,0.0,0.0,0.0,0.0,0.0,0.0
268899446681,0.0,0.0,0.0,0.0,0.0,0.0
268948813583,0.0,0.0,0.0,0.0,0.0,0.0
268998237689,0.0,0.0,0.0,0.0,0.0,0.0
269052851002,0.0,0.0,0.0,0.0,0.0,0.0
269098425846,0.0,0.0,0.0,0.0,0.0,0.0
269149632527,0.0,0.0,0.0,0.0,0.0,0.0
269199824967,0.0,0.0,0.0,0.0,0.0,0.0
269248285943,0.0,0.0,0.0,0.0,0.0,0.0
269298404808,0.0,0.0,0.0,0.0,0.0,0.0
269348284748,0.0,0.0,0.0,0.0,0.0,0.0
269398460854,0.0,0.0,0.0,0.0,0.0,0.0
269453031019,0.0,0.0,0.0,0.0,0.0,0.0
269498242159,0.0,0.0,0.0,0.0,0.0,0.0
269548633192,0.0,0.0,0.0,0.0,0.0,0.0
269598222427,0.0,0.0,0.0,0.0,0.0,0.0
269648679515,0.0,0.0,0.0,0.0,0.0,0.0
269704121014,0.0,0.0,0.0,0.0,0.0,0.0
269748304783,0.0,0.0,0.0,0.0,0.0,0.0
269799637742,0.0,0.0,0.0,0.0,0.0,0.0
269851054424,0.0,0.0,0.0,0.0,0.0,0.0
269898526973,0.0,0.0,0.0,0.0,0.0,0.0
269948716987,0.0,0.0,0.0,0.0,0.0,0.0
269998310389,0.0,0.0,0.0,0.0,0.0,0.0
270048322588,0.0,0.0,0.0,0.0,0.0,0.0
270099314547,0.0,0.0,0.0,0.0,0.0,0.0
270148247856,0.0,0.0,0.0,0.0,0.0,0.0
270199746834,0.0,0.0,0.0,0.0,0.0,0.0
270248207736,0.0,0.0,0.0,0.0,0.0,0.0
270298558342,0.0,0.0,0.0,0.0,0.0,0.0
270350294635,0.0,0.0,0.0,0.0,0.0,0.0
270398556333,0.0,0.0,0.0,0.0,0.0,0.0
270450450422,0.0,0.0,0.0,0.0,0.0,0.0
270498310082,0.0,0.0,0.0,0.0,0.0,0.0
270548230818,0.0,0.0,0.0,0.0,0.0,0.0
270601493556,0.0,0.0,0.0,0.0,0.0,0.0
270648967457,0.0,0.0,0.0,0.0,0.0,0.0
270698870063,0.0,0.0,0.0,0.0,0.0,0.0
270748613410,0.0,0.0,0.0,0.0,0.0,0.0
270799850147,0.0,0.0,0.0,0.0,0.0,0.0
270848367956,0.0,0.0,0.0,0.0,0.0,0.0
270900031990,0.0,0.0,0.0,0.0,0.0,0.0
270954695470,0.0,0.0,0.0,0.0,0.0,0.0
270998771146,0.0,0.0,0.0,0.0,0.0,0.0
271048322438,0.0,0.0,0.0,0.0,0.0,0.0
271098216099,0.0,0.0,0.0,0.0,0.0,0.0
271148418132,0.0,0.0,0.0,0.0,0.0,0.0
271198329164,0.0,0.0,0.0,0.0,0.0,0.0
271248259400,0.0,0.0,0.0,0.0,0.0,0.0
271304407214,0.0,0.0,0.0,0.0,0.0,0.0
271348326372,0.0,0.0,0.0,0.0,0.0,0.0
271398662220,0.0,0.0,0.0,0.0,0.0,0.0
271448522141,0.0,0.0,0.0,0.0,0.0,0.0
271498755766,0.0,0.0,0.0,0.0,0.0,0.0
271549430780,0.0,0.0,0.0,0.0,0.0,0.0
271598276015,0.0,0.0,0.0,0.0,0.0,0.0
271648542400,0.0,0.0,0.0,0.0,0.0,0.0
271698172821,0.0,0.0,0.0,0.0,0.0,0.0
271748300242,0.0,0.0,0.0,0.0,0.0,0.0
271800125850,0.0,0.0,0.0,0.0,0.0,0.0
271848089288,0.0,0.0,0.0,0.0,0.0,0.0
271898631525,0.0,0.0,0.0,0.0,0.0,0.0
271948554927,0.0,0.0,0.0,0.0,0.0,0.0
271998252460,0.0,0.0,0.0,0.0,0.0,0.0
272049706752,0.0,0.0,0.0,0.0,0.0,0.0
272098082672,0.0,0.0,0.0,0.0,0.0,0.0
272149552243,0.0,0.0,0.0,0.0,0.0,0.0
272198301293,0.0,0.0,0.0,0.0,0.0,0.0
272248947066,0.0,0.0,0.0,0.0,0.0,0.0
272299557007,0.0,0.0,0.0,0.0,0.0,0.0
272348225168,0.0,0.0,0.0,0.0,0.0,0.0
272399338405,0.0,0.0,0.0,0.0,0.0,0.0
272448267696,0.0,0.0,0.0,0.0,0.0,0.0
272498227969,0.0,0.0,0.0,0.0,0.0,0.0
272549266983,0.0,0.0,0.0,0.0,0.0,0.0
272598518460,0.0,0.0,0.0,0.0,0.0,0.0
272649185789,0.0,0.0,0.0,0.0,0.0,0.0
272699339655,0.0,0.0,0.0,0.0,0.0,0.0
272748374909,0.0,0.0,0.0,0.0,0.0,0.0
272800275572,0.0,0.0,0.0,0.0,0.0,0.0
272848343659,0.0,0.0,0.0,0.0,0.0,0.0
272900298693,0.0,0.0,0.0,0.0,0.0,0.0
272950267392,0.0,0.0,0.0,0.0,0.0,0.0
272998802738,0.0,0.0,0.0,0.0,0.0,0.0
273049010419,0.0,0.0,0.0,0.0,0.0,0.0
273098333840,0.0,0.0,0.0,0.0,0.0,0.0
273148238317,0.0,0.0,0.0,0.0,0.0,0.0
273198987053,0.0,0.0,0.0,0.0,0.0,0.0
273248342900,0.0,0.0,0.0,0.0,0.0,0.0
273299632452,0.0,0.0,0.0,0.0,0.0,0.0
273348320595,0.0,0.0,0.0,0.0,0.0,0.0
273398210238,0.0,0.0,0.0,0.0,0.0,0.0
273451675828,0.0,0.0,0.0,0.0,0.0,0.0
273498515303,0.0,0.0,0.0,0.0,0.0,0.0
273549465799,0.0,0.0,0.0,0.0,0.0,0.0
273599233943,0.0,0.0,0.0,0.0,0.0,0.0
273648236271,0.0,0.0,0.0,0.0,0.0,0.0
273698445507,0.0,0.0,0.0,0.0,0.0,0.0
273748289817,0.0,0.0,0.0,0.0,0.0,0.0
273799056665,0.0,0.0,0.0,0.0,0.0,0.0
273850270032,0.0,0.0,0.0,0.0,0.0,0.0
273898218508,0.0,0.0,0.0,0.0,0.0,0.0
273949260393,0.0,0.0,0.0,0.0,0.0,0.0
273998322813,0.0,0.0,0.0,0.0,0.0,0.0
274048519309,0.0,0.0,0.0,0.0,0.0,0.0
274099268490,0.0,0.0,0.0,0.0,0.0,0.0
274149258004,0.0,0.0,0.0,0.0,0.0,0.0
274201775761,0.0,0.0,0.0,0.0,0.0,0.0
274248997680,0.0,0.0,0.0,0.0,0.0,0.0
274298265472,0.0,0.0,0.0,0.0,0.0,0.0
274353250544,0.0,0.0,0.0,0.0,0.0,0.0
274398644500,0.0,0.0,0.0,0.0,0.0,0.0
274448609903,0.0,0.0,0.0,0.0,0.0,0.0
274498374120,0.0,0.0,0.0,0.0,0.0,0.0
274548320171,0.0,0.0,0.0,0.0,0.0,0.0
274600171538,0.0,0.0,0.0,0.0,0.0,0.0
274648429088,0.0,0.0,0.0,0.0,0.0,0.0
274700810882,0.0,0.0,0.0,0.0,0.0,0.0
274748804746,0.0,0.0,0.0,0.0,0.0,0.0
274798162205,0.0,0.0,0.0,0.0,0.0,0.0
274848353793,0.0,0.0,0.0,0.0,0.0,0.0
274898217918,0.0,0.0,0.0,0.0,0.0,0.0
274948242599,0.0,0.0,0.0,0.0,0.0,0.0
274999883595,0.0,0.0,0.0,0.0,0.0,0.0
275048409960,0.0,0.0,0.0,0.0,0.0,0.0
275098455215,0.0,0.0,0.0,0.0,0.0,0.0
275148421896,0.0,0.0,0.0,0.0,0.0,0.0
275198204391,0.0,0.0,0.0,0.0,0.0,0.0
275250282833,0.0,0.0,0.0,0.0,0.0,0.0
275298231327,0.0,0.0,0.0,0.0,0.0,0.0
275349564823,0.0,0.0,0.0,0.0,0.0,0.0
275398643911,0.0,0.0,0.0,0.0,0.0,0.0
275448151628,0.0,0.0,0.0,0.0,0.0,0.0
275500648514,0.0,0.0,0.0,0.0,0.0,0.0
275548939527,0.0,0.0,0.0,0.0,0.0,0.0
275600180598,0.0,0.0,0.0,0.0,0.0,0.0
275648689796,0.0,0.0,0.0,0.0,0.0,0.0
275698427569,0.0,0.0,0.0,0.0,0.0,0.0
275752038179,0.0,0.0,0.0,0.0,0.0,0.0
275798932931,0.0,0.0,0.0,0.0,0.0,0.0
275850230298,0.0,0.0,0.0,0.0,0.0,0.0
275900570165,0.0,0.0,0.0,0.0,0.0,0.0
275948220307,0.0,0.0,0.0,0.0,0.0,0.0
276001368675,0.0,0.0,0.0,0.0,0.0,0.0
276048298483,0.0,0.0,0.0,0.0,0.0,0.0
276098787627,0.0,0.0,0.0,0.0,0.0,0.0
276149898772,0.0,0.0,0.0,0.0,0.0,0.0
276198251933,0.0,0.0,0.0,0.0,0.0,0.0
276250238763,0.0,0.0,0.0,0.0,0.0,0.0
276298212943,0.0,0.0,0.0,0.0,0.0,0.0
276348292161,0.0,0.0,0.0,0.0,0.0,0.0
276399471435,0.0,0.0,0.0,0.0,0.0,0.0
276448273504,0.0,0.0,0.0,0.0,0.0,0.0
276499566186,0.0,0.0,0.0,0.0,0.0,0.0
276548221588,0.0,0.0,0.0,0.0,0.0,0.0
276598166139,0.0,0.0,0.0,0.0,0.0,0.0
276651554192,0.0,0.0,0.0,0.0,0.0,0.0
276698261982,0.0,0.0,0.0,0.0,0.0,0.0
276751988314,0.0,0.0,0.0,0.0,0.0,0.0
276798660529,0.0,0.0,0.0,0.0,0.0,0.0
276848392229,0.0,0.0,0.0,0.0,0.0,0.0
276898340169,0.0,0.0,0.0,0.0,0.0,0.0
276948328701,0.0,0.0,0.0,0.0,0.0,0.0
277000720977,0.0,0.0,0.0,0.0,0.0,0.0
277051130102,0.0,0.0,0.0,0.0,0.0,0.0
277098425096,0.0,0.0,0.0,0.0,0.0,0.0
277148641796,0.0,0.0,0.0,0.0,0.0,0.0
277198759069,0.0,0.0,0.0,0.0,0.0,0.0
277249478380,0.0,0.0,0.0,0.0,0.0,0.0
277298639246,0.0,0.0,0.0,0.0,0.0,0.0
277348582667,0.0,0.0,0.0,0.0,0.0,0.0
277401701461,0.0,0.0,0.0,0.0,0.0,0.0
277448770640,0.0,0.0,0.0,0.0,0.0,0.0
277499263322,0.0,0.0,0.0,0.0,0.0,0.0
277548303780,0.0,0.0,0.0,0.0,0.0,0.0
277598752924,0.0,0.0,0.0,0.0,0.0,0.0
277650817273,0.0,0.0,0.0,0.0,0.0,0.0
277698218804,0.0,0.0,0.0,0.0,0.0,0.0
277748910559,0.0,0.0,0.0,0.0,0.0,0.0
277798436388,0.0,0.0,0.0,0.0,0.0,0.0
277848215087,0.0,0.0,0.0,0.0,0.0,0.0
277900456399,0.0,0.0,0.0,0.0,0.0,0.0
277948182523,0.0,0.0,0.0,0.0,0.0,0.0
277999466409,0.0,0.0,0.0,0.0,0.0,0.0
278048379311,0.0,0.0,0.0,0.0,0.0,0.0
278098210733,0.0,0.0,0.0,0.0,0.0,0.0
278149404433,0.0,0.0,0.0,0.0,0.0,0.0
278199156651,0.0,0.0,0.0,0.0,0.0,0.0
278249198647,0.0,0.0,0.0,0.0,0.0,0.0
278298289975,0.0,0.0,0.0,0.0,0.0,0.0
278348233341,0.0,0.0,0.0,0.0,0.0,0.0
278399190579,0.0,0.0,0.0,0.0,0.0,0.0
278448379889,0.0,0.0,0.0,0.0,0.0,0.0
278498772718,0.0,0.0,0.0,0.0,0.0,0.0
278552943142,0.0,0.0,0.0,0.0,0.0,0.0
278598335209,0.0,0.0,0.0,0.0,0.0,0.0
278651001670,0.0,0.0,0.0,0.0,0.0,0.0
278698272201,0.0,0.0,0.0,0.0,0.0,0.0
278748160493,0.0,0.0,0.0,0.0,0.0,0.0
278799078989,0.0,0.0,0.0,0.0,0.0,0.0
278848223633,0.0,0.0,0.0,0.0,0.0,0.0
278898432092,0.0,0.0,0.0,0.0,0.0,0.0
278948239865,0.0,0.0,0.0,0.0,0.0,0.0
278998223880,0.0,0.0,0.0,0.0,0.0,0.0
279050402969,0.0,0.0,0.0,0.0,0.0,0.0
279098356075,0.0,0.0,0.0,0.0,0.0,0.0
279150199868,0.0,0.0,0.0,0.0,0.0,0.0
279201237587,0.0,0.0,0.0,0.0,0.0,0.0
279248199600,0.0,0.0,0.0,0.0,0.0,0.0
279298378244,0.0,0.0,0.0,0.0,0.0,0.0
279348156813,0.0,0.0,0.0,0.0,0.0,0.0
279398288661,0.0,0.0,0.0,0.0,0.0,0.0
279448776750,0.0,0.0,0.0,0.0,0.0,0.0
279498322857,0.0,0.0,0.0,0.0,0.0,0.0
279548543260,0.0,0.0,0.0,0.0,0.0,0.0
279598268645,0.0,0.0,0.0,0.0,0.0,0.0
279648172752,0.0,0.0,0.0,0.0,0.0,0.0
279699895526,0.0,0.0,0.0,0.0,0.0,0.0
279748472966,0.0,0.0,0.0,0.0,0.0,0.0
279799771333,0.0,0.0,0.0,0.0,0.0,0.0
279850712755,0.0,0.0,0.0,0.0,0.0,0.0
279898190731,0.0,0.0,0.0,0.0,0.0,0.0
279950820507,0.0,0.0,0.0,0.0,0.0,0.0
279998359130,0.0,0.0,0.0,0.0,0.0,0.0
280051245962,0.0,0.0,0.0,0.0,0.0,0.0
280099263827,0.0,0.0,0.0,0.0,0.0,0.0
280148148507,0.0,0.0,0.0,0.0,0.0,0.0
280199529226,0.0,0.0,0.0,0.0,0.0,0.0
280248458462,0.0,0.0,0.0,0.0,0.0,0.0
280298244217,0.0,0.0,0.0,0.0,0.0,0.0
280350791085,0.0,0.0,0.0,0.0,0.0,0.0
280398359875,0.0,0.0,0.0,0.0,0.0,0.0
280448905687,0.0,0.0,0.0,0.0,0.0,0.0
280499307794,0.0,0.0,0.0,0.0,0.0,0.0
280548467234,0.0,0.0,0.0,0.0,0.0,0.0
280601499324,0.0,0.0,0.0,0.0,0.0,0.0
280648255318,0.0,0.0,0.0,0.0,0.0,0.0
280698494314,0.0,0.0,0.0,0.0,0.0,0.0
280748230977,0.0,0.0,0.0,0.0,0.0,0.0
280798246028,0.0,0.0,0.0,0.0,0.0,0.0
280851768101,0.0,0.0,0.0,0.0,0.0,0.0
280898289224,0.0,0.0,0.0,0.0,0.0,0.0
280950012295,0.0,0.0,0.0,0.0,0.0,0.0
280998300605,0.0,0.0,0.0,0.0,0.0,0.0
281048515823,0.0,0.0,0.0,0.0,0.0,0.0
281100041468,0.0,0.0,0.0,0.0,0.0,0.0
281148495778,0.0,0.0,0.0,0.0,0.0,0.0
281199781627,0.0,0.0,0.0,0.0,0.0,0.0
281250835197,0.0,0.0,0.0,0.0,0.0,0.0
281298261377,0.0,0.0,0.0,0.0,0.0,0.0
281349293762,0.0,0.0,0.0,0.0,0.0,0.0
281398290739,0.0,0.0,0.0,0.0,0.0,0.0
281449394643,0.0,0.0,0.0,0.0,0.0,0.0
281498332065,0.0,0.0,0.0,0.0,0.0,0.0
281548267357,0.0,0.0,0.0,0.0,0.0,0.0
281600296169,0.0,0.0,0.0,0.0,0.0,0.0
281648172275,0.0,0.0,0.0,0.0,0.0,0.0
281699981994,0.0,0.0,0.0,0.0,0.0,0.0
281752351362,0.0,0.0,0.0,0.0,0.0,0.0
281798385170,0.0,0.0,0.0,0.0,0.0,0.0
281848443426,0.0,0.0,0.0,0.0,0.0,0.0
281898285662,0.0,0.0,0.0,0.0,0.0,0.0
281948981326,0.0,0.0,0.0,0.0,0.0,0.0
282000069156,0.0,0.0,0.0,0.0,0.0,0.0
282048278206,0.0,0.0,0.0,0.0,0.0,0.0
282098339869,0.0,0.0,0.0,0.0,0.0,0.0
282148648180,0.0,0.0,0.0,0.0,0.0,0.0
282198561472,0.0,0.0,0.0,0.0,0.0,0.0
282249068394,0.0,0.0,0.0,0.0,0.0,0.0
282298182334,0.0,0.0,0.0,0.0,0.0,0.0
282350541925,0.0,0.0,0.0,0.0,0.0,0.0
282398363567,0.0,0.0,0.0,0.0,0.0,0.0
282450448917,0.0,0.0,0.0,0.0,0.0,0.0
282500983802,0.0,0.0,0.0,0.0,0.0,0.0
282548249852,0.0,0.0,0.0,0.0,0.0,0.0
282599096941,0.0,0.0,0.0,0.0,0.0,0.0
282648269455,0.0,0.0,0.0,0.0,0.0,0.0
282700244249,0.0,0.0,0.0,0.0,0.0,0.0
282749040263,0.0,0.0,0.0,0.0,0.0,0.0
282798218536,0.0,0.0,0.0,0.0,0.0,0.0
282850156515,0.0,0.0,0.0,0.0,0.0,0.0
282898354658,0.0,0.0,0.0,0.0,0.0,0.0
282948392950,0.0,0.0,0.0,0.0,0.0,0.0
282998323687,0.0,0.0,0.0,0.0,0.0,0.0
283048240498,0.0,0.0,0.0,0.0,0.0,0.0
283099883773,0.0,0.0,0.0,0.0,0.0,0.0
283148288472,0.0,0.0,0.0,0.0,0.0,0.0
283198574209,0.0,0.0,0.0,0.0,0.0,0.0
283251796800,0.0,0.0,0.0,0.0,0.0,0.0
283298236997,0.0,0.0,0.0,0.0,0.0,0.0
283351288162,0.0,0.0,0.0,0.0,0.0,0.0
283398733767,0.0,0.0,0.0,0.0,0.0,0.0
283448897986,0.0,0.0,0.0,0.0,0.0,0.0
283500906465,0.0,0.0,0.0,0.0,0.0,0.0
283548249626,0.0,0.0,0.0,0.0,0.0,0.0
283602075699,0.0,0.0,0.0,0.0,0.0,0.0
283648158081,0.0,0.0,0.0,0.0,0.0,0.0
283698649855,0.0,0.0,0.0,0.0,0.0,0.0
283749443537,0.0,0.0,0.0,0.0,0.0,0.0
283798295884,0.0,0.0,0.0,0.0,0.0,0.0
283848360288,0.0,0.0,0.0,0.0,0.0,0.0
283898284877,0.0,0.0,0.0,0.0,0.0,0.0
283948277540,0.0,0.0,0.0,0.0,0.0,0.0
284001796760,0.0,0.0,0.0,0.0,0.0,0.0
284048456051,0.0,0.0,0.0,0.0,0.0,0.0
284098332899,0.0,0.0,0.0,0.0,0.0,0.0
284148309636,0.0,0.0,0.0,0.0,0.0,0.0
284198161613,0.0,0.0,0.0,0.0,0.0,0.0
284252400464,0.0,0.0,0.0,0.0,0.0,0.0
284299459903,0.0,0.0,0.0,0.0,0.0,0.0
284352956290,0.0,0.0,0.0,0.0,0.0,0.0
284403811065,0.0,0.0,0.0,0.0,0.0,0.0
284448264779,0.0,0.0,0.0,0.0,0.0,0.0
284498476072,0.0,0.0,0.0,0.0,0.0,0.0
284548265605,0.0,0.0,0.0,0.0,0.0,0.0
284598237805,0.0,0.0,0.0,0.0,0.0,0.0
284649305172,0.0,0.0,0.0,0.0,0.0,0.0
284698411834,0.0,0.0,0.0,0.0,0.0,0.0
284749829850,0.0,0.0,0.0,0.0,0.0,0.0
284798198327,0.0,0.0,0.0,0.0,0.0,0.0
284848281749,0.0,0.0,0.0,0.0,0.0,0.0
284900899469,0.0,0.0,0.0,0.0,0.0,0.0
284948487501,0.0,0.0,0.0,0.0,0.0,0.0
285000854258,0.0,0.0,0.0,0.0,0.0,0.0
285050198106,0.0,0.0,0.0,0.0,0.0,0.0
285098265953,0.0,0.0,0.0,0.0,0.0,0.0
285148680801,0.0,0.0,0.0,0.0,0.0,0.0
285198314760,0.0,0.0,0.0,0.0,0.0,0.0
285248964497,0.0,0.0,0.0,0.0,0.0,0.0
285300866606,0.0,0.0,0.0,0.0,0.0,0.0
285348295267,0.0,0.0,0.0,0.0,0.0,0.0
285398506208,0.0,0.0,0.0,0.0,0.0,0.0
285448224556,0.0,0.0,0.0,0.0,0.0,0.0
285498181256,0.0,0.0,0.0,0.0,0.0,0.0
285551939273,0.0,0.0,0.0,0.0,0.0,0.0
285598168415,0.0,0.0,0.0,0.0,0.0,0.0
285648607282,0.0,0.0,0.0,0.0,0.0,0.0
285698767038,0.0,0.0,0.0,0.0,0.0,0.0
285748277330,0.0,0.0,0.0,0.0,0.0,0.0
285799719568,0.0,0.0,0.0,0.0,0.0,0.0
285848363323,0.0,0.0,0.0,0.0,0.0,0.0
285898445504,0.0,0.0,0.0,0.0,0.0,0.0
285949305112,0.0,0.0,0.0,0.0,0.0,0.0
285998276441,0.0,0.0,0.0,0.0,0.0,0.0
286050681995,0.0,0.0,0.0,0.0,0.0,0.0
286098497915,0.0,0.0,0.0,0.0,0.0,0.0
286148412171,0.0,0.0,0.0,0.0,0.0,0.0
286200966447,0.0,0.0,0.0,0.0,0.0,0.0
286248129349,0.0,0.0,0.0,0.0,0.0,0.0
286301095199,0.0,0.0,0.0,0.0,0.0,0.0
286348808582,0.0,0.0,0.0,0.0,0.0,0.0
286400146154,0.0,0.0,0.0,0.0,0.0,0.0
286450770910,0.0,0.0,0.0,0.0,0.0,0.0
286498715275,0.0,0.0,0.0,0.0,0.0,0.0
286551143532,0.0,0.0,0.0,0.0,0.0,0.0
286598502675,0.0,0.0,0.0,0.0,0.0,0.0
286648228560,0.0,0.0,0.0,0.0,0.0,0.0
286700082243,0.0,0.0,0.0,0.0,0.0,0.0
286748330034,0.0,0.0,0.0,0.0,0.0,0.0
286800196588,0.0,0.0,0.0,0.0,0.0,0.0
286848216916,0.0,0.0,0.0,0.0,0.0,0.0
286898538357,0.0,0.0,0.0,0.0,0.0,0.0
286952152652,0.0,0.0,0.0,0.0,0.0,0.0
286998500868,0.0,0.0,0.0,0.0,0.0,0.0
287048498476,0.0,0.0,0.0,0.0,0.0,0.0
287098704472,0.0,0.0,0.0,0.0,0.0,0.0
287148514413,0.0,0.0,0.0,0.0,0.0,0.0
287200502929,0.0,0.0,0.0,0.0,0.0,0.0
287248477091,0.0,0.0,0.0,0.0,0.0,0.0
287298986606,0.0,0.0,0.0,0.0,0.0,0.0
287348643399,0.0,0.0,0.0,0.0,0.0,0.0
287398368062,0.0,0.0,0.0,0.0,0.0,0.0
287449852281,0.0,0.0,0.0,0.0,0.0,0.0
287498177388,0.0,0.0,0.0,0.0,0.0,0.0
287549791348,0.0,0.0,0.0,0.0,0.0,0.0
287600227678,0.0,0.0,0.0,0.0,0.0,0.0
287648260581,0.0,0.0,0.0,0.0,0.0,0.0
287699106041,0.0,0.0,0.0,0.0,0.0,0.0
287748238092,0.0,0.0,0.0,0.0,0.0,0.0
287798208625,0.0,0.0,0.0,0.0,0.0,0.0
287852503940,0.0,0.0,0.0,0.0,0.0,0.0
287898427767,0.0,0.0,0.0,0.0,0.0,0.0
287948478430,0.0,0.0,0.0,0.0,0.0,0.0
287998207648,0.0,0.0,0.0,0.0,0.0,0.0
288048181774,0.0,0.0,0.0,0.0,0.0,0.0
288101231569,0.0,0.0,0.0,0.0,0.0,0.0
288148356841,0.0,0.0,0.0,0.0,0.0,0.0
288199774672,0.0,0.0,0.0,0.0,0.0,0.0
288250783317,0.0,0.0,0.0,0.0,0.0,0.0
288298269831,0.0,0.0,0.0,0.0,0.0,0.0
288349030235,0.0,0.0,0.0,0.0,0.0,0.0
288398395639,0.0,0.0,0.0,0.0,0.0,0.0
288448433154,0.0,0.0,0.0,0.0,0.0,0.0
288500281299,0.0,0.0,0.0,0.0,0.0,0.0
288548215165,0.0,0.0,0.0,0.0,0.0,0.0
288599512199,0.0,0.0,0.0,0.0,0.0,0.0
288648484195,0.0,0.0,0.0,0.0,0.0,0.0
288700036341,0.0,0.0,0.0,0.0,0.0,0.0
288750928634,0.0,0.0,0.0,0.0,0.0,0.0
288798265999,0.0,0.0,0.0,0.0,0.0,0.0
288848571663,0.0,0.0,0.0,0.0,0.0,0.0
288898286992,0.0,0.0,0.0,0.0,0.0,0.0
288948265359,0.0,0.0,0.0,0.0,0.0,0.0
289003135433,0.0,0.0,0.0,0.0,0.0,0.0
289048626556,0.0,0.0,0.0,0.0,0.0,0.0
289098726812,0.0,0.0,0.0,0.0,0.0,0.0
289148297790,0.0,0.0,0.0,0.0,0.0,0.0
289198529212,0.0,0.0,0.0,0.0,0.0,0.0
289250343580,0.0,0.0,0.0,0.0,0.0,0.0
289298220650,0.0,0.0,0.0,0.0,0.0,0.0
289348570535,0.0,0.0,0.0,0.0,0.0,0.0
289398607754,0.0,0.0,0.0,0.0,0.0,0.0
289448259065,0.0,0.0,0.0,0.0,0.0,0.0
289500012452,0.0,0.0,0.0,0.0,0.0,0.0
289548844114,0.0,0.0,0.0,0.0,0.0,0.0
289600059852,0.0,0.0,0.0,0.0,0.0,0.0
289648887552,0.0,0.0,0.0,0.0,0.0,0.0
289698323381,0.0,0.0,0.0,0.0,0.0,0.0
289749051230,0.0,0.0,0.0,0.0,0.0,0.0
289798622078,0.0,0.0,0.0,0.0,0.0,0.0
289849177038,0.0,0.0,0.0,0.0,0.0,0.0
289898600627,0.0,0.0,0.0,0.0,0.0,0.0
289948218160,0.0,0.0,0.0,0.0,0.0,0.0
290001282030,0.0,0.0,0.0,0.0,0.0,0.0
290049242395,0.0,0.0,0.0,0.0,0.0,0.0
290099189910,0.0,0.0,0.0,0.0,0.0,0.0
290150687500,0.0,0.0,0.0,0.0,0.0,0.0
290198264903,0.0,0.0,0.0,0.0,0.0,0.0
290248372159,0.0,0.0,0.0,0.0,0.0,0.0
290298203488,0.0,0.0,0.0,0.0,0.0,0.0
290348281300,0.0,0.0,0.0,0.0,0.0,0.0
290399152816,0.0,0.0,0.0,0.0,0.0,0.0
290448242515,0.0,0.0,0.0,0.0,0.0,0.0
290498454864,0.0,0.0,0.0,0.0,0.0,0.0
290548231675,0.0,0.0,0.0,0.0,0.0,0.0
290598183820,0.0,0.0,0.0,0.0,0.0,0.0
290653193024,0.0,0.0,0.0,0.0,0.0,0.0
290698237035,0.0,0.0,0.0,0.0,0.0,0.0
290750226422,0.0,0.0,0.0,0.0,0.0,0.0
290798255510,0.0,0.0,0.0,0.0,0.0,0.0
290848732507,0.0,0.0,0.0,0.0,0.0,0.0
290900721950,0.0,0.0,0.0,0.0,0.0,0.0
290948411371,0.0,0.0,0.0,0.0,0.0,0.0
290999601090,0.0,0.0,0.0,0.0,0.0,0.0
291049111772,0.0,0.0,0.0,0.0,0.0,0.0
291098286694,0.0,0.0,0.0,0.0,0.0,0.0
291149900062,0.0,0.0,0.0,0.0,0.0,0.0
291198248650,0.0,0.0,0.0,0.0,0.0,0.0
291248449980,0.0,0.0,0.0,0.0,0.0,0.0
291300750219,0.0,0.0,0.0,0.0,0.0,0.0
291348341288,0.0,0.0,0.0,0.0,0.0,0.0
291398420341,0.0,0.0,0.0,0.0,0.0,0.0
291448242967,0.0,0.0,0.0,0.0,0.0,0.0
291498402334,0.0,0.0,0.0,0.0,0.0,0.0
291549706646,0.0,0.0,0.0,0.0,0.0,0.0
291598274920,0.0,0.0,0.0,0.0,0.0,0.0
291648353954,0.0,0.0,0.0,0.0,0.0,0.0
291698287024,0.0,0.0,0.0,0.0,0.0,0.0
291748297614,0.0,0.0,0.0,0.0,0.0,0.0
291800546630,0.0,0.0,0.0,0.0,0.0,0.0
291848192792,0.0,0.0,0.0,0.0,0.0,0.0
291900860309,0.0,0.0,0.0,0.0,0.0,0.0
291951071658,0.0,0.0,0.0,0.0,0.0,0.0
291998227579,0.0,0.0,0.0,0.0,0.0,0.0
292048807835,0.0,0.0,0.0,0.0,0.0,0.0
292098806184,0.0,0.0,0.0,0.0,0.0,0.0
292150334052,0.0,0.0,0.0,0.0,0.0,0.0
292199430233,0.0,0.0,0.0,0.0,0.0,0.0
292248212118,0.0,0.0,0.0,0.0,0.0,0.0
292298961597,0.0,0.0,0.0,0.0,0.0,0.0
292348366574,0.0,0.0,0.0,0.0,0.0,0.0
292398886405,0.0,0.0,0.0,0.0,0.0,0.0
292449401680,0.0,0.0,0.0,0.0,0.0,0.0
292498238916,0.0,0.0,0.0,0.0,0.0,0.0
292548329691,0.0,0.0,0.0,0.0,0.0,0.0
292598247762,0.0,0.0,0.0,0.0,0.0,0.0
292648302388,0.0,0.0,0.0,0.0,0.0,0.0
292699514349,0.0,0.0,0.0,0.0,0.0,0.0
292748330141,0.0,0.0,0.0,0.0,0.0,0.0
292798373249,0.0,0.0,0.0,0.0,0.0,0.0
292848301653,0.0,0.0,0.0,0.0,0.0,0.0
292898303298,0.0,0.0,0.0,0.0,0.0,0.0
292950032814,0.0,0.0,0.0,0.0,0.0,0.0
292998318014,0.0,0.0,0.0,0.0,0.0,0.0
293048684159,0.0,0.0,0.0,0.0,0.0,0.0
293098259822,0.0,0.0,0.0,0.0,0.0,0.0
293148202763,0.0,0.0,0.0,0.0,0.0,0.0
293199849761,0.0,0.0,0.0,0.0,0.0,0.0
293248264664,0.0,0.0,0.0,0.0,0.0,0.0
293300119662,0.0,0.0,0.0,0.0,0.0,0.0
293348264176,0.0,0.0,0.0,0.0,0.0,0.0
293398185155,0.0,0.0,0.0,0.0,0.0,0.0
293450312023,0.0,0.0,0.0,0.0,0.0,0.0
293498264796,0.0,0.0,0.0,0.0,0.0,0.0
293549103535,0.0,0.0,0.0,0.0,0.0,0.0
293598231697,0.0,0.0,0.0,0.0,0.0,0.0
293648094379,0.0,0.0,0.0,0.0,0.0,0.0
293699536618,0.0,0.0,0.0,0.0,0.0,0.0
293748206873,0.0,0.0,0.0,0.0,0.0,0.0
293800919668,0.0,0.0,0.0,0.0,0.0,0.0
293848150885,0.0,0.0,0.0,0.0,0.0,0.0
293899037698,0.0,0.0,0.0,0.0,0.0,0.0
293950795881,0.0,0.0,0.0,0.0,0.0,0.0
293998124561,0.0,0.0,0.0,0.0,0.0,0.0
294048509466,0.0,0.0,0.0,0.0,0.0,0.0
294098063166,0.0,0.0,0.0,0.0,0.0,0.0
294149013256,0.0,0.0,0.0,0.0,0.0,0.0
294199902235,0.0,0.0,0.0,0.0,0.0,0.0
294248108231,0.0,0.0,0.0,0.0,0.0,0.0
294299636099,0.0,0.0,0.0,0.0,0.0,0.0
294348068150,0.0,0.0,0.0,0.0,0.0,0.0
294398291758,0.0,0.0,0.0,0.0,0.0,0.0
294450335960,0.0,0.0,0.0,0.0,0.0,0.0
294498260919,0.0,0.0,0.0,0.0,0.0,0.0
294550889269,0.0,0.0,0.0,0.0,0.0,0.0
294598233857,0.0,0.0,0.0,0.0,0.0,0.0
294648261872,0.0,0.0,0.0,0.0,0.0,0.0
294700391371,0.0,0.0,0.0,0.0,0.0,0.0
294748274477,0.0,0.0,0.0,0.0,0.0,0.0
294798689049,0.0,0.0,0.0,0.0,0.0,0.0
294848238230,0.0,0.0,0.0,0.0,0.0,0.0
294898211838,0.0,0.0,0.0,0.0,0.0,0.0
294950202337,0.0,0.0,0.0,0.0,0.0,0.0
294998214721,0.0,0.0,0.0,0.0,0.0,0.0
295049891571,0.0,0.0,0.0,0.0,0.0,0.0
295100910661,0.0,0.0,0.0,0.0,0.0,0.0
295148316212,0.0,0.0,0.0,0.0,0.0,0.0
295200556618,0.0,0.0,0.0,0.0,0.0,0.0
295248283335,0.0,0.0,0.0,0.0,0.0,0.0
295298691907,0.0,0.0,0.0,0.0,0.0,0.0
295350297220,0.0,0.0,0.0,0.0,0.0,0.0
295398304919,0.0,0.0,0.0,0.0,0.0,0.0
295448511694,0.0,0.0,0.0,0.0,0.0,0.0
295498302913,0.0,0.0,0.0,0.0,0.0,0.0
295548441317,0.0,0.0,0.0,0.0,0.0,0.0
295600545575,0.0,0.0,0.0,0.0,0.0,0.0
295648187792,0.0,0.0,0.0,0.0,0.0,0.0
295698529197,0.0,0.0,0.0,0.0,0.0,0.0
295748262231,0.0,0.0,0.0,0.0,0.0,0.0
295798502654,0.0,0.0,0.0,0.0,0.0,0.0
295851843986,0.0,0.0,0.0,0.0,0.0,0.0
295898551944,0.0,0.0,0.0,0.0,0.0,0.0
295949893998,0.0,0.0,0.0,0.0,0.0,0.0
296000731625,0.0,0.0,0.0,0.0,0.0,0.0
296048651232,0.0,0.0,0.0,0.0,0.0,0.0
296098643599,0.0,0.0,0.0,0.0,0.0,0.0
296148261799,0.0,0.0,0.0,0.0,0.0,0.0
296198217278,0.0,0.0,0.0,0.0,0.0,0.0
296251076999,0.0,0.0,0.0,0.0,0.0,0.0
296298202068,0.0,0.0,0.0,0.0,0.0,0.0
296350081307,0.0,0.0,0.0,0.0,0.0,0.0
296398257414,0.0,0.0,0.0,0.0,0.0,0.0
296448272744,0.0,0.0,0.0,0.0,0.0,0.0
296501742429,0.0,0.0,0.0,0.0,0.0,0.0
296548474794,0.0,0.0,0.0,0.0,0.0,0.0
296599869884,0.0,0.0,0.0,0.0,0.0,0.0
296648236732,0.0,0.0,0.0,0.0,0.0,0.0
296698308896,0.0,0.0,0.0,0.0,0.0,0.0
296749330449,0.0,0.0,0.0,0.0,0.0,0.0
296798396094,0.0,0.0,0.0,0.0,0.0,0.0
296849883092,0.0,0.0,0.0,0.0,0.0,0.0
296901211608,0.0,0.0,0.0,0.0,0.0,0.0
296948203992,0.0,0.0,0.0,0.0,0.0,0.0
296999122175,0.0,0.0,0.0,0.0,0.0,0.0
297048279894,0.0,0.0,0.0,0.0,0.0,0.0
297098873243,0.0,0.0,0.0,0.0,0.0,0.0
297149123074,0.0,0.0,0.0,0.0,0.0,0.0
297198470552,0.0,0.0,0.0,0.0,0.0,0.0
297248556586,0.0,0.0,0.0,0.0,0.0,0.0
297298279083,0.0,0.0,0.0,0.0,0.0,0.0
297348359543,0.0,0.0,0.0,0.0,0.0,0.0
297399701634,0.0,0.0,0.0,0.0,0.0,0.0
297448212759,0.0,0.0,0.0,0.0,0.0,0.0
297498371090,0.0,0.0,0.0,0.0,0.0,0.0
297548237013,0.0,0.0,0.0,0.0,0.0,0.0
297598135621,0.0,0.0,0.0,0.0,0.0,0.0
297649495952,0.0,0.0,0.0,0.0,0.0,0.0
297698872264,0.0,0.0,0.0,0.0,0.0,0.0
297750104965,0.0,0.0,0.0,0.0,0.0,0.0
297798322295,0.0,0.0,0.0,0.0,0.0,0.0
297848238458,0.0,0.0,0.0,0.0,0.0,0.0
297899710271,0.0,0.0,0.0,0.0,0.0,0.0
297948420453,0.0,0.0,0.0,0.0,0.0,0.0
297998870802,0.0,0.0,0.0,0.0,0.0,0.0
298048708132,0.0,0.0,0.0,0.0,0.0,0.0
298098279074,0.0,0.0,0.0,0.0,0.0,0.0
298150191720,0.0,0.0,0.0,0.0,0.0,0.0
298198283846,0.0,0.0,0.0,0.0,0.0,0.0
298249434251,0.0,0.0,0.0,0.0,0.0,0.0
298301118397,0.0,0.0,0.0,0.0,0.0,0.0
298348303800,0.0,0.0,0.0,0.0,0.0,0.0
298398414445,0.0,0.0,0.0,0.0,0.0,0.0
298448199016,0.0,0.0,0.0,0.0,0.0,0.0
298498309902,0.0,0.0,0.0,0.0,0.0,0.0
298549544771,0.0,0.0,0.0,0.0,0.0,0.0
298598288749,0.0,0.0,0.0,0.0,0.0,0.0
298648361264,0.0,0.0,0.0,0.0,0.0,0.0
298698726817,0.0,0.0,0.0,0.0,0.0,0.0
298748263333,0.0,0.0,0.0,0.0,0.0,0.0
298802299203,0.0,0.0,0.0,0.0,0.0,0.0
298848207512,0.0,0.0,0.0,0.0,0.0,0.0
298898268880,0.0,0.0,0.0,0.0,0.0,0.0
298951451657,0.0,0.0,0.0,0.0,0.0,0.0
298998291226,0.0,0.0,0.0,0.0,0.0,0.0
299049514817,0.0,0.0,0.0,0.0,0.0,0.0
299098344720,0.0,0.0,0.0,0.0,0.0,0.0
299148524829,0.0,0.0,0.0,0.0,0.0,0.0
299198397400,0.0,0.0,0.0,0.0,0.0,0.0
299249127064,0.0,0.0,0.0,0.0,0.0,0.0
299298994284,0.0,0.0,0.0,0.0,0.0,0.0
299348236447,0.0,0.0,0.0,0.0,0.0,0.0
299400868631,0.0,0.0,0.0,0.0,0.0,0.0
299448484053,0.0,0.0,0.0,0.0,0.0,0.0
299498706013,0.0,0.0,0.0,0.0,0.0,0.0
299548260232,0.0,0.0,0.0,0.0,0.0,0.0
299598281081,0.0,0.0,0.0,0.0,0.0,0.0
299649948543,0.0,0.0,0.0,0.0,0.0,0.0
299698424761,0.0,0.0,0.0,0.0,0.0,0.0
299749011592,0.0,0.0,0.0,0.0,0.0,0.0
299801160535,0.0,0.0,0.0,0.0,0.0,0.0
299848154234,0.0,0.0,0.0,0.0,0.0,0.0
299898418009,0.0,0.0,0.0,0.0,0.0,0.0
299948965785,0.0,0.0,0.0,0.0,0.0,0.0
299999954486,0.0,0.0,0.0,0.0,0.0,0.0
300048572594,0.0,0.0,0.0,0.0,0.0,0.0
300098199739,0.0,0.0,0.0,0.0,0.0,0.0
300148750051,0.0,0.0,0.0,0.0,0.0,0.0
300198400493,0.0,0.0,0.0,0.0,0.0,0.0
300248394009,0.0,0.0,0.0,0.0,0.0,0.0
300299002488,0.0,0.0,0.0,0.0,0.0,0.0
300348116947,0.0,0.0,0.0,0.0,0.0,0.0
300398172130,0.0,0.0,0.0,0.0,0.0,0.0
300448076534,0.0,0.0,0.0,0.0,0.0,0.0
300498778532,0.0,0.0,0.0,0.0,0.0,0.0
300548807604,0.0,0.0,0.0,0.0,0.0,0.0
300598583601,0.0,0.0,0.0,0.0,0.0,0.0
300648189079,0.0,0.0,0.0,0.0,0.0,0.0
300698212780,0.0,0.0,0.0,0.0,0.0,0.0
300748235018,0.0,0.0,0.0,0.0,0.0,0.0
300799828961,0.0,0.0,0.0,0.0,0.0,0.0
300848527698,0.0,0.0,0.0,0.0,0.0,0.0
300898496733,0.0,0.0,0.0,0.0,0.0,0.0
300951067676,0.0,0.0,0.0,0.0,0.0,0.0
300998240672,0.0,0.0,0.0,0.0,0.0,0.0
301049401133,0.0,0.0,0.0,0.0,0.0,0.0
301098296759,0.0,0.0,0.0,0.0,0.0,0.0
301149604664,0.0,0.0,0.0,0.0,0.0,0.0
301198426605,0.0,0.0,0.0,0.0,0.0,0.0
301249396029,0.0,0.0,0.0,0.0,0.0,0.0
301300194120,0.0,0.0,0.0,0.0,0.0,0.0
301348217357,0.0,0.0,0.0,0.0,0.0,0.0
301400400059,0.0,0.0,0.0,0.0,0.0,0.0
301450625316,0.0,0.0,0.0,0.0,0.0,0.0
301498223237,0.0,0.0,0.0,0.0,0.0,0.0
301549513106,0.0,0.0,0.0,0.0,0.0,0.0
301598720362,0.0,0.0,0.0,0.0,0.0,0.0
301648684211,0.0,0.0,0.0,0.0,0.0,0.0
301698774079,0.0,0.0,0.0,0.0,0.0,0.0
301748395521,0.0,0.0,0.0,0.0,0.0,0.0
301799464130,0.0,0.0,0.0,0.0,0.0,0.0
301848426034,0.0,0.0,0.0,0.0,0.0,0.0
301899145847,0.0,0.0,0.0,0.0,0.0,0.0
301948449529,0.0,0.0,0.0,0.0,0.0,0.0
301998183656,0.0,0.0,0.0,0.0,0.0,0.0
302048570931,0.0,0.0,0.0,0.0,0.0,0.0
302098625873,0.0,0.0,0.0,0.0,0.0,0.0
302148286222,0.0,0.0,0.0,0.0,0.0,0.0
302200755295,0.0,0.0,0.0,0.0,0.0,0.0
302248333346,0.0,0.0,0.0,0.0,0.0,0.0
302298466548,0.0,0.0,0.0,0.0,0.0,0.0
302348275711,0.0,0.0,0.0,0.0,0.0,0.0
302398257098,0.0,0.0,0.0,0.0,0.0,0.0
302449740763,0.0,0.0,0.0,0.0,0.0,0.0
302498320148,0.0,0.0,0.0,0.0,0.0,0.0
302549087479,0.0,0.0,0.0,0.0,0.0,0.0
302598211772,0.0,0.0,0.0,0.0,0.0,0.0
302648249437,0.0,0.0,0.0,0.0,0.0,0.0
302702085640,0.0,0.0,0.0,0.0,0.0,0.0
302748485450,0.0,0.0,0.0,0.0,0.0,0.0
302800478690,0.0,0.0,0.0,0.0,0.0,0.0
302848819797,0.0,0.0,0.0,0.0,0.0,0.0
302898241442,0.0,0.0,0.0,0.0,0.0,0.0
302951812924,0.0,0.0,0.0,0.0,0.0,0.0
302998263234,0.0,0.0,0.0,0.0,0.0,0.0
303049506158,0.0,0.0,0.0,0.0,0.0,0.0
303098278710,0.0,0.0,0.0,0.0,0.0,0.0
303148574911,0.0,0.0,0.0,0.0,0.0,0.0
303199669910,0.0,0.0,0.0,0.0,0.0,0.0
303248306462,0.0,0.0,0.0,0.0,0.0,0.0
303299622404,0.0,0.0,0.0,0.0,0.0,0.0
303351687588,0.0,0.0,0.0,0.0,0.0,0.0
303398310991,0.0,0.0,0.0,0.0,0.0,0.0
303448623803,0.0,0.0,0.0,0.0,0.0,0.0
303498218541,0.0,0.0,0.0,0.0,0.0,0.0
303548913021,0.0,0.0,0.0,0.0,0.0,0.0
303600240593,0.0,0.0,0.0,0.0,0.0,0.0
303648270071,0.0,0.0,0.0,0.0,0.0,0.0
303698825791,0.0,0.0,0.0,0.0,0.0,0.0
303748316955,0.0,0.0,0.0,0.0,0.0,0.0
303798371897,0.0,0.0,0.0,0.0,0.0,0.0
303850849952,0.0,0.0,0.0,0.0,0.0,0.0
303898198892,0.0,0.0,0.0,0.0,0.0,0.0
303948836464,0.0,0.0,0.0,0.0,0.0,0.0
303998448757,0.0,0.0,0.0,0.0,0.0,0.0
304048279644,0.0,0.0,0.0,0.0,0.0,0.0
304100690995,0.0,0.0,0.0,0.0,0.0,0.0
304148374083,0.0,0.0,0.0,0.0,0.0,0.0
304199698934,0.0,0.0,0.0,0.0,0.0,0.0
304248963449,0.0,0.0,0.0,0.0,0.0,0.0
304298255446,0.0,0.0,0.0,0.0,0.0,0.0
304349331130,0.0,0.0,0.0,0.0,0.0,0.0
304398246626,0.0,0.0,0.0,0.0,0.0,0.0
304448470180,0.0,0.0,0.0,0.0,0.0,0.0
304498213584,0.0,0.0,0.0,0.0,0.0,0.0
304548241878,0.0,0.0,0.0,0.0,0.0,0.0
304601200822,0.0,0.0,0.0,0.0,0.0,0.0
304648545947,0.0,0.0,0.0,0.0,0.0,0.0
304698757519,0.0,0.0,0.0,0.0,0.0,0.0
304751664926,0.0,0.0,0.0,0.0,0.0,0.0
304798635366,0.0,0.0,0.0,0.0,0.0,0.0
304848610216,0.0,0.0,0.0,0.0,0.0,0.0
304898281713,0.0,0.0,0.0,0.0,0.0,0.0
304948347970,0.0,0.0,0.0,0.0,0.0,0.0
305000938432,0.0,0.0,0.0,0.0,0.0,0.0
305049058799,0.0,0.0,0.0,0.0,0.0,0.0
305099900908,0.0,0.0,0.0,0.0,0.0,0.0
305148215923,0.0,0.0,0.0,0.0,0.0,0.0
305199204736,0.0,0.0,0.0,0.0,0.0,0.0
305249636567,0.0,0.0,0.0,0.0,0.0,0.0
305298289675,0.0,0.0,0.0,0.0,0.0,0.0
305348548266,0.0,0.0,0.0,0.0,0.0,0.0
305398258152,0.0,0.0,0.0,0.0,0.0,0.0
305448248335,0.0,0.0,0.0,0.0,0.0,0.0
305499520778,0.0,0.0,0.0,0.0,0.0,0.0
305548422589,0.0,0.0,0.0,0.0,0.0,0.0
305598322550,0.0,0.0,0.0,0.0,0.0,0.0
305648315214,0.0,0.0,0.0,0.0,0.0,0.0
305698360878,0.0,0.0,0.0,0.0,0.0,0.0
305749307395,0.0,0.0,0.0,0.0,0.0,0.0
305798177781,0.0,0.0,0.0,0.0,0.0,0.0
305848726964,0.0,0.0,0.0,0.0,0.0,0.0
305898454054,0.0,0.0,0.0,0.0,0.0,0.0
305948291404,0.0,0.0,0.0,0.0,0.0,0.0
306001206811,0.0,0.0,0.0,0.0,0.0,0.0
306048237454,0.0,0.0,0.0,0.0,0.0,0.0
306099582453,0.0,0.0,0.0,0.0,0.0,0.0
306148229135,0.0,0.0,0.0,0.0,0.0,0.0
306198341855,0.0,0.0,0.0,0.0,0.0,0.0
306249618205,0.0,0.0,0.0,0.0,0.0,0.0
306298226535,0.0,0.0,0.0,0.0,0.0,0.0
306348860626,0.0,0.0,0.0,0.0,0.0,0.0
306398413253,0.0,0.0,0.0,0.0,0.0,0.0
306448801621,0.0,0.0,0.0,0.0,0.0,0.0
306503838511,0.0,0.0,0.0,0.0,0.0,0.0
306548251986,0.0,0.0,0.0,0.0,0.0,0.0
306598456503,0.0,0.0,0.0,0.0,0.0,0.0
306648247093,0.0,0.0,0.0,0.0,0.0,0.0
306698249424,0.0,0.0,0.0,0.0,0.0,0.0
306749707182,0.0,0.0,0.0,0.0,0.0,0.0
306798270938,0.0,0.0,0.0,0.0,0.0,0.0
306848607714,0.0,0.0,0.0,0.0,0.0,0.0
306898274896,0.0,0.0,0.0,0.0,0.0,0.0
306949020709,0.0,0.0,0.0,0.0,0.0,0.0
306999877078,0.0,0.0,0.0,0.0,0.0,0.0
307048245982,0.0,0.0,0.0,0.0,0.0,0.0
307098242739,0.0,0.0,0.0,0.0,0.0,0.0
307148268626,0.0,0.0,0.0,0.0,0.0,0.0
307198276975,0.0,0.0,0.0,0.0,0.0,0.0
307250146641,0.0,0.0,0.0,0.0,0.0,0.0
307298218415,0.0,0.0,0.0,0.0,0.0,0.0
307349676414,0.0,0.0,0.0,0.0,0.0,0.0
307398263540,0.0,0.0,0.0,0.0,0.0,0.0
307448172723,0.0,0.0,0.0,0.0,0.0,0.0
307499299481,0.0,0.0,0.0,0.0,0.0,0.0
307548209570,0.0,0.0,0.0,0.0,0.0,0.0
307599396402,0.0,0.0,0.0,0.0,0.0,0.0
307648097973,0.0,0.0,0.0,0.0,0.0,0.0
307698170619,0.0,0.0,0.0,0.0,0.0,0.0
307751499304,0.0,0.0,0.0,0.0,0.0,0.0
307798659171,0.0,0.0,0.0,0.0,0.0,0.0
307848896168,0.0,0.0,0.0,0.0,0.0,0.0
307898085684,0.0,0.0,0.0,0.0,0.0,0.0
307948102460,0.0,0.0,0.0,0.0,0.0,0.0
308002843239,0.0,0.0,0.0,0.0,0.0,0.0
308048332622,0.0,0.0,0.0,0.0,0.0,0.0
308100005695,0.0,0.0,0.0,0.0,0.0,0.0
308148637248,0.0,0.0,0.0,0.0,0.0,0.0
308198443986,0.0,0.0,0.0,0.0,0.0,0.0
308248908984,0.0,0.0,0.0,0.0,0.0,0.0
308298360222,0.0,0.0,0.0,0.0,0.0,0.0
308348207646,0.0,0.0,0.0,0.0,0.0,0.0
308398211199,0.0,0.0,0.0,0.0,0.0,0.0
308448167012,0.0,0.0,0.0,0.0,0.0,0.0
308500435844,0.0,0.0,0.0,0.0,0.0,0.0
308548334581,0.0,0.0,0.0,0.0,0.0,0.0
308600830951,0.0,0.0,0.0,0.0,0.0,0.0
308648305262,0.0,0.0,0.0,0.0,0.0,0.0
308698359316,0.0,0.0,0.0,0.0,0.0,0.0
308748606166,0.0,0.0,0.0,0.0,0.0,0.0
308798361108,0.0,0.0,0.0,0.0,0.0,0.0
308851191237,0.0,0.0,0.0,0.0,0.0,0.0
308898233344,0.0,0.0,0.0,0.0,0.0,0.0
308948227249,0.0,0.0,0.0,0.0,0.0,0.0
309000203915,0.0,0.0,0.0,0.0,0.0,0.0
309048711931,0.0,0.0,0.0,0.0,0.0,0.0
309101262597,0.0,0.0,0.0,0.0,0.0,0.0
309152616003,0.0,0.0,0.0,0.0,0.0,0.0
309198704424,-0.0,0.0,2.0,0.0,0.0,0.0
309248545292,-0.0,0.0,2.0,0.0,0.0,0.0
309298879124,-0.0,0.0,2.0,0.0,0.0,0.0
309348344010,-0.0,0.0,2.0,0.0,0.0,0.0
309398463212,-0.0,0.0,2.0,0.0,0.0,0.0
309449397543,-0.0,0.0,2.0,0.0,0.0,0.0
309498525707,-0.0,0.0,2.0,0.0,0.0,0.0
309548461761,-0.0,0.0,2.0,0.0,0.0,0.0
309598297147,-0.0,0.0,2.0,0.0,0.0,0.0
309648713645,-0.0,0.0,2.0,0.0,0.0,0.0
309699535811,-0.0,0.0,2.0,0.0,0.0,0.0
309752641033,-0.0,0.0,2.0,0.0,0.0,0.0
309799100306,-0.0,0.0,2.0,0.0,0.0,0.0
309850495194,-0.0,0.0,2.0,0.0,0.0,0.0
309901927248,-0.0,0.0,2.0,0.0,0.0,0.0
309948664114,-0.0,0.0,2.0,0.0,0.0,0.0
310000308188,-0.0,0.0,2.0,0.0,0.0,0.0
310048293314,-0.0,0.0,2.0,0.0,0.0,0.0
310098242404,-0.0,0.0,2.0,0.0,0.0,0.0
310148894865,-0.0,0.0,2.0,0.0,0.0,0.0
310198207974,-0.0,0.0,2.0,0.0,0.0,0.0
310248284861,-0.0,0.0,2.0,0.0,0.0,0.0
310298406359,-0.0,0.0,2.0,0.0,0.0,0.0
310348254264,-0.0,0.0,2.0,0.0,0.0,0.0
310400972653,-0.0,0.0,2.0,0.0,0.0,0.0
310448327241,-0.0,0.0,2.0,0.0,0.0,0.0
310500544463,-0.0,0.0,2.0,0.0,0.0,0.0
310548268978,-0.0,0.0,2.0,0.0,0.0,0.0
310598220068,-0.0,0.0,2.0,0.0,0.0,0.0
310650510124,-0.0,0.0,2.0,0.0,0.0,0.0
310698496953,-0.0,0.0,2.0,0.0,0.0,0.0
310749014174,-0.0,0.0,2.0,0.0,0.0,0.0
310798275820,-0.0,0.0,2.0,0.0,0.0,0.0
310848221984,-0.0,0.0,2.0,0.0,0.0,0.0
310900650928,-0.0,0.0,2.0,0.0,0.0,0.0
310948348851,-0.0,0.0,2.0,0.0,0.0,0.0
310999669146,-0.0,0.0,2.0,0.0,0.0,0.0
311050194329,-0.0,0.0,2.0,0.0,0.0,0.0
311098270252,-0.0,0.0,2.0,0.0,0.0,0.0
311148483287,-0.0,0.0,2.0,0.0,0.0,0.0
311198800896,-0.0,0.0,2.0,0.0,0.0,0.0
311248745950,-0.0,0.0,2.0,0.0,0.0,0.0
311299020059,-0.0,0.0,2.0,0.0,0.0,0.0
311348261816,-0.0,0.0,2.0,0.0,0.0,0.0
311398420036,-0.0,0.0,2.0,0.0,0.0,0.0
311448229590,-0.0,0.0,2.0,0.0,0.0,0.0
311498183384,-0.0,0.0,2.0,0.0,0.0,0.0
311549186457,-0.0,0.0,2.0,0.0,0.0,0.0
311598279306,-0.0,0.0,2.0,0.0,0.0,0.0
311649552231,-0.0,0.0,2.0,0.0,0.0,0.0
311698989339,-0.0,0.0,2.0,0.0,0.0,0.0
311748236096,-0.0,0.0,2.0,0.0,0.0,0.0
311802003004,-0.0,0.0,2.0,0.0,0.0,0.0
311848358537,-0.0,0.0,2.0,0.0,0.0,0.0
311900072795,-0.0,0.0,2.0,0.0,0.0,0.0
311948214551,-0.0,0.0,2.0,0.0,0.0,0.0
311998328235,-0.0,0.0,2.0,0.0,0.0,0.0
312051978828,-0.0,0.0,2.0,0.0,0.0,0.0
312098262712,-0.0,0.0,2.0,0.0,0.0,0.0
312150931768,-0.0,0.0,2.0,0.0,0.0,0.0
312198563690,-0.0,0.0,2.0,0.0,0.0,0.0
312248531836,-0.0,0.0,2.0,0.0,0.0,0.0
312301572244,-0.0,0.0,2.0,0.0,0.0,0.0
312348265258,-0.0,0.0,2.0,0.0,0.0,0.0
312399863535,-0.0,0.0,2.0,0.0,0.0,0.0
312448212180,-0.0,0.0,2.0,0.0,0.0,0.0
312498298493,-0.0,0.0,2.0,0.0,0.0,0.0
312549827825,-0.0,0.0,2.0,0.0,0.0,0.0
312598257748,-0.0,0.0,2.0,0.0,0.0,0.0
312648856080,-0.0,0.0,2.0,0.0,0.0,0.0
312698271966,-0.0,0.0,2.0,0.0,0.0,0.0
312748233650,-0.0,0.0,2.0,0.0,0.0,0.0
312799511556,-0.0,0.0,2.0,0.0,0.0,0.0
312848139572,-0.0,0.0,2.0,0.0,0.0,0.0
312902218869,-0.0,0.0,2.0,0.0,0.0,0.0
312951491774,-0.0,0.0,2.0,0.0,0.0,0.0
312998295992,-0.0,0.0,2.0,0.0,0.0,0.0
313049459010,7.0,0.0,1.0,0.0,0.0,0.0
313098292229,7.0,0.0,1.0,0.0,0.0,0.0
313149301098,7.0,0.0,1.0,0.0,0.0,0.0
313199244411,7.0,0.0,1.0,0.0,0.0,0.0
313248270390,7.0,0.0,1.0,0.0,0.0,0.0
313299900315,7.0,0.0,1.0,0.0,0.0,0.0
313348689331,7.0,0.0,1.0,0.0,0.0,0.0
313398235699,7.0,0.0,1.0,0.0,0.0,0.0
313452650737,7.0,0.0,1.0,0.0,0.0,0.0
313498201732,7.0,0.0,1.0,0.0,0.0,0.0
313549148305,7.0,0.0,1.0,0.0,0.0,0.0
313598304451,7.0,0.0,1.0,0.0,0.0,0.0
313650531636,7.0,0.0,1.0,0.0,0.0,0.0
313699385578,7.0,0.0,1.0,0.0,0.0,0.0
313748346686,7.0,0.0,1.0,0.0,0.0,0.0
313802091520,7.0,0.0,1.0,0.0,0.0,0.0
313848252849,7.0,0.0,1.0,0.0,0.0,0.0
313900001034,7.0,0.0,1.0,0.0,0.0,0.0
313948232938,7.0,0.0,1.0,0.0,0.0,0.0
313998205899,7.0,0.0,1.0,0.0,0.0,0.0
314049387917,7.0,0.0,1.0,0.0,0.0,0.0
314098361840,7.0,0.0,1.0,0.0,0.0,0.0
314149280654,7.0,0.0,1.0,0.0,0.0,0.0
314198260077,7.0,0.0,1.0,0.0,0.0,0.0
314248332705,7.0,0.0,1.0,0.0,0.0,0.0
314299310370,7.0,0.0,1.0,0.0,0.0,0.0
314348286979,7.0,0.0,1.0,0.0,0.0,0.0
314398614922,7.0,0.0,1.0,0.0,0.0,0.0
314448289883,7.0,0.0,1.0,0.0,0.0,0.0
314499958419,7.0,0.0,1.0,0.0,0.0,0.0
314548334398,7.0,0.0,1.0,0.0,0.0,0.0
314598270007,7.0,0.0,1.0,0.0,0.0,0.0
314650628284,7.0,0.0,1.0,0.0,0.0,0.0
314698269781,7.0,0.0,1.0,0.0,0.0,0.0
314748380594,7.0,0.0,1.0,0.0,0.0,0.0
314801047576,7.0,0.0,1.0,0.0,0.0,0.0
314848236979,7.0,0.0,1.0,0.0,0.0,0.0
314900976054,7.0,0.0,1.0,0.0,0.0,0.0
314948386513,7.0,0.0,1.0,0.0,0.0,0.0
314999576679,7.0,0.0,1.0,0.0,0.0,0.0
315048232158,7.0,0.0,1.0,0.0,0.0,0.0
315098472823,7.0,0.0,1.0,0.0,0.0,0.0
315151715397,7.0,0.0,1.0,0.0,0.0,0.0
315198402893,7.0,0.0,1.0,0.0,0.0,0.0
315250546874,7.0,0.0,1.0,0.0,0.0,0.0
315298797464,7.0,0.0,1.0,0.0,0.0,0.0
315348232906,7.0,0.0,1.0,0.0,0.0,0.0
315400389332,7.0,0.0,1.0,0.0,0.0,0.0
315448270588,7.0,0.0,1.0,0.0,0.0,0.0
315498451123,7.0,0.0,1.0,0.0,0.0,0.0
315548250733,7.0,0.0,1.0,0.0,0.0,0.0
315598255638,7.0,0.0,1.0,0.0,0.0,0.0
315649566100,7.0,0.0,1.0,0.0,0.0,0.0
315698287450,7.0,0.0,1.0,0.0,0.0,0.0
315748465726,7.0,0.0,1.0,0.0,0.0,0.0
315798253094,7.0,0.0,1.0,0.0,0.0,0.0
315848775482,7.0,0.0,1.0,0.0,0.0,0.0
315899209388,7.0,0.0,1.0,0.0,0.0,0.0
315948320960,7.0,0.0,1.0,0.0,0.0,0.0
315998309069,7.0,0.0,1.0,0.0,0.0,0.0
316049204161,7.0,0.0,1.0,0.0,0.0,0.0
316098257232,7.0,0.0,1.0,0.0,0.0,0.0
316150483695,7.0,0.0,1.0,0.0,0.0,0.0
316198617655,7.0,0.0,1.0,0.0,0.0,0.0
316249101024,7.0,0.0,1.0,0.0,0.0,0.0
316298231744,7.0,0.0,1.0,0.0,0.0,0.0
316348222483,7.0,0.0,1.0,0.0,0.0,0.0
316398523630,7.0,0.0,1.0,0.0,0.0,0.0
316448360850,7.0,0.0,1.0,0.0,0.0,0.0
316499743849,7.0,0.0,1.0,0.0,0.0,0.0
316548250847,7.0,0.0,1.0,0.0,0.0,0.0
316598418234,7.0,0.0,1.0,0.0,0.0,0.0
316650915901,7.0,0.0,1.0,0.0,0.0,0.0
316698261693,7.0,0.0,1.0,0.0,0.0,0.0
316749513859,7.0,0.0,1.0,0.0,0.0,0.0
316798255986,7.0,0.0,1.0,0.0,0.0,0.0
316848457281,-0.0,0.0,2.0,0.0,0.0,0.0
316899650558,-0.0,0.0,2.0,0.0,0.0,0.0
316948853315,-0.0,0.0,2.0,0.0,0.0,0.0
317000772537,-0.0,0.0,2.0,0.0,0.0,0.0
317048715238,-0.0,0.0,2.0,0.0,0.0,0.0
317098252921,-0.0,0.0,2.0,0.0,0.0,0.0
317149091976,-0.0,0.0,2.0,0.0,0.0,0.0
317198368622,-0.0,0.0,2.0,0.0,0.0,0.0
317248623916,-0.0,0.0,2.0,0.0,0.0,0.0
317302782344,-0.0,0.0,2.0,0.0,0.0,0.0
317348247339,-0.0,0.0,2.0,0.0,0.0,0.0
317400967524,-0.0,0.0,2.0,0.0,0.0,0.0
317448630558,-0.0,0.0,2.0,0.0,0.0,0.0
317498875464,-0.0,0.0,2.0,0.0,0.0,0.0
317548487388,-0.0,0.0,2.0,0.0,0.0,0.0
317598252423,-0.0,0.0,2.0,0.0,0.0,0.0
317648876274,-0.0,0.0,2.0,0.0,0.0,0.0
317698303402,-0.0,0.0,2.0,0.0,0.0,0.0
317748435696,-0.0,0.0,2.0,0.0,0.0,0.0
317798326435,-0.0,0.0,2.0,0.0,0.0,0.0
317848206526,-0.0,0.0,2.0,0.0,0.0,0.0
317902787824,-0.0,0.0,2.0,0.0,0.0,0.0
317948452042,-0.0,0.0,2.0,0.0,0.0,0.0
318000822894,-0.0,0.0,2.0,0.0,0.0,0.0
318051036929,-0.0,0.0,2.0,0.0,0.0,0.0
318098323000,-0.0,0.0,2.0,0.0,0.0,0.0
318148862795,-0.0,0.0,2.0,0.0,0.0,0.0
318198487886,-0.0,0.0,2.0,0.0,0.0,0.0
318249399681,-0.0,0.0,2.0,0.0,0.0,0.0
318299306309,-0.0,0.0,2.0,0.0,0.0,0.0
318348384270,0.0,0.0,0.0,0.0,0.0,0.0
318400336714,0.0,0.0,0.0,0.0,0.0,0.0
318449033804,0.0,0.0,0.0,0.0,0.0,0.0
318498429802,0.0,0.0,0.0,0.0,0.0,0.0
318548128115,0.0,0.0,0.0,0.0,0.0,0.0
318598282595,0.0,0.0,0.0,0.0,0.0,0.0
318650195706,0.0,0.0,0.0,0.0,0.0,0.0
318698536481,0.0,0.0,0.0,0.0,0.0,0.0
318749620295,0.0,0.0,0.0,0.0,0.0,0.0
318798287182,0.0,0.0,0.0,0.0,0.0,0.0
318848428329,0.0,0.0,0.0,0.0,0.0,0.0
318899760013,0.0,0.0,0.0,0.0,0.0,0.0
318948541418,0.0,0.0,0.0,0.0,0.0,0.0
318998475954,0.0,0.0,0.0,0.0,0.0,0.0
319048628378,0.0,0.0,0.0,0.0,0.0,0.0
319098183117,0.0,0.0,0.0,0.0,0.0,0.0
319150189988,0.0,0.0,0.0,0.0,0.0,0.0
319198846318,0.0,0.0,0.0,0.0,0.0,0.0
319249299484,0.0,0.0,0.0,0.0,0.0,0.0
319300174020,0.0,0.0,0.0,0.0,0.0,0.0
319348258573,0.0,0.0,0.0,0.0,0.0,0.0
319399035035,0.0,0.0,0.0,0.0,0.0,0.0
319448253773,0.0,0.0,0.0,0.0,0.0,0.0
319498279698,0.0,0.0,0.0,0.0,0.0,0.0
319549642845,0.0,0.0,0.0,0.0,0.0,0.0
319598262732,0.0,0.0,0.0,0.0,0.0,0.0
319648303434,0.0,0.0,0.0,0.0,0.0,0.0
319698302173,0.0,0.0,0.0,0.0,0.0,0.0
319748288005,0.0,0.0,0.0,0.0,0.0,0.0
319800119450,0.0,0.0,0.0,0.0,0.0,0.0
319848651892,0.0,0.0,0.0,0.0,0.0,0.0
319900304836,0.0,0.0,0.0,0.0,0.0,0.0
319948834463,0.0,0.0,0.0,0.0,0.0,0.0
319998271035,0.0,0.0,0.0,0.0,0.0,0.0
320049813164,0.0,0.0,0.0,0.0,0.0,0.0
320098332421,0.0,0.0,0.0,0.0,0.0,0.0
320149869495,0.0,0.0,0.0,0.0,0.0,0.0
320200939827,0.0,0.0,0.0,0.0,0.0,0.0
320248208417,0.0,0.0,0.0,0.0,0.0,0.0
320300608158,0.0,0.0,0.0,0.0,0.0,0.0
320348388581,0.0,0.0,0.0,0.0,0.0,0.0
320398350468,0.0,0.0,0.0,0.0,0.0,0.0
320449706634,0.0,0.0,0.0,0.0,0.0,0.0
320498259909,0.0,0.0,0.0,0.0,0.0,0.0
320553037652,0.0,0.0,0.0,0.0,0.0,0.0
320598404388,0.0,0.0,0.0,0.0,0.0,0.0
320648656035,0.0,0.0,0.0,0.0,0.0,0.0
320701186350,0.0,0.0,0.0,0.0,0.0,0.0
320748315662,0.0,0.0,0.0,0.0,0.0,0.0
320799037179,0.0,0.0,0.0,0.0,0.0,0.0
320848575400,0.0,0.0,0.0,0.0,0.0,0.0
320899357936,0.0,0.0,0.0,0.0,0.0,0.0
320954065568,0.0,0.0,0.0,0.0,0.0,0.0
320998225247,0.0,0.0,0.0,0.0,0.0,0.0
321048957691,0.0,0.0,0.0,0.0,0.0,0.0
321098249596,0.0,0.0,0.0,0.0,0.0,0.0
321149689948,0.0,0.0,0.0,0.0,0.0,0.0
321200453503,0.0,0.0,0.0,0.0,0.0,0.0
321248193870,0.0,0.0,0.0,0.0,0.0,0.0
321299940481,0.0,0.0,0.0,0.0,0.0,0.0
321348308423,0.0,0.0,0.0,0.0,0.0,0.0
321399371219,0.0,0.0,0.0,0.0,0.0,0.0
321450163662,0.0,0.0,0.0,0.0,0.0,0.0
321498227345,0.0,0.0,0.0,0.0,0.0,0.0
321550531289,0.0,0.0,0.0,0.0,0.0,0.0
321598309434,0.0,0.0,0.0,0.0,0.0,0.0
321648709156,0.0,0.0,0.0,0.0,0.0,0.0
321698150913,0.0,0.0,0.0,0.0,0.0,0.0
321748552116,0.0,0.0,0.0,0.0,0.0,0.0
321805651897,0.0,0.0,0.0,0.0,0.0,0.0
321848492743,0.0,0.0,0.0,0.0,0.0,0.0
321899425631,0.0,0.0,0.0,0.0,0.0,0.0
321948229592,0.0,0.0,0.0,0.0,0.0,0.0
321998218850,0.0,0.0,0.0,0.0,0.0,0.0
322052278888,0.0,0.0,0.0,0.0,0.0,0.0
322098502329,0.0,0.0,0.0,0.0,0.0,0.0
322148331679,0.0,0.0,0.0,0.0,0.0,0.0
322198761808,0.0,0.0,0.0,0.0,0.0,0.0
322248714103,0.0,0.0,0.0,0.0,0.0,0.0
322303080827,0.0,0.0,0.0,0.0,0.0,0.0
322348626582,0.0,0.0,0.0,0.0,0.0,0.0
322399934914,0.0,0.0,0.0,0.0,0.0,0.0
322449890321,0.0,0.0,0.0,0.0,0.0,0.0
322498297540,0.0,0.0,0.0,0.0,0.0,0.0
322549408503,0.0,0.0,0.0,0.0,0.0,0.0
322598401112,0.0,0.0,0.0,0.0,0.0,0.0
322649021667,0.0,0.0,0.0,0.0,0.0,0.0
322701125741,0.0,0.0,0.0,0.0,0.0,0.0
322748265589,0.0,0.0,0.0,0.0,0.0,0.0
322800330923,0.0,0.0,0.0,0.0,0.0,0.0
322848596476,0.0,0.0,0.0,0.0,0.0,0.0
322899706883,0.0,0.0,0.0,0.0,0.0,0.0
322948812418,0.0,0.0,0.0,0.0,0.0,0.0
322998180953,0.0,0.0,0.0,0.0,0.0,0.0
323051301973,0.0,0.0,0.0,0.0,0.0,0.0
323098285581,0.0,0.0,0.0,0.0,0.0,0.0
323149884581,0.0,0.0,0.0,0.0,0.0,0.0
323200811487,0.0,0.0,0.0,0.0,0.0,0.0
323248294040,0.0,0.0,0.0,0.0,0.0,0.0
323298365446,0.0,0.0,0.0,0.0,0.0,0.0
323348291408,0.0,0.0,0.0,0.0,0.0,0.0
323399563055,0.0,0.0,0.0,0.0,0.0,0.0
323451274518,0.0,0.0,0.0,0.0,0.0,0.0
323498300996,0.0,0.0,0.0,0.0,0.0,0.0
323550581497,0.0,0.0,0.0,0.0,0.0,0.0
323598120716,0.0,0.0,0.0,0.0,0.0,0.0
323648339215,0.0,0.0,0.0,0.0,0.0,0.0
323699003122,0.0,0.0,0.0,0.0,0.0,0.0
323748258231,0.0,0.0,0.0,0.0,0.0,0.0
323801460380,0.0,0.0,0.0,0.0,0.0,0.0
323849419655,0.0,0.0,0.0,0.0,0.0,0.0
323899145099,0.0,0.0,0.0,0.0,0.0,0.0
323948279652,0.0,0.0,0.0,0.0,0.0,0.0
323998343688,0.0,0.0,0.0,0.0,0.0,0.0
324048962261,0.0,0.0,0.0,0.0,0.0,0.0
324098772297,0.0,0.0,0.0,0.0,0.0,0.0
324149765667,0.0,0.0,0.0,0.0,0.0,0.0
324200332759,0.0,0.0,0.0,0.0,0.0,0.0
324248326590,0.0,0.0,0.0,0.0,0.0,0.0
324299268367,0.0,0.0,0.0,0.0,0.0,0.0
324348294939,0.0,0.0,0.0,0.0,0.0,0.0
324398476790,0.0,0.0,0.0,0.0,0.0,0.0
324449775197,0.0,0.0,0.0,0.0,0.0,0.0
324498325121,0.0,0.0,0.0,0.0,0.0,0.0
324548490305,0.0,0.0,0.0,0.0,0.0,0.0
324598328285,0.0,0.0,0.0,0.0,0.0,0.0
324648327228,0.0,0.0,0.0,0.0,0.0,0.0
324698511579,0.0,0.0,0.0,0.0,0.0,0.0
324748766541,0.0,0.0,0.0,0.0,0.0,0.0
324800876023,0.0,0.0,0.0,0.0,0.0,0.0
324848182779,0.0,0.0,0.0,0.0,0.0,0.0
324898206167,0.0,0.0,0.0,0.0,0.0,0.0
324951375168,0.0,0.0,0.0,0.0,0.0,0.0
324998440794,0.0,0.0,0.0,0.0,0.0,0.0
325049316553,0.0,0.0,0.0,0.0,0.0,0.0
325100517034,0.0,0.0,0.0,0.0,0.0,0.0
325148223661,0.0,0.0,0.0,0.0,0.0,0.0
325198575623,0.0,0.0,0.0,0.0,0.0,0.0
325248852937,0.0,0.0,0.0,0.0,0.0,0.0
325298251473,0.0,0.0,0.0,0.0,0.0,0.0
325350282714,0.0,0.0,0.0,0.0,0.0,0.0
325398355952,0.0,0.0,0.0,0.0,0.0,0.0
325451770398,0.0,0.0,0.0,0.0,0.0,0.0
325501770600,0.0,0.0,0.0,0.0,0.0,0.0
325548826782,0.0,0.0,0.0,0.0,0.0,0.0
325600431745,0.0,0.0,0.0,0.0,0.0,0.0
325648253224,0.0,0.0,0.0,0.0,0.0,0.0
325698480927,0.0,0.0,0.0,0.0,0.0,0.0
325748249407,0.0,0.0,0.0,0.0,0.0,0.0
325798488777,0.0,0.0,0.0,0.0,0.0,0.0
325850283036,0.0,0.0,0.0,0.0,0.0,0.0
325898713941,0.0,0.0,0.0,0.0,0.0,0.0
325948420884,0.0,0.0,0.0,0.0,0.0,0.0
325999035754,0.0,0.0,0.0,0.0,0.0,0.0
326048251067,0.0,0.0,0.0,0.0,0.0,0.0
326101810365,0.0,0.0,0.0,0.0,0.0,0.0
326148190380,0.0,0.0,0.0,0.0,0.0,0.0
326198809305,0.0,0.0,0.0,0.0,0.0,0.0
326248355434,0.0,0.0,0.0,0.0,0.0,0.0
326298289581,0.0,0.0,0.0,0.0,0.0,0.0
326349300562,0.0,0.0,0.0,0.0,0.0,0.0
326398256560,0.0,0.0,0.0,0.0,0.0,0.0
326449606782,0.0,0.0,0.0,0.0,0.0,0.0
326498300632,0.0,0.0,0.0,0.0,0.0,0.0
326548246057,0.0,0.0,0.0,0.0,0.0,0.0
326598573723,0.0,0.0,0.0,0.0,0.0,0.0
326648290462,0.0,0.0,0.0,0.0,0.0,0.0
326698274035,0.0,0.0,0.0,0.0,0.0,0.0
326748256090,0.0,0.0,0.0,0.0,0.0,0.0
326798768033,0.0,0.0,0.0,0.0,0.0,0.0
326852661313,0.0,0.0,0.0,0.0,0.0,0.0
326898226957,0.0,0.0,0.0,0.0,0.0,0.0
326951428310,0.0,0.0,0.0,0.0,0.0,0.0
326998233344,0.0,0.0,0.0,0.0,0.0,0.0
327048324528,0.0,0.0,0.0,0.0,0.0,0.0
327099634787,0.0,0.0,0.0,0.0,0.0,0.0
327148255563,0.0,0.0,0.0,0.0,0.0,0.0
327198280932,0.0,0.0,0.0,0.0,0.0,0.0
327248810487,0.0,0.0,0.0,0.0,0.0,0.0
327298282301,0.0,0.0,0.0,0.0,0.0,0.0
327349699875,0.0,0.0,0.0,0.0,0.0,0.0
327398305299,0.0,0.0,0.0,0.0,0.0,0.0
327450282114,0.0,0.0,0.0,0.0,0.0,0.0
327498235186,0.0,0.0,0.0,0.0,0.0,0.0
327548252981,0.0,0.0,0.0,0.0,0.0,0.0
327600543074,0.0,0.0,0.0,0.0,0.0,0.0
327648258183,0.0,0.0,0.0,0.0,0.0,0.0
327698276645,0.0,0.0,0.0,0.0,0.0,0.0
327748235977,0.0,0.0,0.0,0.0,0.0,0.0
327798229754,0.0,0.0,0.0,0.0,0.0,0.0
327848889846,0.0,0.0,0.0,0.0,0.0,0.0
327898777141,0.0,0.0,0.0,0.0,0.0,0.0
327948333807,0.0,0.0,0.0,0.0,0.0,0.0
327998322584,0.0,0.0,0.0,0.0,0.0,0.0
328048356157,0.0,0.0,0.0,0.0,0.0,0.0
328101531306,0.0,0.0,0.0,0.0,0.0,0.0
328148263896,0.0,0.0,0.0,0.0,0.0,0.0
328199097191,0.0,0.0,0.0,0.0,0.0,0.0
328251376192,0.0,0.0,0.0,0.0,0.0,0.0
328298270245,0.0,0.0,0.0,0.0,0.0,0.0
328349599337,0.0,0.0,0.0,0.0,0.0,0.0
328398406187,0.0,0.0,0.0,0.0,0.0,0.0
328448617816,0.0,0.0,0.0,0.0,0.0,0.0
328500548354,0.0,0.0,0.0,0.0,0.0,0.0
328548260407,0.0,0.0,0.0,0.0,0.0,0.0
328601103000,0.0,0.0,0.0,0.0,0.0,0.0
328648255868,0.0,0.0,0.0,0.0,0.0,0.0
328698507645,0.0,0.0,0.0,0.0,0.0,0.0
328749605552,0.0,0.0,0.0,0.0,0.0,0.0
328798175958,0.0,0.0,0.0,0.0,0.0,0.0
328849016161,0.0,0.0,0.0,0.0,0.0,0.0
328898104067,0.0,0.0,0.0,0.0,0.0,0.0
328948788326,0.0,0.0,0.0,0.0,0.0,0.0
328999826196,0.0,0.0,0.0,0.0,0.0,0.0
329048284120,0.0,0.0,0.0,0.0,0.0,0.0
329098643045,0.0,0.0,0.0,0.0,0.0,0.0
329151663843,0.0,0.0,0.0,0.0,0.0,0.0
329198260451,0.0,0.0,0.0,0.0,0.0,0.0
329249463932,0.0,0.0,0.0,0.0,0.0,0.0
329298324653,0.0,0.0,0.0,0.0,0.0,0.0
329348182633,0.0,0.0,0.0,0.0,0.0,0.0
329400308004,0.0,0.0,0.0,0.0,0.0,0.0
329448161928,0.0,0.0,0.0,0.0,0.0,0.0
329499897335,0.0,0.0,0.0,0.0,0.0,0.0
329548232759,0.0,0.0,0.0,0.0,0.0,0.0
329598150240,0.0,0.0,0.0,0.0,0.0,0.0
329651374075,0.0,0.0,0.0,0.0,0.0,0.0
329698481516,0.0,0.0,0.0,0.0,0.0,0.0
329748856719,0.0,0.0,0.0,0.0,0.0,0.0
329799023219,0.0,0.0,0.0,0.0,0.0,0.0
329848233828,0.0,0.0,0.0,0.0,0.0,0.0
329899342254,0.0,0.0,0.0,0.0,0.0,0.0
329948385142,0.0,0.0,0.0,0.0,0.0,0.0
329998828530,0.0,0.0,0.0,0.0,0.0,0.0
330048251418,0.0,0.0,0.0,0.0,0.0,0.0
330098321121,0.0,0.0,0.0,0.0,0.0,0.0
330152785993,0.0,0.0,0.0,0.0,0.0,0.0
330198347711,0.0,0.0,0.0,0.0,0.0,0.0
330250719768,0.0,0.0,0.0,0.0,0.0,0.0
330300789915,0.0,0.0,0.0,0.0,0.0,0.0
330348332894,0.0,0.0,0.0,0.0,0.0,0.0
330398940523,0.0,0.0,0.0,0.0,0.0,0.0
330448320670,0.0,0.0,0.0,0.0,0.0,0.0
330498943003,0.0,0.0,0.0,0.0,0.0,0.0
330548292169,0.0,0.0,0.0,0.0,0.0,0.0
330598367446,0.0,0.0,0.0,0.0,0.0,0.0
330650016724,0.0,0.0,0.0,0.0,0.0,0.0
330698345000,0.0,0.0,0.0,0.0,0.0,0.0
330748780610,0.0,0.0,0.0,0.0,0.0,0.0
330798291906,0.0,0.0,0.0,0.0,0.0,0.0
330850387925,0.0,0.0,0.0,0.0,0.0,0.0
330898698571,0.0,0.0,0.0,0.0,0.0,0.0
330948248070,0.0,0.0,0.0,0.0,0.0,0.0
331003634221,0.0,0.0,0.0,0.0,0.0,0.0
331048218217,0.0,0.0,0.0,0.0,0.0,0.0
331102650200,0.0,0.0,0.0,0.0,0.0,0.0
331148386826,0.0,0.0,0.0,0.0,0.0,0.0
331200416938,0.0,0.0,0.0,0.0,0.0,0.0
331252186124,0.0,0.0,0.0,0.0,0.0,0.0
331298357935,0.0,0.0,0.0,0.0,0.0,0.0
331358470164,0.0,0.0,0.0,0.0,0.0,0.0
331398285248,0.0,0.0,0.0,0.0,0.0,0.0
331448673637,0.0,0.0,0.0,0.0,0.0,0.0
331498260673,0.0,0.0,0.0,0.0,0.0,0.0
331548272450,0.0,0.0,0.0,0.0,0.0,0.0
331598827894,0.0,0.0,0.0,0.0,0.0,0.0
331648441060,0.0,0.0,0.0,0.0,0.0,0.0
331698431188,0.0,0.0,0.0,0.0,0.0,0.0
331748203706,0.0,0.0,0.0,0.0,0.0,0.0
331798213909,0.0,0.0,0.0,0.0,0.0,0.0
331853036079,0.0,0.0,0.0,0.0,0.0,0.0
331898542538,-0.0,0.0,2.0,0.0,0.0,0.0
331949566612,-0.0,0.0,2.0,0.0,0.0,0.0
332000663779,-0.0,0.0,2.0,0.0,0.0,0.0
332048241795,-0.0,0.0,2.0,0.0,0.0,0.0
332098323016,-0.0,0.0,2.0,0.0,0.0,0.0
332148339608,-0.0,0.0,2.0,0.0,0.0,0.0
332198244681,-0.0,0.0,2.0,0.0,0.0,0.0
332250698960,7.0,0.0,1.0,0.0,0.0,0.0
332298202810,7.0,0.0,1.0,0.0,0.0,0.0
332349515310,7.0,0.0,1.0,0.0,0.0,0.0
332398529531,7.0,0.0,1.0,0.0,0.0,0.0
332450035179,7.0,0.0,1.0,0.0,0.0,0.0
332502186884,7.0,0.0,1.0,0.0,0.0,0.0
332548177473,7.0,0.0,1.0,0.0,0.0,0.0
332599071954,7.0,0.0,1.0,0.0,0.0,0.0
332648380712,7.0,0.0,1.0,0.0,0.0,0.0
332700122713,7.0,0.0,1.0,0.0,0.0,0.0
332748885008,7.0,0.0,1.0,0.0,0.0,0.0
332798353692,7.0,0.0,1.0,0.0,0.0,0.0
332850005063,7.0,0.0,1.0,0.0,0.0,0.0
332898795672,7.0,0.0,1.0,0.0,0.0,0.0
332948618394,7.0,0.0,1.0,0.0,0.0,0.0
332998938468,7.0,0.0,1.0,0.0,0.0,0.0
333048223503,7.0,0.0,1.0,0.0,0.0,0.0
333101894691,7.0,0.0,1.0,0.0,0.0,0.0
333148521502,7.0,0.0,1.0,0.0,0.0,0.0
333201662430,7.0,0.0,1.0,0.0,0.0,0.0
333250310002,7.0,0.0,1.0,0.0,0.0,0.0
333298813464,7.0,0.0,1.0,0.0,0.0,0.0
333348499074,7.0,0.0,1.0,0.0,0.0,0.0
333398520296,7.0,0.0,1.0,0.0,0.0,0.0
333449071721,7.0,0.0,1.0,0.0,0.0,0.0
333500808629,7.0,0.0,1.0,0.0,0.0,0.0
333548287460,7.0,0.0,1.0,0.0,0.0,0.0
333600715165,7.0,0.0,1.0,0.0,0.0,0.0
333648242589,7.0,0.0,1.0,0.0,0.0,0.0
333699715052,7.0,0.0,1.0,0.0,0.0,0.0
333752401035,7.0,0.0,1.0,0.0,0.0,0.0
333798264865,7.0,0.0,1.0,0.0,0.0,0.0
333848373512,7.0,0.0,1.0,0.0,0.0,0.0
333898237160,7.0,0.0,1.0,0.0,0.0,0.0
333948408622,7.0,0.0,1.0,0.0,0.0,0.0
333999730660,7.0,0.0,1.0,0.0,0.0,0.0
334048288195,7.0,0.0,1.0,0.0,0.0,0.0
334098484324,7.0,0.0,1.0,0.0,0.0,0.0
334148253009,7.0,0.0,1.0,0.0,0.0,0.0
334198261471,7.0,0.0,1.0,0.0,0.0,0.0
334250211379,7.0,0.0,1.0,0.0,0.0,0.0
334298901952,7.0,0.0,1.0,0.0,0.0,0.0
334349640156,7.0,0.0,1.0,0.0,0.0,0.0
334398537969,7.0,0.0,1.0,0.0,0.0,0.0
334449487414,7.0,0.0,1.0,0.0,0.0,0.0
334500554099,7.0,0.0,1.0,0.0,0.0,0.0
334548320615,7.0,0.0,1.0,0.0,0.0,0.0
334598425115,7.0,0.0,1.0,0.0,0.0,0.0
334648270762,7.0,0.0,1.0,0.0,0.0,0.0
334698409132,7.0,0.0,1.0,0.0,0.0,0.0
334750398059,7.0,0.0,1.0,0.0,0.0,0.0
334798273946,7.0,0.0,1.0,0.0,0.0,0.0
334848217816,7.0,0.0,1.0,0.0,0.0,0.0
334898906445,7.0,0.0,1.0,0.0,0.0,0.0
334948958612,7.0,0.0,1.0,0.0,0.0,0.0
334998859556,7.0,0.0,1.0,0.0,0.0,0.0
335048718870,7.0,0.0,1.0,0.0,0.0,0.0
335099237888,7.0,0.0,1.0,0.0,0.0,0.0
335149104425,7.0,0.0,1.0,0.0,0.0,0.0
335199941147,7.0,0.0,1.0,0.0,0.0,0.0
335253612723,7.0,0.0,1.0,0.0,0.0,0.0
335298286719,7.0,0.0,1.0,0.0,0.0,0.0
335348857922,7.0,0.0,1.0,0.0,0.0,0.0
335398383459,7.0,0.0,1.0,0.0,0.0,0.0
335449730792,7.0,0.0,1.0,0.0,0.0,0.0
335499997829,7.0,0.0,1.0,0.0,0.0,0.0
335548423494,7.0,0.0,1.0,0.0,0.0,0.0
335599963032,7.0,0.0,1.0,0.0,0.0,0.0
335648096104,7.0,0.0,1.0,0.0,0.0,0.0
335698132326,7.0,0.0,1.0,0.0,0.0,0.0
335749437808,7.0,0.0,1.0,0.0,0.0,0.0
335798211103,7.0,0.0,1.0,0.0,0.0,0.0
335851750809,7.0,0.0,1.0,0.0,0.0,0.0
335898490454,7.0,0.0,1.0,0.0,0.0,0.0
335950677066,7.0,0.0,1.0,0.0,0.0,0.0
335998402046,7.0,0.0,1.0,0.0,0.0,0.0
336048410564,7.0,0.0,1.0,0.0,0.0,0.0
336099778509,7.2,0.0,1.0,0.0,0.0,0.0
336148200507,7.2,0.0,1.0,0.0,0.0,0.0
336200933972,7.2,0.0,1.0,0.0,0.0,0.0
336248320840,7.2,0.0,1.0,0.0,0.0,0.0
336298754339,7.2,0.0,1.0,0.0,0.0,0.0
336348369616,7.2,0.0,1.0,0.0,0.0,0.0
336398238671,7.2,0.0,1.0,0.0,0.0,0.0
336451299933,7.2,0.0,1.0,0.0,0.0,0.0
336498495819,7.2,0.0,1.0,0.0,0.0,0.0
336549563097,-0.0,0.0,2.0,0.0,0.0,0.0
336598256466,-0.0,0.0,2.0,0.0,0.0,0.0
336648358132,-0.0,0.0,2.0,0.0,0.0,0.0
336699560540,-0.0,0.0,2.0,0.0,0.0,0.0
336748234280,0.0,0.0,0.0,0.0,0.0,0.0
336798480391,0.0,0.0,0.0,0.0,0.0,0.0
336848313390,0.0,0.0,0.0,0.0,0.0,0.0
336898526390,0.0,0.0,0.0,0.0,0.0,0.0
336950078224,0.0,0.0,0.0,0.0,0.0,0.0
336998160963,0.0,0.0,0.0,0.0,0.0,0.0
337050775909,0.0,0.0,0.0,0.0,0.0,0.0
337098298851,0.0,0.0,0.0,0.0,0.0,0.0
337148851888,0.0,0.0,0.0,0.0,0.0,0.0
337199441888,0.0,0.0,0.0,0.0,0.0,0.0
337248235016,0.0,0.0,0.0,0.0,0.0,0.0
337298557257,0.0,0.0,0.0,0.0,0.0,0.0
337348510442,0.0,0.0,0.0,0.0,0.0,0.0
337398776219,0.0,0.0,0.0,0.0,0.0,0.0
337448260626,0.0,0.0,0.0,0.0,0.0,0.0
337498256126,0.0,0.0,0.0,0.0,0.0,0.0
337548948718,0.0,0.0,0.0,0.0,0.0,0.0
337598183051,0.0,0.0,0.0,0.0,0.0,0.0
337650415330,0.0,0.0,0.0,0.0,0.0,0.0
337698215809,0.0,0.0,0.0,0.0,0.0,0.0
337748723198,0.0,0.0,0.0,0.0,0.0,0.0
337799798643,0.0,0.0,0.0,0.0,0.0,0.0
337848231975,0.0,0.0,0.0,0.0,0.0,0.0
337898325919,0.0,0.0,0.0,0.0,0.0,0.0
337949129420,0.0,0.0,0.0,0.0,0.0,0.0
337998246326,0.0,0.0,0.0,0.0,0.0,0.0
338049300382,0.0,0.0,0.0,0.0,0.0,0.0
338098260788,0.0,0.0,0.0,0.0,0.0,0.0
338150539012,0.0,0.0,0.0,0.0,0.0,0.0
338198185399,0.0,0.0,0.0,0.0,0.0,0.0
338248422380,0.0,0.0,0.0,0.0,0.0,0.0
338302783401,0.0,0.0,0.0,0.0,0.0,0.0
338348260083,0.0,0.0,0.0,0.0,0.0,0.0
338399181583,0.0,0.0,0.0,0.0,0.0,0.0
338448266823,0.0,0.0,0.0,0.0,0.0,0.0
338498254175,0.0,0.0,0.0,0.0,0.0,0.0
338550257491,0.0,0.0,0.0,0.0,0.0,0.0
338598228007,0.0,0.0,0.0,0.0,0.0,0.0
338650382731,0.0,0.0,0.0,0.0,0.0,0.0
338698400229,0.0,0.0,0.0,0.0,0.0,0.0
338748545044,0.0,0.0,0.0,0.0,0.0,0.0
338800946082,0.0,0.0,0.0,0.0,0.0,0.0
338848330025,0.0,0.0,0.0,0.0,0.0,0.0
338898576395,0.0,0.0,0.0,0.0,0.0,0.0
338948246413,0.0,0.0,0.0,0.0,0.0,0.0
338998254320,0.0,0.0,0.0,0.0,0.0,0.0
339050800451,0.0,0.0,0.0,0.0,0.0,0.0
339098219838,0.0,0.0,0.0,0.0,0.0,0.0
339148368245,0.0,0.0,0.0,0.0,0.0,0.0
339198236949,0.0,0.0,0.0,0.0,0.0,0.0
339248350634,0.0,0.0,0.0,0.0,0.0,0.0
339301095376,0.0,0.0,0.0,0.0,0.0,0.0
339348237855,0.0,0.0,0.0,0.0,0.0,0.0
339398347466,0.0,0.0,0.0,0.0,0.0,0.0
339448430429,0.0,0.0,0.0,0.0,0.0,0.0
339498232632,0.0,0.0,0.0,0.0,0.0,0.0
339550056707,0.0,0.0,0.0,0.0,0.0,0.0
339598268576,0.0,0.0,0.0,0.0,0.0,0.0
339649894540,0.0,0.0,0.0,0.0,0.0,0.0
339698271520,0.0,0.0,0.0,0.0,0.0,0.0
339748267205,0.0,0.0,0.0,0.0,0.0,0.0
339800852318,0.0,0.0,0.0,0.0,0.0,0.0
339848283075,0.0,0.0,0.0,0.0,0.0,0.0
339898551890,0.0,0.0,0.0,0.0,0.0,0.0
339948850038,0.0,0.0,0.0,0.0,0.0,0.0
339998325537,0.0,0.0,0.0,0.0,0.0,0.0
340049093297,0.0,0.0,0.0,0.0,0.0,0.0
340098203963,0.0,0.0,0.0,0.0,0.0,0.0
340149881520,0.0,0.0,0.0,0.0,0.0,0.0
340198444926,0.0,0.0,0.0,0.0,0.0,0.0
340248282407,0.0,0.0,0.0,0.0,0.0,0.0
340298978333,0.0,0.0,0.0,0.0,0.0,0.0
340349121444,0.0,0.0,0.0,0.0,0.0,0.0
340399899907,0.0,0.0,0.0,0.0,0.0,0.0
340448352721,0.0,0.0,0.0,0.0,0.0,0.0
340498539332,0.0,0.0,0.0,0.0,0.0,0.0
340548286202,0.0,0.0,0.0,0.0,0.0,0.0
340598248535,0.0,0.0,0.0,0.0,0.0,0.0
340651498945,0.0,0.0,0.0,0.0,0.0,0.0
340698289664,0.0,0.0,0.0,0.0,0.0,0.0
340749839647,0.0,0.0,0.0,0.0,0.0,0.0
340798204831,0.0,0.0,0.0,0.0,0.0,0.0
340848371368,0.0,0.0,0.0,0.0,0.0,0.0
340900519184,0.0,0.0,0.0,0.0,0.0,0.0
340948572423,0.0,0.0,0.0,0.0,0.0,0.0
340999389387,0.0,0.0,0.0,0.0,0.0,0.0
341048277034,0.0,0.0,0.0,0.0,0.0,0.0
341098310904,0.0,0.0,0.0,0.0,0.0,0.0
341150292035,0.0,0.0,0.0,0.0,0.0,0.0
341198248737,0.0,0.0,0.0,0.0,0.0,0.0
341248510737,0.0,0.0,0.0,0.0,0.0,0.0
341298734367,0.0,0.0,0.0,0.0,0.0,0.0
341348320996,0.0,0.0,0.0,0.0,0.0,0.0
341401008813,0.0,0.0,0.0,0.0,0.0,0.0
341448158125,0.0,0.0,0.0,0.0,0.0,0.0
341500688682,0.0,0.0,0.0,0.0,0.0,0.0
341548759551,0.0,0.0,0.0,0.0,0.0,0.0
341598281125,0.0,0.0,0.0,0.0,0.0,0.0
341649606163,0.0,0.0,0.0,0.0,0.0,0.0
341699301237,0.0,0.0,0.0,0.0,0.0,0.0
341749730940,0.0,0.0,0.0,0.0,0.0,0.0
341798261754,0.0,0.0,0.0,0.0,0.0,0.0
341848305921,0.0,0.0,0.0,0.0,0.0,0.0
341900906719,0.0,0.0,0.0,0.0,0.0,0.0
341948339291,0.0,0.0,0.0,0.0,0.0,0.0
341998727050,0.0,0.0,0.0,0.0,0.0,0.0
342050235385,0.0,0.0,0.0,0.0,0.0,0.0
342099085476,0.0,0.0,0.0,0.0,0.0,0.0
342148362605,0.0,0.0,0.0,0.0,0.0,0.0
342198199753,0.0,0.0,0.0,0.0,0.0,0.0
342248273679,0.0,0.0,0.0,0.0,0.0,0.0
342299286513,0.0,0.0,0.0,0.0,0.0,0.0
342348264938,0.0,0.0,0.0,0.0,0.0,0.0
342398734383,0.0,0.0,0.0,0.0,0.0,0.0
342448177160,0.0,0.0,0.0,0.0,0.0,0.0
342497997679,0.0,0.0,0.0,0.0,0.0,0.0
342549294643,0.0,0.0,0.0,0.0,0.0,0.0
342598269586,0.0,0.0,0.0,0.0,0.0,0.0
342648730957,0.0,0.0,0.0,0.0,0.0,0.0
342698077234,0.0,0.0,0.0,0.0,0.0,0.0
342748420364,0.0,0.0,0.0,0.0,0.0,0.0
342799691532,0.0,0.0,0.0,0.0,0.0,0.0
342848084512,0.0,0.0,0.0,0.0,0.0,0.0
342898295327,0.0,0.0,0.0,0.0,0.0,0.0
342948549957,0.0,0.0,0.0,0.0,0.0,0.0
342998387864,0.0,0.0,0.0,0.0,0.0,0.0
343049700624,0.0,0.0,0.0,0.0,0.0,0.0
343098465623,0.0,0.0,0.0,0.0,0.0,0.0
343148741994,0.0,0.0,0.0,0.0,0.0,0.0
343198737623,0.0,0.0,0.0,0.0,0.0,0.0
343248200382,0.0,0.0,0.0,0.0,0.0,0.0
343299923995,0.0,0.0,0.0,0.0,0.0,0.0
343348251327,0.0,0.0,0.0,0.0,0.0,0.0
343400296291,0.0,0.0,0.0,0.0,0.0,0.0
343448422438,0.0,0.0,0.0,0.0,0.0,0.0
343498261641,0.0,0.0,0.0,0.0,0.0,0.0
343549548550,0.0,0.0,0.0,0.0,0.0,0.0
343598409623,0.0,0.0,0.0,0.0,0.0,0.0
343648799753,0.0,0.0,0.0,0.0,0.0,0.0
343698384845,0.0,0.0,0.0,0.0,0.0,0.0
343748294141,0.0,0.0,0.0,0.0,0.0,0.0
343801949700,0.0,0.0,0.0,0.0,0.0,0.0
343848359197,0.0,0.0,0.0,0.0,0.0,0.0
343899102938,0.0,0.0,0.0,0.0,0.0,0.0
343948170142,0.0,0.0,0.0,0.0,0.0,0.0
343999299550,0.0,0.0,0.0,0.0,0.0,0.0
344050211291,0.0,0.0,0.0,0.0,0.0,0.0
344098226197,0.0,0.0,0.0,0.0,0.0,0.0
344148551994,0.0,0.0,0.0,0.0,0.0,0.0
344198200197,0.0,0.0,0.0,0.0,0.0,0.0
344248912698,0.0,0.0,0.0,0.0,0.0,0.0
344298940272,0.0,0.0,0.0,0.0,0.0,0.0
344348391642,0.0,0.0,0.0,0.0,0.0,0.0
344400243143,0.0,0.0,0.0,0.0,0.0,0.0
344448364531,0.0,0.0,0.0,0.0,0.0,0.0
344499886217,0.0,0.0,0.0,0.0,0.0,0.0
344552023145,0.0,0.0,0.0,0.0,0.0,0.0
344598220216,0.0,0.0,0.0,0.0,0.0,0.0
344648787198,0.0,0.0,0.0,0.0,0.0,0.0
344698274439,0.0,0.0,0.0,0.0,0.0,0.0
344749764810,0.0,0.0,0.0,0.0,0.0,0.0
344799976848,0.0,0.0,0.0,0.0,0.0,0.0
344848346754,0.0,0.0,0.0,0.0,0.0,0.0
344898843402,0.0,0.0,0.0,0.0,0.0,0.0
344948300569,0.0,0.0,0.0,0.0,0.0,0.0
344998396939,0.0,0.0,0.0,0.0,0.0,0.0
345049965422,0.0,0.0,0.0,0.0,0.0,0.0
345098520458,0.0,0.0,0.0,0.0,0.0,0.0
345148691958,0.0,0.0,0.0,0.0,0.0,0.0
345198473773,0.0,0.0,0.0,0.0,0.0,0.0
345248737033,0.0,0.0,0.0,0.0,0.0,0.0
345301314979,0.0,0.0,0.0,0.0,0.0,0.0
345348832589,0.0,0.0,0.0,0.0,0.0,0.0
345398452144,0.0,0.0,0.0,0.0,0.0,0.0
345448242348,0.0,0.0,0.0,0.0,0.0,0.0
345498731255,0.0,0.0,0.0,0.0,0.0,0.0
345550156238,0.0,0.0,0.0,0.0,0.0,0.0
345598250885,0.0,0.0,0.0,0.0,0.0,0.0
345649401756,0.0,0.0,0.0,0.0,0.0,0.0
345698259552,0.0,0.0,0.0,0.0,0.0,0.0
345748256848,0.0,0.0,0.0,0.0,0.0,0.0
345801637999,0.0,0.0,0.0,0.0,0.0,0.0
345848682812,0.0,0.0,0.0,0.0,0.0,0.0
345899717072,0.0,0.0,0.0,0.0,0.0,0.0
345952147241,0.0,0.0,0.0,0.0,0.0,0.0
345998260905,0.0,0.0,0.0,0.0,0.0,0.0
346048404127,0.0,0.0,0.0,0.0,0.0,0.0
346098276368,0.0,0.0,0.0,0.0,0.0,0.0
346148580017,0.0,0.0,0.0,0.0,0.0,0.0
346200275759,0.0,0.0,0.0,0.0,0.0,0.0
346248218535,0.0,0.0,0.0,0.0,0.0,0.0
346298871277,0.0,0.0,0.0,0.0,0.0,0.0
346348322758,0.0,0.0,0.0,0.0,0.0,0.0
346398677166,0.0,0.0,0.0,0.0,0.0,0.0
346450771815,0.0,0.0,0.0,0.0,0.0,0.0
346498121925,0.0,0.0,0.0,0.0,0.0,0.0
346548578647,0.0,0.0,0.0,0.0,0.0,0.0
346598275592,0.0,0.0,0.0,0.0,0.0,0.0
346648251592,0.0,0.0,0.0,0.0,0.0,0.0
346700721205,0.0,0.0,0.0,0.0,0.0,0.0
346748336481,0.0,0.0,0.0,0.0,0.0,0.0
346798503093,0.0,0.0,0.0,0.0,0.0,0.0
346848283074,0.0,0.0,0.0,0.0,0.0,0.0
346898263149,0.0,0.0,0.0,0.0,0.0,0.0
346949832576,0.0,0.0,0.0,0.0,0.0,0.0
346998208001,0.0,0.0,0.0,0.0,0.0,0.0
347049914169,0.0,0.0,0.0,0.0,0.0,0.0
347101942023,0.0,0.0,0.0,0.0,0.0,0.0
347148099668,0.0,0.0,0.0,0.0,0.0,0.0
347202201653,0.0,0.0,0.0,0.0,0.0,0.0
347248335132,0.0,0.0,0.0,0.0,0.0,0.0
347300163930,0.0,0.0,0.0,0.0,0.0,0.0
347350619634,0.0,0.0,0.0,0.0,0.0,0.0
347398796411,0.0,0.0,0.0,0.0,0.0,0.0
347450199949,0.0,0.0,0.0,0.0,0.0,0.0
347498705652,0.0,0.0,0.0,0.0,0.0,0.0
347549085930,0.0,0.0,0.0,0.0,0.0,0.0
347598222189,0.0,0.0,0.0,0.0,0.0,0.0
347648313985,0.0,0.0,0.0,0.0,0.0,0.0
347700232191,0.0,0.0,0.0,0.0,0.0,0.0
347748153134,0.0,0.0,0.0,0.0,0.0,0.0
347799622932,0.0,0.0,0.0,0.0,0.0,0.0
347848207987,0.0,0.0,0.0,0.0,0.0,0.0
347898287061,0.0,0.0,0.0,0.0,0.0,0.0
347949197340,0.0,0.0,0.0,0.0,0.0,0.0
347998324006,0.0,0.0,0.0,0.0,0.0,0.0
348049730822,0.0,0.0,0.0,0.0,0.0,0.0
348101120175,0.0,0.0,0.0,0.0,0.0,0.0
348148226748,0.0,0.0,0.0,0.0,0.0,0.0
348199694360,0.0,0.0,0.0,0.0,0.0,0.0
348248378711,0.0,0.0,0.0,0.0,0.0,0.0
348300580472,0.0,0.0,0.0,0.0,0.0,0.0
348348210934,0.0,0.0,0.0,0.0,0.0,0.0
348398249064,0.0,0.0,0.0,0.0,0.0,0.0
348454355106,0.0,0.0,0.0,0.0,0.0,0.0
348498297657,0.0,0.0,0.0,0.0,0.0,0.0
348549252380,0.0,0.0,0.0,0.0,0.0,0.0
348598749325,0.0,0.0,0.0,0.0,0.0,0.0
348648234750,0.0,0.0,0.0,0.0,0.0,0.0
348700337456,0.0,0.0,0.0,0.0,0.0,0.0
348749372141,0.0,0.0,0.0,0.0,0.0,0.0
348799867771,0.0,0.0,0.0,0.0,0.0,0.0
348848399622,0.0,0.0,0.0,0.0,0.0,0.0
348898242215,0.0,0.0,0.0,0.0,0.0,0.0
348951852959,0.0,0.0,0.0,0.0,0.0,0.0
348998563753,0.0,0.0,0.0,0.0,0.0,0.0
349050162162,0.0,0.0,0.0,0.0,0.0,0.0
349100335385,0.0,0.0,0.0,0.0,0.0,0.0
349148248550,0.0,0.0,0.0,0.0,0.0,0.0
349198503643,0.0,0.0,0.0,0.0,0.0,0.0
349248243143,0.0,0.0,0.0,0.0,0.0,0.0
349298285570,0.0,0.0,0.0,0.0,0.0,0.0
349350205886,0.0,0.0,0.0,0.0,0.0,0.0
349398262033,0.0,0.0,0.0,0.0,0.0,0.0
349449095368,0.0,0.0,0.0,0.0,0.0,0.0
349498320849,0.0,0.0,0.0,0.0,0.0,0.0
349549675221,0.0,0.0,0.0,0.0,0.0,0.0
349599770795,0.0,0.0,0.0,0.0,0.0,0.0
349648261442,0.0,0.0,0.0,0.0,0.0,0.0
349702354002,0.0,0.0,0.0,0.0,0.0,0.0
349748111999,0.0,0.0,0.0,0.0,0.0,0.0
349798094944,0.0,0.0,0.0,0.0,0.0,0.0
349850854983,0.0,0.0,0.0,0.0,0.0,0.0
349898507352,0.0,0.0,0.0,0.0,0.0,0.0
349949785316,0.0,0.0,0.0,0.0,0.0,0.0
350000271576,0.0,0.0,0.0,0.0,0.0,0.0
350048350057,0.0,0.0,0.0,0.0,0.0,0.0
350099200613,0.0,0.0,0.0,0.0,0.0,0.0
350148736428,0.0,0.0,0.0,0.0,0.0,0.0
350198468021,0.0,0.0,0.0,0.0,0.0,0.0
350249724004,0.0,0.0,0.0,0.0,0.0,0.0
350298253318,0.0,0.0,0.0,0.0,0.0,0.0
350351327487,0.0,0.0,0.0,0.0,0.0,0.0
350398493356,0.0,0.0,0.0,0.0,0.0,0.0
350448235264,0.0,0.0,0.0,0.0,0.0,0.0
350500407118,0.0,0.0,0.0,0.0,0.0,0.0
350548644376,0.0,0.0,0.0,0.0,0.0,0.0
350598935117,0.0,0.0,0.0,0.0,0.0,0.0
350648283673,0.0,0.0,0.0,0.0,0.0,0.0
350698245895,0.0,0.0,0.0,0.0,0.0,0.0
350750103453,0.0,0.0,0.0,0.0,0.0,0.0
350798581415,0.0,0.0,0.0,0.0,0.0,0.0
350849854880,0.0,0.0,0.0,0.0,0.0,0.0
350898168027,0.0,0.0,0.0,0.0,0.0,0.0
350948303509,0.0,0.0,0.0,0.0,0.0,0.0
350999743511,0.0,0.0,0.0,0.0,0.0,0.0
351048335603,0.0,0.0,0.0,0.0,0.0,0.0
351098814029,0.0,0.0,0.0,0.0,0.0,0.0
351149811993,0.0,0.0,0.0,0.0,0.0,0.0
351198252641,0.0,0.0,0.0,0.0,0.0,0.0
351248359364,0.0,0.0,0.0,0.0,0.0,0.0
351298326475,0.0,0.0,0.0,0.0,0.0,0.0
351348244513,0.0,0.0,0.0,0.0,0.0,0.0
351399148662,0.0,0.0,0.0,0.0,0.0,0.0
351448239328,0.0,0.0,0.0,0.0,0.0,0.0
351499391293,0.0,0.0,0.0,0.0,0.0,0.0
351548261014,0.0,0.0,0.0,0.0,0.0,0.0
351600169146,0.0,0.0,0.0,0.0,0.0,0.0
351650427369,0.0,0.0,0.0,0.0,0.0,0.0
351698360275,0.0,0.0,0.0,0.0,0.0,0.0
351748372313,0.0,0.0,0.0,0.0,0.0,0.0
351798248850,0.0,0.0,0.0,0.0,0.0,0.0
351848263369,0.0,0.0,0.0,0.0,0.0,0.0
351899267445,0.0,0.0,0.0,0.0,0.0,0.0
351948247907,0.0,0.0,0.0,0.0,0.0,0.0
351998403130,0.0,0.0,0.0,0.0,0.0,0.0
352048230094,0.0,0.0,0.0,0.0,0.0,0.0
352098322631,0.0,0.0,0.0,0.0,0.0,0.0
352150182763,0.0,0.0,0.0,0.0,0.0,0.0
352199356874,0.0,0.0,0.0,0.0,0.0,0.0
352249651838,0.0,0.0,0.0,0.0,0.0,0.0
352298242911,0.0,0.0,0.0,0.0,0.0,0.0
352348250745,0.0,0.0,0.0,0.0,0.0,0.0
352399346061,0.0,0.0,0.0,0.0,0.0,0.0
352448839339,0.0,0.0,0.0,0.0,0.0,0.0
352498919432,0.0,0.0,0.0,0.0,0.0,0.0
352548343192,0.0,0.0,0.0,0.0,0.0,0.0
352598293877,0.0,0.0,0.0,0.0,0.0,0.0
352648481248,0.0,0.0,0.0,0.0,0.0,0.0
352698216693,0.0,0.0,0.0,0.0,0.0,0.0
352748373398,0.0,0.0,0.0,0.0,0.0,0.0
352798153731,0.0,0.0,0.0,0.0,0.0,0.0
352850331493,0.0,0.0,0.0,0.0,0.0,0.0
352898755751,0.0,0.0,0.0,0.0,0.0,0.0
352948261455,0.0,0.0,0.0,0.0,0.0,0.0
352998398234,-0.0,0.0,2.0,0.0,0.0,0.0
353048352512,-0.0,0.0,2.0,0.0,0.0,0.0
353098276661,-0.0,0.0,2.0,0.0,0.0,0.0
353149691144,-0.0,0.0,2.0,0.0,0.0,0.0
353198256551,-0.0,0.0,2.0,0.0,0.0,0.0
353248419385,-0.0,0.0,2.0,0.0,0.0,0.0
353298187793,-0.0,0.0,2.0,0.0,0.0,0.0
353348206441,-0.0,0.0,2.0,0.0,0.0,0.0
353401461556,-0.0,0.0,2.0,0.0,0.0,0.0
353448440054,-0.0,0.0,2.0,0.0,0.0,0.0
353500264167,-0.0,0.0,2.0,0.0,0.0,0.0
353548154370,-0.0,0.0,2.0,0.0,0.0,0.0
353598315574,-0.0,0.0,2.0,0.0,0.0,0.0
353649222464,-0.0,0.0,2.0,0.0,0.0,0.0
353698154464,-0.0,0.0,2.0,0.0,0.0,0.0
353749213891,-0.0,0.0,2.0,0.0,0.0,0.0
353798283280,-0.0,0.0,2.0,0.0,0.0,0.0
353848198855,-0.0,0.0,2.0,0.0,0.0,0.0
353899955320,-0.0,0.0,2.0,0.0,0.0,0.0
353948257393,-0.0,0.0,2.0,0.0,0.0,0.0
354000664933,-0.0,0.0,2.0,0.0,0.0,0.0
354048203209,-0.0,0.0,2.0,0.0,0.0,0.0
354100132008,-0.0,0.0,2.0,0.0,0.0,0.0
354151747010,-0.0,0.0,2.0,0.0,0.0,0.0
354198284063,-0.0,0.0,2.0,0.0,0.0,0.0
354250212380,-0.0,0.0,2.0,0.0,0.0,0.0
354298256750,-0.0,0.0,2.0,0.0,0.0,0.0
354348162491,-0.0,0.0,2.0,0.0,0.0,0.0
354400494993,-0.0,0.0,2.0,0.0,0.0,0.0
354449269938,-0.0,0.0,2.0,0.0,0.0,0.0
354500295217,-0.0,0.0,2.0,0.0,0.0,0.0
354548805142,-0.0,0.0,2.0,0.0,0.0,0.0
354598710161,-0.0,0.0,2.0,0.0,0.0,0.0
354649099940,-0.0,0.0,2.0,0.0,0.0,0.0
354698141014,-0.0,0.0,2.0,0.0,0.0,0.0
354749061182,-0.0,0.0,2.0,0.0,0.0,0.0
354799444350,-0.0,0.0,2.0,0.0,0.0,0.0
354848302776,-0.0,0.0,2.0,0.0,0.0,0.0
354898437147,-0.0,0.0,2.0,0.0,0.0,0.0
354948331240,-0.0,0.0,2.0,0.0,0.0,0.0
354998381259,-0.0,0.0,2.0,0.0,0.0,0.0
355050315317,-0.0,0.0,2.0,0.0,0.0,0.0
355098343131,-0.0,0.0,2.0,0.0,0.0,0.0
355148536336,-0.0,0.0,2.0,0.0,0.0,0.0
355198177354,-0.0,0.0,2.0,0.0,0.0,0.0
355248267374,-0.0,0.0,2.0,0.0,0.0,0.0
355299906135,-0.0,0.0,2.0,0.0,0.0,0.0
355348312764,-0.0,0.0,2.0,0.0,0.0,0.0
355401315508,-0.0,0.0,2.0,0.0,0.0,0.0
355448275784,-0.0,0.0,2.0,0.0,0.0,0.0
355499501249,-0.0,0.0,2.0,0.0,0.0,0.0
355550419361,-0.0,0.0,2.0,0.0,0.0,0.0
355598295712,-0.0,0.0,2.0,0.0,0.0,0.0
355649428584,-0.0,0.0,2.0,0.0,0.0,0.0
355698245788,-0.0,0.0,2.0,0.0,0.0,0.0
355748489177,-0.0,0.0,2.0,0.0,0.0,0.0
355800138068,-0.0,0.0,2.0,0.0,0.0,0.0
355848284494,-0.0,0.0,2.0,0.0,0.0,0.0
355899444588,-0.0,0.0,2.0,0.0,0.0,0.0
355948238717,-0.0,0.0,2.0,0.0,0.0,0.0
355998727533,-0.0,0.0,2.0,0.0,0.0,0.0
356053852649,-0.0,0.0,2.0,0.0,0.0,0.0
356098244238,-0.0,0.0,2.0,0.0,0.0,0.0
356149621499,-0.0,0.0,2.0,0.0,0.0,0.0
356198333017,-0.0,0.0,2.0,0.0,0.0,0.0
356249956242,-0.0,0.0,2.0,0.0,0.0,0.0
356300961262,-0.0,0.0,2.0,0.0,0.0,0.0
356348246038,-0.0,0.0,2.0,0.0,0.0,0.0
356398746243,-0.0,0.0,2.0,0.0,0.0,0.0
356448337725,-0.0,0.0,2.0,0.0,0.0,0.0
356499035097,-0.0,0.0,2.0,0.0,0.0,0.0
356549828802,-0.0,0.0,2.0,0.0,0.0,0.0
356598170190,-0.0,0.0,2.0,0.0,0.0,0.0
356648620932,-0.0,0.0,2.0,0.0,0.0,0.0
356698328692,-0.0,0.0,2.0,0.0,0.0,0.0
356749771712,-0.0,0.0,2.0,0.0,0.0,0.0
356800798436,-0.0,0.0,2.0,0.0,0.0,0.0
356848310879,-0.0,0.0,2.0,0.0,0.0,0.0
356899112492,-0.0,0.0,2.0,0.0,0.0,0.0
356948623789,-0.0,0.0,2.0,0.0,0.0,0.0
357000077180,-0.0,0.0,2.0,0.0,0.0,0.0
357053618276,-0.0,0.0,2.0,0.0,0.0,0.0
357100063755,-0.0,0.0,2.0,0.0,0.0,0.0
357149739126,-0.0,0.0,2.0,0.0,0.0,0.0
357198222607,-0.0,0.0,2.0,0.0,0.0,0.0
357248210330,-0.0,0.0,2.0,0.0,0.0,0.0
357304419577,-0.0,0.0,2.0,0.0,0.0,0.0
357348340017,-0.0,0.0,2.0,0.0,0.0,0.0
357399013945,-0.0,0.0,2.0,0.0,0.0,0.0
357448326056,-0.0,0.0,2.0,0.0,0.0,0.0
357498258279,-0.0,0.0,2.0,0.0,0.0,0.0
357549971763,-0.0,0.0,2.0,0.0,0.0,0.0
357598914263,-0.0,0.0,2.0,0.0,0.0,0.0
357648549504,-0.0,0.0,2.0,0.0,0.0,0.0
357698266338,-0.0,0.0,2.0,0.0,0.0,0.0
357748314505,-0.0,0.0,2.0,0.0,0.0,0.0
357800364545,-0.0,0.0,2.0,0.0,0.0,0.0
357848145748,-0.0,0.0,2.0,0.0,0.0,0.0
357898825064,-0.0,0.0,2.0,0.0,0.0,0.0
357949229195,-0.0,0.0,2.0,0.0,0.0,0.0
357998289621,-0.0,0.0,2.0,0.0,0.0,0.0
358050689050,-0.0,0.0,2.0,0.0,0.0,0.0
358098606179,-0.0,0.0,2.0,0.0,0.0,0.0
358148621402,-0.0,0.0,2.0,0.0,0.0,0.0
358198137772,-0.0,0.0,2.0,0.0,0.0,0.0
358248361070,-0.0,0.0,2.0,0.0,0.0,0.0
358298918182,-0.0,0.0,2.0,0.0,0.0,0.0
358348658701,-0.0,0.0,2.0,0.0,0.0,0.0
358399233610,-0.0,0.0,2.0,0.0,0.0,0.0
358449770686,-0.0,0.0,2.0,0.0,0.0,0.0
358498236111,-0.0,0.0,2.0,0.0,0.0,0.0
358551097559,-0.0,0.0,2.0,0.0,0.0,0.0
358599350151,-0.0,0.0,2.0,0.0,0.0,0.0
358649839097,-0.0,0.0,2.0,0.0,0.0,0.0
358699813449,-0.0,0.0,2.0,0.0,0.0,0.0
358748286949,-0.0,0.0,2.0,0.0,0.0,0.0
358798757376,-0.0,0.0,2.0,0.0,0.0,0.0
358848295266,-0.0,0.0,2.0,0.0,0.0,0.0
358898282711,-0.0,0.0,2.0,0.0,0.0,0.0
358952618623,-0.0,0.0,2.0,0.0,0.0,0.0
358998314435,-0.0,0.0,2.0,0.0,0.0,0.0
359050319234,-0.0,0.0,2.0,0.0,0.0,0.0
359098107289,-0.0,0.0,2.0,0.0,0.0,0.0
359148210420,-0.0,0.0,2.0,0.0,0.0,0.0
359199039125,-0.0,0.0,2.0,0.0,0.0,0.0
359248399403,-0.0,0.0,2.0,0.0,0.0,0.0
359300846832,-0.0,0.0,2.0,0.0,0.0,0.0
359350038814,-0.0,0.0,2.0,0.0,0.0,0.0
359398296758,-0.0,0.0,2.0,0.0,0.0,0.0
359448540018,-0.0,0.0,2.0,0.0,0.0,0.0
359498250722,-0.0,0.0,2.0,0.0,0.0,0.0
359548820298,-0.0,0.0,2.0,0.0,0.0,0.0
359600479911,-0.0,0.0,2.0,0.0,0.0,0.0
359648259059,-0.0,0.0,2.0,0.0,0.0,0.0
359699012893,-0.0,0.0,2.0,0.0,0.0,0.0
359748195912,-0.0,0.0,2.0,0.0,0.0,0.0
359798658303,-0.0,0.0,2.0,0.0,0.0,0.0
359851817084,-0.0,0.0,2.0,0.0,0.0,0.0
359898230675,-0.0,0.0,2.0,0.0,0.0,0.0
359950516196,-0.0,0.0,2.0,0.0,0.0,0.0
359998278010,-0.0,0.0,2.0,0.0,0.0,0.0
360048821937,-0.0,0.0,2.0,0.0,0.0,0.0
360099909661,-0.0,0.0,2.0,0.0,0.0,0.0
360148235106,-0.0,0.0,2.0,0.0,0.0,0.0
360198927885,-0.0,0.0,2.0,0.0,0.0,0.0
360248694626,-0.0,0.0,2.0,0.0,0.0,0.0
360298219257,-0.0,0.0,2.0,0.0,0.0,0.0
360352489742,-0.0,0.0,2.0,0.0,0.0,0.0
360398946204,-0.0,0.0,2.0,0.0,0.0,0.0
360448288000,-0.0,0.0,2.0,0.0,0.0,0.0
360498254964,-0.0,0.0,2.0,0.0,0.0,0.0
360548342354,-0.0,0.0,2.0,0.0,0.0,0.0
360599625227,-0.0,0.0,2.0,0.0,0.0,0.0
360648288208,-0.0,0.0,2.0,0.0,0.0,0.0
360698581284,-0.0,0.0,2.0,0.0,0.0,0.0
360748295451,-0.0,0.0,2.0,0.0,0.0,0.0
360800181102,-0.0,0.0,2.0,0.0,0.0,0.0
360849036157,-0.0,0.0,2.0,0.0,0.0,0.0
360898401677,-0.0,0.0,2.0,0.0,0.0,0.0
360949688919,-0.0,0.0,2.0,0.0,0.0,0.0
360998375790,-0.0,0.0,2.0,0.0,0.0,0.0
361048204754,-0.0,0.0,2.0,0.0,0.0,0.0
361100703220,-0.0,0.0,2.0,0.0,0.0,0.0
361148319756,-0.0,0.0,2.0,0.0,0.0,0.0
361198758091,-0.0,0.0,2.0,0.0,0.0,0.0
361248281110,-0.0,0.0,2.0,0.0,0.0,0.0
361298821185,-0.0,0.0,2.0,0.0,0.0,0.0
361351090207,-0.0,0.0,2.0,0.0,0.0,0.0
361399033947,-0.0,0.0,2.0,0.0,0.0,0.0
361450738190,-0.0,0.0,2.0,0.0,0.0,0.0
361498199671,-0.0,0.0,2.0,0.0,0.0,0.0
361549022765,-0.0,0.0,2.0,0.0,0.0,0.0
361598200673,-0.0,0.0,2.0,0.0,0.0,0.0
361649137915,-0.0,0.0,2.0,0.0,0.0,0.0
361703532790,-0.0,0.0,2.0,0.0,0.0,0.0
361748417935,-0.0,0.0,2.0,0.0,0.0,0.0
361799929604,-0.0,0.0,2.0,0.0,0.0,0.0
361848184456,-0.0,0.0,2.0,0.0,0.0,0.0
361898189827,-0.0,0.0,2.0,0.0,0.0,0.0
361950842016,-0.0,0.0,2.0,0.0,0.0,0.0
361998200922,-0.0,0.0,2.0,0.0,0.0,0.0
362048552016,-0.0,0.0,2.0,0.0,0.0,0.0
362098120813,-0.0,0.0,2.0,0.0,0.0,0.0
362148162333,-0.0,0.0,2.0,0.0,0.0,0.0
362202661671,-0.0,0.0,2.0,0.0,0.0,0.0
362248116780,-0.0,0.0,2.0,0.0,0.0,0.0
362299708486,-0.0,0.0,2.0,0.0,0.0,0.0
362353928008,-0.0,0.0,2.0,0.0,0.0,0.0
362398301228,-0.0,0.0,2.0,0.0,0.0,0.0
362449843063,-0.0,0.0,2.0,0.0,0.0,0.0
362498344174,-0.0,0.0,2.0,0.0,0.0,0.0
362550386881,-0.0,0.0,2.0,0.0,0.0,0.0
362601123679,-0.0,0.0,2.0,0.0,0.0,0.0
362648377604,-0.0,0.0,2.0,0.0,0.0,0.0
362700758681,-0.0,0.0,2.0,0.0,0.0,0.0
362748315439,-0.0,0.0,2.0,0.0,0.0,0.0
362800894961,-0.0,0.0,2.0,0.0,0.0,0.0
362848264849,-0.0,0.0,2.0,0.0,0.0,0.0
362898210313,-0.0,0.0,2.0,0.0,0.0,0.0
362951062946,-0.0,0.0,2.0,0.0,0.0,0.0
362999080946,-0.0,0.0,2.0,0.0,0.0,0.0
363050746967,-0.0,0.0,2.0,0.0,0.0,0.0
363098360040,-0.0,0.0,2.0,0.0,0.0,0.0
363148298134,-0.0,0.0,2.0,0.0,0.0,0.0
363200776155,-0.0,0.0,2.0,0.0,0.0,0.0
363248970655,-0.0,0.0,2.0,0.0,0.0,0.0
363298371434,-0.0,0.0,2.0,0.0,0.0,0.0
363348365750,-0.0,0.0,2.0,0.0,0.0,0.0
363398351806,-0.0,0.0,2.0,0.0,0.0,0.0
363448496993,-0.0,0.0,2.0,0.0,0.0,0.0
363498220234,-0.0,0.0,2.0,0.0,0.0,0.0
363549094384,-0.0,0.0,2.0,0.0,0.0,0.0
363598158033,-0.0,0.0,2.0,0.0,0.0,0.0
363648280590,-0.0,0.0,2.0,0.0,0.0,0.0
363702283057,-0.0,0.0,2.0,0.0,0.0,0.0
363748626019,-0.0,0.0,2.0,0.0,0.0,0.0
363798719927,-0.0,0.0,2.0,0.0,0.0,0.0
363849400985,-0.0,0.0,2.0,0.0,0.0,0.0
363898328207,-0.0,0.0,2.0,0.0,0.0,0.0
363951330433,-0.0,0.0,2.0,0.0,0.0,0.0
363999014210,-0.0,0.0,2.0,0.0,0.0,0.0
364048746508,-0.0,0.0,2.0,0.0,0.0,0.0
364103020642,-0.0,0.0,2.0,0.0,0.0,0.0
364148562510,-0.0,0.0,2.0,0.0,0.0,0.0
364199242660,-0.0,0.0,2.0,0.0,0.0,0.0
364248380920,-0.0,0.0,2.0,0.0,0.0,0.0
364299229644,-0.0,0.0,2.0,0.0,0.0,0.0
364351529517,-0.0,0.0,2.0,0.0,0.0,0.0
364398846757,-0.0,0.0,2.0,0.0,0.0,0.0
364448646777,-0.0,0.0,2.0,0.0,0.0,0.0
364498975241,-0.0,0.0,2.0,0.0,0.0,0.0
364548300594,-0.0,0.0,2.0,0.0,0.0,0.0
364601071319,-0.0,0.0,2.0,0.0,0.0,0.0
364648270540,-0.0,0.0,2.0,0.0,0.0,0.0
364699043024,-0.0,0.0,2.0,0.0,0.0,0.0
364749026599,-0.0,0.0,2.0,0.0,0.0,0.0
364799134378,-0.0,0.0,2.0,0.0,0.0,0.0
364848215638,-0.0,0.0,2.0,0.0,0.0,0.0
364898792010,-0.0,0.0,2.0,0.0,0.0,0.0
364951116291,-0.0,0.0,2.0,0.0,0.0,0.0
364998851180,-0.0,0.0,2.0,0.0,0.0,0.0
365048410810,-0.0,0.0,2.0,0.0,0.0,0.0
365098240441,-0.0,0.0,2.0,0.0,0.0,0.0
365148281109,-0.0,0.0,2.0,0.0,0.0,0.0
365200627464,-0.0,0.0,2.0,0.0,0.0,0.0
365248325482,-0.0,0.0,2.0,0.0,0.0,0.0
365298380317,-0.0,0.0,2.0,0.0,0.0,0.0
365348666985,-0.0,0.0,2.0,0.0,0.0,0.0
365398440078,-0.0,0.0,2.0,0.0,0.0,0.0
365449537710,-0.0,0.0,2.0,0.0,0.0,0.0
365498144599,-0.0,0.0,2.0,0.0,0.0,0.0
365551205047,-0.0,0.0,2.0,0.0,0.0,0.0
365599486492,-0.0,0.0,2.0,0.0,0.0,0.0
365648290696,-0.0,0.0,2.0,0.0,0.0,0.0
365700938236,-0.0,0.0,2.0,0.0,0.0,0.0
365749220440,-0.0,0.0,2.0,0.0,0.0,0.0
365798555904,-0.0,0.0,2.0,0.0,0.0,0.0
365848243349,-0.0,0.0,2.0,0.0,0.0,0.0
365898278110,-0.0,0.0,2.0,0.0,0.0,0.0
365952345707,-0.0,0.0,2.0,0.0,0.0,0.0
365998368483,-0.0,0.0,2.0,0.0,0.0,0.0
366048680114,-0.0,0.0,2.0,0.0,0.0,0.0
366098188689,-0.0,0.0,2.0,0.0,0.0,0.0
366148605950,-0.0,0.0,2.0,0.0,0.0,0.0
366199162378,-0.0,0.0,2.0,0.0,0.0,0.0
366248718453,-0.0,0.0,2.0,0.0,0.0,0.0
366298748732,-0.0,0.0,2.0,0.0,0.0,0.0
366348900419,-0.0,0.0,2.0,0.0,0.0,0.0
366398292401,-0.0,0.0,2.0,0.0,0.0,0.0
366449382755,-0.0,0.0,2.0,0.0,0.0,0.0
366498790756,-0.0,0.0,2.0,0.0,0.0,0.0
366548759943,-0.0,0.0,2.0,0.0,0.0,0.0
366598219184,-0.0,0.0,2.0,0.0,0.0,0.0
366648265593,-0.0,0.0,2.0,0.0,0.0,0.0
366701226264,-0.0,0.0,2.0,0.0,0.0,0.0
366748399189,-0.0,0.0,2.0,0.0,0.0,0.0
366798995042,-0.0,0.0,2.0,0.0,0.0,0.0
366851426620,-0.0,0.0,2.0,0.0,0.0,0.0
366898285471,-0.0,0.0,2.0,0.0,0.0,0.0
366950230492,-0.0,0.0,2.0,0.0,0.0,0.0
366998327955,-0.0,0.0,2.0,0.0,0.0,0.0
367050121347,-0.0,0.0,2.0,0.0,0.0,0.0
367100618885,-0.0,0.0,2.0,0.0,0.0,0.0
367148278607,-0.0,0.0,2.0,0.0,0.0,0.0
367199931906,-0.0,0.0,2.0,0.0,0.0,0.0
367248663055,-0.0,0.0,2.0,0.0,0.0,0.0
367298501278,-0.0,0.0,2.0,0.0,0.0,0.0
367348246224,-0.0,0.0,2.0,0.0,0.0,0.0
367398486281,-0.0,0.0,2.0,0.0,0.0,0.0
367455553547,-0.0,0.0,2.0,0.0,0.0,0.0
367498242617,-0.0,0.0,2.0,0.0,0.0,0.0
367549619008,-0.0,0.0,2.0,0.0,0.0,0.0
367598641009,-0.0,0.0,2.0,0.0,0.0,0.0
367648257066,-0.0,0.0,2.0,0.0,0.0,0.0
367698497327,-0.0,0.0,2.0,0.0,0.0,0.0
367748785588,-0.0,0.0,2.0,0.0,0.0,0.0
367799831905,-0.0,0.0,2.0,0.0,0.0,0.0
367849739758,-0.0,0.0,2.0,0.0,0.0,0.0
367898744870,-0.0,0.0,2.0,0.0,0.0,0.0
367950111428,-0.0,0.0,2.0,0.0,0.0,0.0
367998344002,-0.0,0.0,2.0,0.0,0.0,0.0
368050560024,-0.0,0.0,2.0,0.0,0.0,0.0
368100629914,-0.0,0.0,2.0,0.0,0.0,0.0
368148275340,-0.0,0.0,2.0,0.0,0.0,0.0
368200697158,-0.0,0.0,2.0,0.0,0.0,0.0
368248197991,-0.0,0.0,2.0,0.0,0.0,0.0
368299579253,-0.0,0.0,2.0,0.0,0.0,0.0
368348259160,-0.0,0.0,2.0,0.0,0.0,0.0
368398163940,-0.0,0.0,2.0,0.0,0.0,0.0
368449414516,-0.0,0.0,2.0,0.0,0.0,0.0
368498522369,-0.0,0.0,2.0,0.0,0.0,0.0
368548068685,-0.0,0.0,2.0,0.0,0.0,0.0
368598520705,-0.0,0.0,2.0,0.0,0.0,0.0
368648129836,-0.0,0.0,2.0,0.0,0.0,0.0
368699246505,-0.0,0.0,2.0,0.0,0.0,0.0
368748844932,-0.0,0.0,2.0,0.0,0.0,0.0
368802292658,-0.0,0.0,2.0,0.0,0.0,0.0
368848172749,-0.0,0.0,2.0,0.0,0.0,0.0
368898084306,-0.0,0.0,2.0,0.0,0.0,0.0
368949575439,-0.0,0.0,2.0,0.0,0.0,0.0
368998294902,-0.0,0.0,2.0,0.0,0.0,0.0
369049691942,-0.0,0.0,2.0,0.0,0.0,0.0
369098235035,-0.0,0.0,2.0,0.0,0.0,0.0
369148264351,-0.0,0.0,2.0,0.0,0.0,0.0
369198683594,-0.0,0.0,2.0,0.0,0.0,0.0
369248296039,-0.0,0.0,2.0,0.0,0.0,0.0
369298670634,-0.0,0.0,2.0,0.0,0.0,0.0
369349055136,-0.0,0.0,2.0,0.0,0.0,0.0
369398651322,-0.0,0.0,2.0,0.0,0.0,0.0
369451986882,-0.0,0.0,2.0,0.0,0.0,0.0
369498526862,-0.0,0.0,2.0,0.0,0.0,0.0
369549362679,-0.0,0.0,2.0,0.0,0.0,0.0
369598607458,-0.0,0.0,2.0,0.0,0.0,0.0
369648277607,-0.0,0.0,2.0,0.0,0.0,0.0
369699302035,-0.0,0.0,2.0,0.0,0.0,0.0
369749249907,-0.0,0.0,2.0,0.0,0.0,0.0
369798383630,-0.0,0.0,2.0,0.0,0.0,0.0
369848345632,-0.0,0.0,2.0,0.0,0.0,0.0
369898371615,-0.0,0.0,2.0,0.0,0.0,0.0
369954755288,-0.0,0.0,2.0,0.0,0.0,0.0
369998070822,-0.0,0.0,2.0,0.0,0.0,0.0
370050420510,-0.0,0.0,2.0,0.0,0.0,0.0
370098278769,-0.0,0.0,2.0,0.0,0.0,0.0
370148367697,-0.0,0.0,2.0,0.0,0.0,0.0
370199176681,-0.0,0.0,2.0,0.0,0.0,0.0
370248274607,-0.0,0.0,2.0,0.0,0.0,0.0
370298451165,-0.0,0.0,2.0,0.0,0.0,0.0
370348257185,-0.0,0.0,2.0,0.0,0.0,0.0
370398234631,-0.0,0.0,2.0,0.0,0.0,0.0
370449182966,-0.0,0.0,2.0,0.0,0.0,0.0
370498235763,-0.0,0.0,2.0,0.0,0.0,0.0
370548512043,-0.0,0.0,2.0,0.0,0.0,0.0
370598393415,-0.0,0.0,2.0,0.0,0.0,0.0
370648338231,-0.0,0.0,2.0,0.0,0.0,0.0
370700302179,-0.0,0.0,2.0,0.0,0.0,0.0
370748247012,-0.0,0.0,2.0,0.0,0.0,0.0
370798399588,-0.0,0.0,2.0,0.0,0.0,0.0
370848310867,-0.0,0.0,2.0,0.0,0.0,0.0
370898281202,-0.0,0.0,2.0,0.0,0.0,0.0
370951201669,-0.0,0.0,2.0,0.0,0.0,0.0
370998292520,-0.0,0.0,2.0,0.0,0.0,0.0
371049016800,-0.0,0.0,2.0,0.0,0.0,0.0
371098239487,-0.0,0.0,2.0,0.0,0.0,0.0
371148185840,-0.0,0.0,2.0,0.0,0.0,0.0
371199562435,-0.0,0.0,2.0,0.0,0.0,0.0
371248235473,7.0,0.0,1.0,0.0,0.0,0.0
371298540438,7.0,0.0,1.0,0.0,0.0,0.0
371348229773,7.0,0.0,1.0,0.0,0.0,0.0
371398287108,7.0,0.0,1.0,0.0,0.0,0.0
371450266833,7.0,0.0,1.0,0.0,0.0,0.0
371498230018,7.0,0.0,1.0,0.0,0.0,0.0
371548807372,7.0,0.0,1.0,0.0,0.0,0.0
371598291966,7.0,0.0,1.0,0.0,0.0,0.0
371648276116,7.0,0.0,1.0,0.0,0.0,0.0
371700698119,7.0,0.0,1.0,0.0,0.0,0.0
371748262712,7.0,0.0,1.0,0.0,0.0,0.0
371800186789,7.0,0.0,1.0,0.0,0.0,0.0
371848662753,7.0,0.0,1.0,0.0,0.0,0.0
371903069147,7.0,0.0,1.0,0.0,0.0,0.0
371948681034,7.0,0.0,1.0,0.0,0.0,0.0
371998552776,7.0,0.0,1.0,0.0,0.0,0.0
372048810389,7.0,0.0,1.0,0.0,0.0,0.0
372098285983,7.0,0.0,1.0,0.0,0.0,0.0
372149128726,7.0,0.0,1.0,0.0,0.0,0.0
372198795190,7.0,0.0,1.0,0.0,0.0,0.0
372248260488,7.0,0.0,1.0,0.0,0.0,0.0
372300157343,7.0,0.0,1.0,0.0,0.0,0.0
372348269788,7.0,0.0,1.0,0.0,0.0,0.0
372399879383,7.0,0.0,1.0,0.0,0.0,0.0
372448525569,7.0,0.0,1.0,0.0,0.0,0.0
372498703293,7.0,0.0,1.0,0.0,0.0,0.0
372550351074,7.0,0.0,1.0,0.0,0.0,0.0
372598375870,7.0,0.0,1.0,0.0,0.0,0.0
372648801113,7.0,0.0,1.0,0.0,0.0,0.0
372698246855,7.0,0.0,1.0,0.0,0.0,0.0
372750084488,7.0,0.0,1.0,0.0,0.0,0.0
372800432194,7.0,0.0,1.0,0.0,0.0,0.0
372848195564,7.0,0.0,1.0,0.0,0.0,0.0
372899382252,7.0,0.0,1.0,0.0,0.0,0.0
372948187271,7.0,0.0,1.0,0.0,0.0,0.0
372998156329,7.0,0.0,1.0,0.0,0.0,0.0
373048278090,7.0,0.0,1.0,0.0,0.0,0.0
373098190906,7.0,0.0,1.0,0.0,0.0,0.0
373149868965,7.0,0.0,1.0,0.0,0.0,0.0
373198648910,7.0,0.0,1.0,0.0,0.0,0.0
373249182579,7.0,0.0,1.0,0.0,0.0,0.0
373298321524,7.0,0.0,1.0,0.0,0.0,0.0
373348396989,7.0,0.0,1.0,0.0,0.0,0.0
373398866454,7.0,0.0,1.0,0.0,0.0,0.0
373448697474,7.0,0.0,1.0,0.0,0.0,0.0
373498985828,7.0,0.0,1.0,0.0,0.0,0.0
373548293589,7.0,0.0,1.0,0.0,0.0,0.0
373598192516,7.0,0.0,1.0,0.0,0.0,0.0
373651198539,7.0,0.0,1.0,0.0,0.0,0.0
373700064558,7.0,0.0,1.0,0.0,0.0,0.0
373749533208,7.0,0.0,1.0,0.0,0.0,0.0
373804836547,7.0,0.0,1.0,0.0,0.0,0.0
373848007247,7.0,0.0,1.0,0.0,0.0,0.0
373901748659,7.0,0.0,1.0,0.0,0.0,0.0
373948316140,7.0,0.0,1.0,0.0,0.0,0.0
373998576327,7.0,0.0,1.0,0.0,0.0,0.0
374049875608,7.0,0.0,1.0,0.0,0.0,0.0
374099113313,7.0,0.0,1.0,0.0,0.0,0.0
374148756907,7.0,0.0,1.0,0.0,0.0,0.0
374198678946,7.0,0.0,1.0,0.0,0.0,0.0
374249885485,7.0,0.0,1.0,0.0,0.0,0.0
374301414544,7.0,0.0,1.0,0.0,0.0,0.0
374348185784,7.0,0.0,1.0,0.0,0.0,0.0
374404335068,7.0,0.0,1.0,0.0,0.0,0.0
374448304584,7.0,0.0,1.0,0.0,0.0,0.0
374499772309,7.0,0.0,1.0,0.0,0.0,0.0
374549260977,7.0,0.0,1.0,0.0,0.0,0.0
374598271312,7.0,0.0,1.0,0.0,0.0,0.0
374649666481,7.0,0.0,1.0,0.0,0.0,0.0
374698314371,7.0,0.0,1.0,0.0,0.0,0.0
374749939967,7.0,0.0,1.0,0.0,0.0,0.0
374798297245,7.0,0.0,1.0,0.0,0.0,0.0
374848270043,7.0,0.0,1.0,0.0,0.0,0.0
374901733270,7.0,0.0,1.0,0.0,0.0,0.0
374948234047,7.0,0.0,1.0,0.0,0.0,0.0
374999552476,7.0,0.0,1.0,0.0,0.0,0.0
375048625477,7.0,0.0,1.0,0.0,0.0,0.0
375098297386,7.0,0.0,1.0,0.0,0.0,0.0
375153119854,7.0,0.0,1.0,0.0,0.0,0.0
375198302741,7.0,0.0,1.0,0.0,0.0,0.0
375250173337,7.2,0.0,1.0,0.0,0.0,0.0
375298211615,7.2,0.0,1.0,0.0,0.0,0.0
375348156414,7.2,0.0,1.0,0.0,0.0,0.0
375399681806,7.2,0.0,1.0,0.0,0.0,0.0
375448161491,7.2,0.0,1.0,0.0,0.0,0.0
375499261346,7.2,0.0,1.0,0.0,0.0,0.0
375548247458,7.2,0.0,1.0,0.0,0.0,0.0
375598995868,7.2,0.0,1.0,0.0,0.0,0.0
375650623779,7.2,0.0,1.0,0.0,0.0,0.0
375700054262,7.2,0.0,1.0,0.0,0.0,0.0
375748737374,7.2,0.0,1.0,0.0,0.0,0.0
375798502357,7.2,0.0,1.0,0.0,0.0,0.0
375848862822,7.2,0.0,1.0,0.0,0.0,0.0
375899627787,7.2,0.0,1.0,0.0,0.0,0.0
375948250048,7.2,0.0,1.0,0.0,0.0,0.0
375998598790,7.2,0.0,1.0,0.0,0.0,0.0
376048341218,7.2,0.0,1.0,0.0,0.0,0.0
376099499202,7.2,0.0,1.0,0.0,0.0,0.0
376150693002,7.2,0.0,1.0,0.0,0.0,0.0
376198202520,7.2,0.0,1.0,0.0,0.0,0.0
376249925820,7.2,0.0,1.0,0.0,0.0,0.0
376298816839,7.2,0.0,1.0,0.0,0.0,0.0
376351583806,7.2,0.0,1.0,0.0,0.0,0.0
376400382141,7.2,0.0,1.0,0.0,0.0,0.0
376448341122,7.2,0.0,1.0,0.0,0.0,0.0
376498750143,7.2,0.0,1.0,0.0,0.0,0.0
376548330830,7.2,0.0,1.0,0.0,0.0,0.0
376599743092,7.2,0.0,1.0,0.0,0.0,0.0
376648938464,7.2,0.0,1.0,0.0,0.0,0.0
376698257188,7.2,0.0,1.0,0.0,0.0,0.0
376749630894,7.2,0.0,1.0,0.0,0.0,0.0
376798416414,7.2,0.0,1.0,0.0,0.0,0.0
376849994510,7.2,0.0,1.0,0.0,0.0,0.0
376900378012,7.2,0.0,1.0,0.0,0.0,0.0
376948225531,7.2,0.0,1.0,0.0,0.0,0.0
377001146202,7.2,0.0,1.0,0.0,0.0,0.0
377048267924,7.2,0.0,1.0,0.0,0.0,0.0
377098452852,7.2,0.0,1.0,0.0,0.0,0.0
377150422263,7.2,0.0,1.0,0.0,0.0,0.0
377198260207,7.2,0.0,1.0,0.0,0.0,0.0
377248703765,7.2,0.0,1.0,0.0,0.0,0.0
377298275489,-0.0,0.0,2.0,0.0,0.0,0.0
377348633065,-0.0,0.0,2.0,0.0,0.0,0.0
377400405754,-0.0,0.0,2.0,0.0,0.0,0.0
377448219754,-0.0,0.0,2.0,0.0,0.0,0.0
377498657664,-0.0,0.0,2.0,0.0,0.0,0.0
377548414684,-0.0,0.0,2.0,0.0,0.0,0.0
377598155612,-0.0,0.0,2.0,0.0,0.0,0.0
377650882727,-0.0,0.0,2.0,0.0,0.0,0.0
377698324912,0.0,0.0,0.0,0.0,0.0,0.0
377748108914,0.0,0.0,0.0,0.0,0.0,0.0
377798346657,0.0,0.0,0.0,0.0,0.0,0.0
377848240419,0.0,0.0,0.0,0.0,0.0,0.0
377899687070,0.0,0.0,0.0,0.0,0.0,0.0
377948797997,0.0,0.0,0.0,0.0,0.0,0.0
377999122240,0.0,0.0,0.0,0.0,0.0,0.0
378048282241,0.0,0.0,0.0,0.0,0.0,0.0
378099065577,0.0,0.0,0.0,0.0,0.0,0.0
378148302505,0.0,0.0,0.0,0.0,0.0,0.0
378198373192,0.0,0.0,0.0,0.0,0.0,0.0
378252516846,0.0,0.0,0.0,0.0,0.0,0.0
378298208474,0.0,0.0,0.0,0.0,0.0,0.0
378350277515,0.0,0.0,0.0,0.0,0.0,0.0
378401770203,0.0,0.0,0.0,0.0,0.0,0.0
378448311665,0.0,0.0,0.0,0.0,0.0,0.0
378501172021,0.0,0.0,0.0,0.0,0.0,0.0
378548226706,0.0,0.0,0.0,0.0,0.0,0.0
378598317190,0.0,0.0,0.0,0.0,0.0,0.0
378648246970,0.0,0.0,0.0,0.0,0.0,0.0
378698206898,0.0,0.0,0.0,0.0,0.0,0.0
378749907790,0.0,0.0,0.0,0.0,0.0,0.0
378798199383,0.0,0.0,0.0,0.0,0.0,0.0
378848824349,0.0,0.0,0.0,0.0,0.0,0.0
378899064147,0.0,0.0,0.0,0.0,0.0,0.0
378948335593,0.0,0.0,0.0,0.0,0.0,0.0
379002651636,0.0,0.0,0.0,0.0,0.0,0.0
379048509709,0.0,0.0,0.0,0.0,0.0,0.0
379100249490,0.0,0.0,0.0,0.0,0.0,0.0
379148941398,0.0,0.0,0.0,0.0,0.0,0.0
379198288307,0.0,0.0,0.0,0.0,0.0,0.0
379250415441,0.0,0.0,0.0,0.0,0.0,0.0
379298456960,0.0,0.0,0.0,0.0,0.0,0.0
379348433647,0.0,0.0,0.0,0.0,0.0,0.0
379398203038,0.0,0.0,0.0,0.0,0.0,0.0
379448181688,0.0,0.0,0.0,0.0,0.0,0.0
379500311155,0.0,0.0,0.0,0.0,0.0,0.0
379548348396,0.0,0.0,0.0,0.0,0.0,0.0
379599496955,0.0,0.0,0.0,0.0,0.0,0.0
379653287960,0.0,0.0,0.0,0.0,0.0,0.0
379698239569,0.0,0.0,0.0,0.0,0.0,0.0
379748322683,0.0,0.0,0.0,0.0,0.0,0.0
379798311907,0.0,0.0,0.0,0.0,0.0,0.0
379848733483,0.0,0.0,0.0,0.0,0.0,0.0
379900693117,0.0,0.0,0.0,0.0,0.0,0.0
379948332487,0.0,0.0,0.0,0.0,0.0,0.0
380001751844,0.0,0.0,0.0,0.0,0.0,0.0
380048435862,0.0,0.0,0.0,0.0,0.0,0.0
380099186624,0.0,0.0,0.0,0.0,0.0,0.0
380150741516,0.0,0.0,0.0,0.0,0.0,0.0
380198475683,0.0,0.0,0.0,0.0,0.0,0.0
380248467834,0.0,0.0,0.0,0.0,0.0,0.0
380299084355,0.0,0.0,0.0,0.0,0.0,0.0
380348522245,0.0,0.0,0.0,0.0,0.0,0.0
380400245082,0.0,0.0,0.0,0.0,0.0,0.0
380448239583,0.0,0.0,0.0,0.0,0.0,0.0
380498510104,0.0,0.0,0.0,0.0,0.0,0.0
380548344587,0.0,0.0,0.0,0.0,0.0,0.0
380600287980,0.0,0.0,0.0,0.0,0.0,0.0
380649623556,0.0,0.0,0.0,0.0,0.0,0.0
380698210742,0.0,0.0,0.0,0.0,0.0,0.0
380749775597,0.0,0.0,0.0,0.0,0.0,0.0
380798249043,0.0,0.0,0.0,0.0,0.0,0.0
380848318434,0.0,0.0,0.0,0.0,0.0,0.0
380899930233,0.0,0.0,0.0,0.0,0.0,0.0
380948239790,0.0,0.0,0.0,0.0,0.0,0.0
380998604348,0.0,0.0,0.0,0.0,0.0,0.0
381048248757,0.0,0.0,0.0,0.0,0.0,0.0
381098264352,0.0,0.0,0.0,0.0,0.0,0.0
381148529114,0.0,0.0,0.0,0.0,0.0,0.0
381198285542,0.0,0.0,0.0,0.0,0.0,0.0
381250269397,0.0,0.0,0.0,0.0,0.0,0.0
381298270009,0.0,0.0,0.0,0.0,0.0,0.0
381349786568,0.0,0.0,0.0,0.0,0.0,0.0
381401371627,0.0,0.0,0.0,0.0,0.0,0.0
381448256682,0.0,0.0,0.0,0.0,0.0,0.0
381499016926,0.0,0.0,0.0,0.0,0.0,0.0
381548311391,0.0,0.0,0.0,0.0,0.0,0.0
381599477486,0.0,0.0,0.0,0.0,0.0,0.0
381649549748,0.0,0.0,0.0,0.0,0.0,0.0
381698756268,0.0,0.0,0.0,0.0,0.0,0.0
381750420531,0.0,0.0,0.0,0.0,0.0,0.0
381799074699,0.0,0.0,0.0,0.0,0.0,0.0
381848447589,0.0,0.0,0.0,0.0,0.0,0.0
381901611353,0.0,0.0,0.0,0.0,0.0,0.0
381948201001,0.0,0.0,0.0,0.0,0.0,0.0
381999875856,0.0,0.0,0.0,0.0,0.0,0.0
382048575043,0.0,0.0,0.0,0.0,0.0,0.0
382098333878,0.0,0.0,0.0,0.0,0.0,0.0
382151119698,0.0,0.0,0.0,0.0,0.0,0.0
382198239716,0.0,0.0,0.0,0.0,0.0,0.0
382248317311,0.0,0.0,0.0,0.0,0.0,0.0
382298320961,0.0,0.0,0.0,0.0,0.0,0.0
382349757743,0.0,0.0,0.0,0.0,0.0,0.0
382398299021,0.0,0.0,0.0,0.0,0.0,0.0
382448218301,0.0,0.0,0.0,0.0,0.0,0.0
382500564787,0.0,0.0,0.0,0.0,0.0,0.0
382548323843,0.0,0.0,0.0,0.0,0.0,0.0
382599736624,0.0,0.0,0.0,0.0,0.0,0.0
382648171218,0.0,0.0,0.0,0.0,0.0,0.0
382698282887,0.0,0.0,0.0,0.0,0.0,0.0
382750880021,0.0,0.0,0.0,0.0,0.0,0.0
382798473873,0.0,0.0,0.0,0.0,0.0,0.0
382851122007,0.0,0.0,0.0,0.0,0.0,0.0
382900563694,0.0,0.0,0.0,0.0,0.0,0.0
382948240491,0.0,0.0,0.0,0.0,0.0,0.0
383000717514,0.0,0.0,0.0,0.0,0.0,0.0
383048529663,0.0,0.0,0.0,0.0,0.0,0.0
383100192981,0.0,0.0,0.0,0.0,0.0,0.0
383148269408,0.0,0.0,0.0,0.0,0.0,0.0
383198244021,0.0,0.0,0.0,0.0,0.0,0.0
383253463454,0.0,0.0,0.0,0.0,0.0,0.0
383299204675,0.0,0.0,0.0,0.0,0.0,0.0
383349267862,0.0,0.0,0.0,0.0,0.0,0.0
383400857347,0.0,0.0,0.0,0.0,0.0,0.0
383448254459,0.0,0.0,0.0,0.0,0.0,0.0
383499304073,0.0,0.0,0.0,0.0,0.0,0.0
383548528149,0.0,0.0,0.0,0.0,0.0,0.0
383598715485,0.0,0.0,0.0,0.0,0.0,0.0
383650006321,0.0,0.0,0.0,0.0,0.0,0.0
383698255674,0.0,0.0,0.0,0.0,0.0,0.0
383751731179,0.0,0.0,0.0,0.0,0.0,0.0
383798503975,0.0,0.0,0.0,0.0,0.0,0.0
383848377978,0.0,0.0,0.0,0.0,0.0,0.0
383898149758,0.0,0.0,0.0,0.0,0.0,0.0
383948319038,0.0,0.0,0.0,0.0,0.0,0.0
384001757191,0.0,0.0,0.0,0.0,0.0,0.0
384048692117,0.0,0.0,0.0,0.0,0.0,0.0
384100479287,0.0,0.0,0.0,0.0,0.0,0.0
384148213973,0.0,0.0,0.0,0.0,0.0,0.0
384198266883,0.0,0.0,0.0,0.0,0.0,0.0
384249869405,0.0,0.0,0.0,0.0,0.0,0.0
384298294314,0.0,0.0,0.0,0.0,0.0,0.0
384348273464,0.0,0.0,0.0,0.0,0.0,0.0
384398261337,0.0,0.0,0.0,0.0,0.0,0.0
384448298228,0.0,0.0,0.0,0.0,0.0,0.0
384500484658,0.0,0.0,0.0,0.0,0.0,0.0
384548174900,0.0,0.0,0.0,0.0,0.0,0.0
384600735700,0.0,0.0,0.0,0.0,0.0,0.0
384648228904,0.0,0.0,0.0,0.0,0.0,0.0
384698854667,0.0,0.0,0.0,0.0,0.0,0.0
384750222226,0.0,0.0,0.0,0.0,0.0,0.0
384798240060,0.0,0.0,0.0,0.0,0.0,0.0
384848366840,0.0,0.0,0.0,0.0,0.0,0.0
384898226231,0.0,0.0,0.0,0.0,0.0,0.0
384949723828,0.0,0.0,0.0,0.0,0.0,0.0
384998316403,0.0,0.0,0.0,0.0,0.0,0.0
385048187924,0.0,0.0,0.0,0.0,0.0,0.0
385100797725,0.0,0.0,0.0,0.0,0.0,0.0
385148730336,0.0,0.0,0.0,0.0,0.0,0.0
385198481542,0.0,0.0,0.0,0.0,0.0,0.0
385250034361,0.0,0.0,0.0,0.0,0.0,0.0
385298107621,0.0,0.0,0.0,0.0,0.0,0.0
385348280494,0.0,0.0,0.0,0.0,0.0,0.0
385398081959,0.0,0.0,0.0,0.0,0.0,0.0
385448851036,0.0,0.0,0.0,0.0,0.0,0.0
385500744059,0.0,0.0,0.0,0.0,0.0,0.0
385548154411,0.0,0.0,0.0,0.0,0.0,0.0
385599605303,0.0,0.0,0.0,0.0,0.0,0.0
385648579490,0.0,0.0,0.0,0.0,0.0,0.0
385699138845,0.0,0.0,0.0,0.0,0.0,0.0
385748184810,0.0,0.0,0.0,0.0,0.0,0.0
385798189831,0.0,0.0,0.0,0.0,0.0,0.0
385850921058,0.0,0.0,0.0,0.0,0.0,0.0
385898221225,0.0,0.0,0.0,0.0,0.0,0.0
385951505952,0.0,0.0,0.0,0.0,0.0,0.0
385998300970,0.0,0.0,0.0,0.0,0.0,0.0
386048232695,0.0,0.0,0.0,0.0,0.0,0.0
386103854832,0.0,0.0,0.0,0.0,0.0,0.0
386148235441,0.0,0.0,0.0,0.0,0.0,0.0
386199124777,0.0,0.0,0.0,0.0,0.0,0.0
386248195909,0.0,0.0,0.0,0.0,0.0,0.0
386298180800,0.0,0.0,0.0,0.0,0.0,0.0
386350880749,0.0,0.0,0.0,0.0,0.0,0.0
386398400083,0.0,0.0,0.0,0.0,0.0,0.0
386449077549,0.0,0.0,0.0,0.0,0.0,0.0
386498276403,0.0,0.0,0.0,0.0,0.0,0.0
386548461831,0.0,0.0,0.0,0.0,0.0,0.0
386600768187,0.0,0.0,0.0,0.0,0.0,0.0
386648248281,0.0,0.0,0.0,0.0,0.0,0.0
386698578080,0.0,0.0,0.0,0.0,0.0,0.0
386748281804,0.0,0.0,0.0,0.0,0.0,0.0
386798785103,0.0,0.0,0.0,0.0,0.0,0.0
386850037348,0.0,0.0,0.0,0.0,0.0,0.0
386898267571,0.0,0.0,0.0,0.0,0.0,0.0
386949150296,0.0,0.0,0.0,0.0,0.0,0.0
386998223391,0.0,0.0,0.0,0.0,0.0,0.0
387048382690,0.0,0.0,0.0,0.0,0.0,0.0
387099729453,0.0,0.0,0.0,0.0,0.0,0.0
387148953344,0.0,0.0,0.0,0.0,0.0,0.0
387198487327,0.0,0.0,0.0,0.0,0.0,0.0
387248238385,0.0,0.0,0.0,0.0,0.0,0.0
387298238573,0.0,0.0,0.0,0.0,0.0,0.0
387349889910,0.0,0.0,0.0,0.0,0.0,0.0
387398385263,0.0,0.0,0.0,0.0,0.0,0.0
387448554173,0.0,0.0,0.0,0.0,0.0,0.0
387498339713,0.0,0.0,0.0,0.0,0.0,0.0
387550868532,0.0,0.0,0.0,0.0,0.0,0.0
387600422256,0.0,0.0,0.0,0.0,0.0,0.0
387648231813,0.0,0.0,0.0,0.0,0.0,0.0
387702170207,0.0,0.0,0.0,0.0,0.0,0.0
387748345874,0.0,0.0,0.0,0.0,0.0,0.0
387799959507,0.0,0.0,0.0,0.0,0.0,0.0
387850508714,0.0,0.0,0.0,0.0,0.0,0.0
387898227289,0.0,0.0,0.0,0.0,0.0,0.0
387948951199,0.0,0.0,0.0,0.0,0.0,0.0
387998413090,0.0,0.0,0.0,0.0,0.0,0.0
388050101298,0.0,0.0,0.0,0.0,0.0,0.0
388098921022,0.0,0.0,0.0,0.0,0.0,0.0
388148337506,0.0,0.0,0.0,0.0,0.0,0.0
388203417753,0.0,0.0,0.0,0.0,0.0,0.0
388248291251,0.0,0.0,0.0,0.0,0.0,0.0
388298193532,0.0,0.0,0.0,0.0,0.0,0.0
388354051854,0.0,0.0,0.0,0.0,0.0,0.0
388398243611,0.0,0.0,0.0,0.0,0.0,0.0
388449259596,0.0,0.0,0.0,0.0,0.0,0.0
388498245264,0.0,0.0,0.0,0.0,0.0,0.0
388550162602,0.0,0.0,0.0,0.0,0.0,0.0
388598882955,0.0,0.0,0.0,0.0,0.0,0.0
388648223180,0.0,0.0,0.0,0.0,0.0,0.0
388698311164,0.0,0.0,0.0,0.0,0.0,0.0
388748307426,0.0,0.0,0.0,0.0,0.0,0.0
388798383447,0.0,0.0,0.0,0.0,0.0,0.0
388850791063,0.0,0.0,0.0,0.0,0.0,0.0
388898237748,0.0,0.0,0.0,0.0,0.0,0.0
388949780067,0.0,0.0,0.0,0.0,0.0,0.0
388998260180,0.0,0.0,0.0,0.0,0.0,0.0
389048941294,0.0,0.0,0.0,0.0,0.0,0.0
389100720594,0.0,0.0,0.0,0.0,0.0,0.0
389148253188,0.0,0.0,0.0,0.0,0.0,0.0
389199626599,0.0,0.0,0.0,0.0,0.0,0.0
389248233211,0.0,0.0,0.0,0.0,0.0,0.0
389298369085,0.0,0.0,0.0,0.0,0.0,0.0
389350010885,0.0,0.0,0.0,0.0,0.0,0.0
389398516423,0.0,0.0,0.0,0.0,0.0,0.0
389449854223,0.0,0.0,0.0,0.0,0.0,0.0
389501681542,0.0,0.0,0.0,0.0,0.0,0.0
389548229764,0.0,0.0,0.0,0.0,0.0,0.0
389598559230,0.0,0.0,0.0,0.0,0.0,0.0
389648297881,0.0,0.0,0.0,0.0,0.0,0.0
389698344680,0.0,0.0,0.0,0.0,0.0,0.0
389749935239,0.0,0.0,0.0,0.0,0.0,0.0
389798852464,0.0,0.0,0.0,0.0,0.0,0.0
389848522503,0.0,0.0,0.0,0.0,0.0,0.0
389898733487,0.0,0.0,0.0,0.0,0.0,0.0
389948256304,0.0,0.0,0.0,0.0,0.0,0.0
389999803660,0.0,0.0,0.0,0.0,0.0,0.0
390048410403,0.0,0.0,0.0,0.0,0.0,0.0
390098501665,0.0,0.0,0.0,0.0,0.0,0.0
390148219297,0.0,0.0,0.0,0.0,0.0,0.0
390198150614,0.0,0.0,0.0,0.0,0.0,0.0
390250838823,0.0,0.0,0.0,0.0,0.0,0.0
390298193157,0.0,0.0,0.0,0.0,0.0,0.0
390348468641,0.0,0.0,0.0,0.0,0.0,0.0
390398267292,0.0,0.0,0.0,0.0,0.0,0.0
390448337739,0.0,0.0,0.0,0.0,0.0,0.0
390505842007,0.0,0.0,0.0,0.0,0.0,0.0
390549115856,0.0,0.0,0.0,0.0,0.0,0.0
390600878786,0.0,0.0,0.0,0.0,0.0,0.0
390648267694,0.0,0.0,0.0,0.0,0.0,0.0
390698452308,0.0,0.0,0.0,0.0,0.0,0.0
390748692774,0.0,0.0,0.0,0.0,0.0,0.0
390800620353,0.0,0.0,0.0,0.0,0.0,0.0
390850478966,0.0,0.0,0.0,0.0,0.0,0.0
390898241171,0.0,0.0,0.0,0.0,0.0,0.0
390950166990,0.0,0.0,0.0,0.0,0.0,0.0
390998304399,0.0,0.0,0.0,0.0,0.0,0.0
391048370605,0.0,0.0,0.0,0.0,0.0,0.0
391098259108,0.0,0.0,0.0,0.0,0.0,0.0
391150814187,0.0,0.0,0.0,0.0,0.0,0.0
391198228484,0.0,0.0,0.0,0.0,0.0,0.0
391248435394,0.0,0.0,0.0,0.0,0.0,0.0
391300468584,0.0,0.0,0.0,0.0,0.0,0.0
391348495659,0.0,0.0,0.0,0.0,0.0,0.0
391399161848,0.0,0.0,0.0,0.0,0.0,0.0
391448866017,0.0,0.0,0.0,0.0,0.0,0.0
391500344317,0.0,0.0,0.0,0.0,0.0,0.0
391552450358,0.0,0.0,0.0,0.0,0.0,0.0
391598751340,0.0,0.0,0.0,0.0,0.0,0.0
391648267305,0.0,0.0,0.0,0.0,0.0,0.0
391698774790,0.0,0.0,0.0,0.0,0.0,0.0
391748496478,0.0,0.0,0.0,0.0,0.0,0.0
391800423093,0.0,0.0,0.0,0.0,0.0,0.0
391848210613,0.0,0.0,0.0,0.0,0.0,0.0
391898864079,0.0,0.0,0.0,0.0,0.0,0.0
391948512470,0.0,0.0,0.0,0.0,0.0,0.0
391999175048,0.0,0.0,0.0,0.0,0.0,0.0
392051054034,0.0,0.0,0.0,0.0,0.0,0.0
392098262682,0.0,0.0,0.0,0.0,0.0,0.0
392152745615,0.0,0.0,0.0,0.0,0.0,0.0
392199578041,0.0,0.0,0.0,0.0,0.0,0.0
392249768766,0.0,0.0,0.0,0.0,0.0,0.0
392300358343,0.0,0.0,0.0,0.0,0.0,0.0
392348080289,0.0,0.0,0.0,0.0,0.0,0.0
392399139330,0.0,0.0,0.0,0.0,0.0,0.0
392448139165,0.0,0.0,0.0,0.0,0.0,0.0
392499458206,0.0,0.0,0.0,0.0,0.0,0.0
392548963930,0.0,0.0,0.0,0.0,0.0,0.0
392598443470,0.0,0.0,0.0,0.0,0.0,0.0
392649395899,0.0,0.0,0.0,0.0,0.0,0.0
392698971680,0.0,0.0,0.0,0.0,0.0,0.0
392749849165,0.0,0.0,0.0,0.0,0.0,0.0
392801695873,0.0,0.0,0.0,0.0,0.0,0.0
392848509132,0.0,0.0,0.0,0.0,0.0,0.0
392898496950,0.0,0.0,0.0,0.0,0.0,0.0
392948778583,0.0,0.0,0.0,0.0,0.0,0.0
392998467123,0.0,0.0,0.0,0.0,0.0,0.0
393052537240,0.0,0.0,0.0,0.0,0.0,0.0
393098254091,0.0,0.0,0.0,0.0,0.0,0.0
393148268983,0.0,0.0,0.0,0.0,0.0,0.0
393198259393,0.0,0.0,0.0,0.0,0.0,0.0
393248285211,0.0,0.0,0.0,0.0,0.0,0.0
393298963844,0.0,0.0,0.0,0.0,0.0,0.0
393348289772,0.0,0.0,0.0,0.0,0.0,0.0
393400061054,0.0,0.0,0.0,0.0,0.0,0.0
393448508593,0.0,0.0,0.0,0.0,0.0,0.0
393498256725,0.0,0.0,0.0,0.0,0.0,0.0
393550745841,0.0,0.0,0.0,0.0,0.0,0.0
393598667435,0.0,0.0,0.0,0.0,0.0,0.0
393649819309,0.0,0.0,0.0,0.0,0.0,0.0
393700811850,0.0,0.0,0.0,0.0,0.0,0.0
393748795481,0.0,0.0,0.0,0.0,0.0,0.0
393800321837,0.0,0.0,0.0,0.0,0.0,0.0
393849340358,0.0,0.0,0.0,0.0,0.0,0.0
393900556750,0.0,0.0,0.0,0.0,0.0,0.0
393949224456,0.0,0.0,0.0,0.0,0.0,0.0
393998256569,0.0,0.0,0.0,0.0,0.0,0.0
394049909592,0.0,0.0,0.0,0.0,0.0,0.0
394098224131,0.0,0.0,0.0,0.0,0.0,0.0
394149020023,0.0,0.0,0.0,0.0,0.0,0.0
394198238710,0.0,0.0,0.0,0.0,0.0,0.0
394248265213,0.0,0.0,0.0,0.0,0.0,0.0
394299423384,0.0,0.0,0.0,0.0,0.0,0.0
394348253201,0.0,0.0,0.0,0.0,0.0,0.0
394398373815,0.0,0.0,0.0,0.0,0.0,0.0
394448401781,0.0,0.0,0.0,0.0,0.0,0.0
394498415617,0.0,0.0,0.0,0.0,0.0,0.0
394548507953,0.0,0.0,0.0,0.0,0.0,0.0
394598635679,0.0,0.0,0.0,0.0,0.0,0.0
394650230720,0.0,0.0,0.0,0.0,0.0,0.0
394701829743,0.0,0.0,0.0,0.0,0.0,0.0
394748311502,0.0,0.0,0.0,0.0,0.0,0.0
394798706691,0.0,0.0,0.0,0.0,0.0,0.0
394848788249,0.0,0.0,0.0,0.0,0.0,0.0
394898272085,0.0,0.0,0.0,0.0,0.0,0.0
394952573369,0.0,0.0,0.0,0.0,0.0,0.0
394998310054,0.0,0.0,0.0,0.0,0.0,0.0
395048384539,0.0,0.0,0.0,0.0,0.0,0.0
395098269819,0.0,0.0,0.0,0.0,0.0,0.0
395148783563,0.0,0.0,0.0,0.0,0.0,0.0
395200904846,0.0,0.0,0.0,0.0,0.0,0.0
395248291550,0.0,0.0,0.0,0.0,0.0,0.0
395300351981,0.0,0.0,0.0,0.0,0.0,0.0
395348161334,0.0,0.0,0.0,0.0,0.0,0.0
395398306078,0.0,0.0,0.0,0.0,0.0,0.0
395451181250,0.0,0.0,0.0,0.0,0.0,0.0
395498423862,0.0,0.0,0.0,0.0,0.0,0.0
395549897218,0.0,0.0,0.0,0.0,0.0,0.0
395598988553,0.0,0.0,0.0,0.0,0.0,0.0
395648848519,0.0,0.0,0.0,0.0,0.0,0.0
395700805691,0.0,0.0,0.0,0.0,0.0,0.0
395748576192,0.0,0.0,0.0,0.0,0.0,0.0
395798663399,0.0,0.0,0.0,0.0,0.0,0.0
395848198772,0.0,0.0,0.0,0.0,0.0,0.0
395898730905,0.0,0.0,0.0,0.0,0.0,0.0
395949483686,0.0,0.0,0.0,0.0,0.0,0.0
395998536577,0.0,0.0,0.0,0.0,0.0,0.0
396049844637,0.0,0.0,0.0,0.0,0.0,0.0
396101165974,0.0,0.0,0.0,0.0,0.0,0.0
396148291679,0.0,0.0,0.0,0.0,0.0,0.0
396199033979,0.0,0.0,0.0,0.0,0.0,0.0
396248378389,0.0,0.0,0.0,0.0,0.0,0.0
396299996856,0.0,0.0,0.0,0.0,0.0,0.0
396350991860,0.0,0.0,0.0,0.0,0.0,0.0
396398288805,0.0,0.0,0.0,0.0,0.0,0.0
396449516902,0.0,0.0,0.0,0.0,0.0,0.0
396498236163,0.0,0.0,0.0,0.0,0.0,0.0
396550715242,0.0,0.0,0.0,0.0,0.0,0.0
396601014116,0.0,0.0,0.0,0.0,0.0,0.0
396648284394,0.0,0.0,0.0,0.0,0.0,0.0
396698944713,0.0,0.0,0.0,0.0,0.0,0.0
396748290382,0.0,0.0,0.0,0.0,0.0,0.0
396800112220,0.0,0.0,0.0,0.0,0.0,0.0
396850535390,0.0,0.0,0.0,0.0,0.0,0.0
396898269836,0.0,0.0,0.0,0.0,0.0,0.0
396948300506,0.0,0.0,0.0,0.0,0.0,0.0
396998286305,0.0,0.0,0.0,0.0,0.0,0.0
397048318604,0.0,0.0,0.0,0.0,0.0,0.0
397100635591,0.0,0.0,0.0,0.0,0.0,0.0
397148313722,0.0,0.0,0.0,0.0,0.0,0.0
397198691169,0.0,0.0,0.0,0.0,0.0,0.0
397248255006,0.0,0.0,0.0,0.0,0.0,0.0
397299108398,0.0,0.0,0.0,0.0,0.0,0.0
397350222736,0.0,0.0,0.0,0.0,0.0,0.0
397398236033,0.0,0.0,0.0,0.0,0.0,0.0
397449506871,0.0,0.0,0.0,0.0,0.0,0.0
397498272465,0.0,0.0,0.0,0.0,0.0,0.0
397548940451,0.0,0.0,0.0,0.0,0.0,0.0
397600704955,0.0,0.0,0.0,0.0,0.0,0.0
397648408956,0.0,0.0,0.0,0.0,0.0,0.0
397699841850,0.0,0.0,0.0,0.0,0.0,0.0
397748284555,0.0,0.0,0.0,0.0,0.0,0.0
397798149984,0.0,0.0,0.0,0.0,0.0,0.0
397850748971,0.0,0.0,0.0,0.0,0.0,0.0
397898297305,0.0,0.0,0.0,0.0,0.0,0.0
397948990216,0.0,0.0,0.0,0.0,0.0,0.0
397998260830,0.0,0.0,0.0,0.0,0.0,0.0
398048396833,0.0,0.0,0.0,0.0,0.0,0.0
398100518023,0.0,0.0,0.0,0.0,0.0,0.0
398148223710,0.0,0.0,0.0,0.0,0.0,0.0
398200368993,0.0,0.0,0.0,0.0,0.0,0.0
398248362605,0.0,0.0,0.0,0.0,0.0,0.0
398300191517,0.0,0.0,0.0,0.0,0.0,0.0
398348562575,0.0,0.0,0.0,0.0,0.0,0.0
398398257152,0.0,0.0,0.0,0.0,0.0,0.0
398449921045,0.0,0.0,0.0,0.0,0.0,0.0
398498639288,0.0,0.0,0.0,0.0,0.0,0.0
398548907569,0.0,0.0,0.0,0.0,0.0,0.0
398600671499,0.0,0.0,0.0,0.0,0.0,0.0
398648109260,0.0,0.0,0.0,0.0,0.0,0.0
398698357893,0.0,0.0,0.0,0.0,0.0,0.0
398748238229,0.0,0.0,0.0,0.0,0.0,0.0
398800188049,0.0,0.0,0.0,0.0,0.0,0.0
398851730164,0.0,0.0,0.0,0.0,0.0,0.0
398898222813,0.0,0.0,0.0,0.0,0.0,0.0
398949612873,0.0,0.0,0.0,0.0,0.0,0.0
398998614653,0.0,0.0,0.0,0.0,0.0,0.0
399048573693,0.0,0.0,0.0,0.0,0.0,0.0
399104166256,0.0,0.0,0.0,0.0,0.0,0.0
399148426959,0.0,0.0,0.0,0.0,0.0,0.0
399199071740,0.0,0.0,0.0,0.0,0.0,0.0
399248259169,0.0,0.0,0.0,0.0,0.0,0.0
399298327098,0.0,0.0,0.0,0.0,0.0,0.0
399350208843,0.0,0.0,0.0,0.0,0.0,0.0
399398300919,0.0,0.0,0.0,0.0,0.0,0.0
399448607904,0.0,0.0,0.0,0.0,0.0,0.0
399498309018,0.0,0.0,0.0,0.0,0.0,0.0
399548222540,0.0,0.0,0.0,0.0,0.0,0.0
399599663803,0.0,0.0,0.0,0.0,0.0,0.0
399648233824,0.0,0.0,0.0,0.0,0.0,0.0
399698387568,0.0,0.0,0.0,0.0,0.0,0.0
399748201664,0.0,0.0,0.0,0.0,0.0,0.0
399798493241,0.0,0.0,0.0,0.0,0.0,0.0
399851564043,0.0,0.0,0.0,0.0,0.0,0.0
399898252711,0.0,0.0,0.0,0.0,0.0,0.0
399949931141,0.0,0.0,0.0,0.0,0.0,0.0
399998265143,0.0,0.0,0.0,0.0,0.0,0.0
400048305480,0.0,0.0,0.0,0.0,0.0,0.0
400099273076,0.0,0.0,0.0,0.0,0.0,0.0
400148731987,0.0,0.0,0.0,0.0,0.0,0.0
400199337564,0.0,0.0,0.0,0.0,0.0,0.0
400248277437,0.0,0.0,0.0,0.0,0.0,0.0
400298280514,0.0,0.0,0.0,0.0,0.0,0.0
400351577576,0.0,0.0,0.0,0.0,0.0,0.0
400399824819,0.0,0.0,0.0,0.0,0.0,0.0
400449853970,0.0,0.0,0.0,0.0,0.0,0.0
400498730306,0.0,0.0,0.0,0.0,0.0,0.0
400548281772,0.0,0.0,0.0,0.0,0.0,0.0
400600802092,0.0,0.0,0.0,0.0,0.0,0.0
400648390315,0.0,0.0,0.0,0.0,0.0,0.0
400699400856,0.0,0.0,0.0,0.0,0.0,0.0
400748276025,0.0,0.0,0.0,0.0,0.0,0.0
400798379733,0.0,0.0,0.0,0.0,0.0,0.0
400851058571,0.0,0.0,0.0,0.0,0.0,0.0
400898287739,0.0,0.0,0.0,0.0,0.0,0.0
400948244150,0.0,0.0,0.0,0.0,0.0,0.0
400999654895,0.0,0.0,0.0,0.0,0.0,0.0
401048744898,0.0,0.0,0.0,0.0,0.0,0.0
401100259013,0.0,0.0,0.0,0.0,0.0,0.0
401148332385,0.0,0.0,0.0,0.0,0.0,0.0
401200123686,0.0,0.0,0.0,0.0,0.0,0.0
401251188950,0.0,0.0,0.0,0.0,0.0,0.0
401298665229,0.0,0.0,0.0,0.0,0.0,0.0
401348367676,0.0,0.0,0.0,0.0,0.0,0.0
401398343402,0.0,0.0,0.0,0.0,0.0,0.0
401448485776,0.0,0.0,0.0,0.0,0.0,0.0
401500693540,0.0,0.0,0.0,0.0,0.0,0.0
401548215801,0.0,0.0,0.0,0.0,0.0,0.0
401601255788,0.0,0.0,0.0,0.0,0.0,0.0
401648560845,0.0,0.0,0.0,0.0,0.0,0.0
401698232662,0.0,0.0,0.0,0.0,0.0,0.0
401751795872,0.0,0.0,0.0,0.0,0.0,0.0
401798275688,0.0,0.0,0.0,0.0,0.0,0.0
401850198156,0.0,0.0,0.0,0.0,0.0,0.0
401898308046,0.0,0.0,0.0,0.0,0.0,0.0
401950033977,0.0,0.0,0.0,0.0,0.0,0.0
402001035592,0.0,0.0,0.0,0.0,0.0,0.0
402048214890,0.0,0.0,0.0,0.0,0.0,0.0
402099275820,0.0,0.0,0.0,0.0,0.0,0.0
402148426063,0.0,0.0,0.0,0.0,0.0,0.0
402200852976,0.0,0.0,0.0,0.0,0.0,0.0
402249986238,0.0,0.0,0.0,0.0,0.0,0.0
402298163314,0.0,0.0,0.0,0.0,0.0,0.0
402351338079,0.0,0.0,0.0,0.0,0.0,0.0
402398856080,0.0,0.0,0.0,0.0,0.0,0.0
402449673455,0.0,0.0,0.0,0.0,0.0,0.0
402498720143,0.0,0.0,0.0,0.0,0.0,0.0
402548354497,0.0,0.0,0.0,0.0,0.0,0.0
402601099818,0.0,0.0,0.0,0.0,0.0,0.0
402648670430,0.0,0.0,0.0,0.0,0.0,0.0
402698558712,0.0,0.0,0.0,0.0,0.0,0.0
402748225585,0.0,0.0,0.0,0.0,0.0,0.0
402798227274,0.0,0.0,0.0,0.0,0.0,0.0
402850035964,0.0,0.0,0.0,0.0,0.0,0.0
402898296503,0.0,0.0,0.0,0.0,0.0,0.0
402949488637,0.0,0.0,0.0,0.0,0.0,0.0
402999353159,0.0,0.0,0.0,0.0,0.0,0.0
403048632328,0.0,0.0,0.0,0.0,0.0,0.0
403102059001,0.0,0.0,0.0,0.0,0.0,0.0
403148247390,0.0,0.0,0.0,0.0,0.0,0.0
403199884654,0.0,0.0,0.0,0.0,0.0,0.0
403248220841,0.0,0.0,0.0,0.0,0.0,0.0
403298288641,0.0,0.0,0.0,0.0,0.0,0.0
403348297774,0.0,0.0,0.0,0.0,0.0,0.0
403398350518,0.0,0.0,0.0,0.0,0.0,0.0
403450926968,0.0,0.0,0.0,0.0,0.0,0.0
403498318544,-0.0,0.0,2.0,0.0,0.0,0.0
403548184751,-0.0,0.0,2.0,0.0,0.0,0.0
403601508812,-0.0,0.0,2.0,0.0,0.0,0.0
403648441554,-0.0,0.0,2.0,0.0,0.0,0.0
403699086317,-0.0,0.0,2.0,0.0,0.0,0.0
403748676932,-0.0,0.0,2.0,0.0,0.0,0.0
403798251176,-0.0,0.0,2.0,0.0,0.0,0.0
403848332290,-0.0,0.0,2.0,0.0,0.0,0.0
403898302016,-0.0,0.0,2.0,0.0,0.0,0.0
403948512557,-0.0,0.0,2.0,0.0,0.0,0.0
404002085989,-0.0,0.0,2.0,0.0,0.0,0.0
404048220471,-0.0,0.0,2.0,0.0,0.0,0.0
404098509641,-0.0,0.0,2.0,0.0,0.0,0.0
404148187904,-0.0,0.0,2.0,0.0,0.0,0.0
404199742297,-0.0,0.0,2.0,0.0,0.0,0.0
404251806376,-0.0,0.0,2.0,0.0,0.0,0.0
404298127692,-0.0,0.0,2.0,0.0,0.0,0.0
404348748918,-0.0,0.0,2.0,0.0,0.0,0.0
404398064773,-0.0,0.0,2.0,0.0,0.0,0.0
404448095924,-0.0,0.0,2.0,0.0,0.0,0.0
404500561708,-0.0,0.0,2.0,0.0,0.0,0.0
404548134894,-0.0,0.0,2.0,0.0,0.0,0.0
404598386435,-0.0,0.0,2.0,0.0,0.0,0.0
404648076901,-0.0,0.0,2.0,0.0,0.0,0.0
404698572850,-0.0,0.0,2.0,0.0,0.0,0.0
404752029393,-0.0,0.0,2.0,0.0,0.0,0.0
404798236190,-0.0,0.0,2.0,0.0,0.0,0.0
404848211138,-0.0,0.0,2.0,0.0,0.0,0.0
404898851105,-0.0,0.0,2.0,0.0,0.0,0.0
404948532867,-0.0,0.0,2.0,0.0,0.0,0.0
404999650297,-0.0,0.0,2.0,0.0,0.0,0.0
405048271300,-0.0,0.0,2.0,0.0,0.0,0.0
405098548081,-0.0,0.0,2.0,0.0,0.0,0.0
405148307659,-0.0,0.0,2.0,0.0,0.0,0.0
405198843755,-0.0,0.0,2.0,0.0,0.0,0.0
405249620519,-0.0,0.0,2.0,0.0,0.0,0.0
405298310336,-0.0,0.0,2.0,0.0,0.0,0.0
405348306784,-0.0,0.0,2.0,0.0,0.0,0.0
405398236528,-0.0,0.0,2.0,0.0,0.0,0.0
405448341643,-0.0,0.0,2.0,0.0,0.0,0.0
405503388336,-0.0,0.0,2.0,0.0,0.0,0.0
405548276520,-0.0,0.0,2.0,0.0,0.0,0.0
405598607098,-0.0,0.0,2.0,0.0,0.0,0.0
405648345583,-0.0,0.0,2.0,0.0,0.0,0.0
405698264772,-0.0,0.0,2.0,0.0,0.0,0.0
405751271259,-0.0,0.0,2.0,0.0,0.0,0.0
405798335557,-0.0,0.0,2.0,0.0,0.0,0.0
405849252283,-0.0,0.0,2.0,0.0,0.0,0.0
405898300101,-0.0,0.0,2.0,0.0,0.0,0.0
405948698901,-0.0,0.0,2.0,0.0,0.0,0.0
406000419628,-0.0,0.0,2.0,0.0,0.0,0.0
406048224445,-0.0,0.0,2.0,0.0,0.0,0.0
406110919125,-0.0,0.0,2.0,0.0,0.0,0.0
406148266934,-0.0,0.0,2.0,0.0,0.0,0.0
406198627271,-0.0,0.0,2.0,0.0,0.0,0.0
406250961461,-0.0,0.0,2.0,0.0,0.0,0.0
406298339389,-0.0,0.0,2.0,0.0,0.0,0.0
406348609448,-0.0,0.0,2.0,0.0,0.0,0.0
406398312766,-0.0,0.0,2.0,0.0,0.0,0.0
406448355788,-0.0,0.0,2.0,0.0,0.0,0.0
406500241145,-0.0,0.0,2.0,0.0,0.0,0.0
406548235388,-0.0,0.0,2.0,0.0,0.0,0.0
406600469134,-0.0,0.0,2.0,0.0,0.0,0.0
406648222803,-0.0,0.0,2.0,0.0,0.0,0.0
406698360973,-0.0,0.0,2.0,0.0,0.0,0.0
406749250033,-0.0,0.0,2.0,0.0,0.0,0.0
406798231832,-0.0,0.0,2.0,0.0,0.0,0.0
406850908060,-0.0,0.0,2.0,0.0,0.0,0.0
406898233488,-0.0,0.0,2.0,0.0,0.0,0.0
406948233343,-0.0,0.0,2.0,0.0,0.0,0.0
406999031773,-0.0,0.0,2.0,0.0,0.0,0.0
407048280017,-0.0,0.0,2.0,0.0,0.0,0.0
407098947003,-0.0,0.0,2.0,0.0,0.0,0.0
407148352469,-0.0,0.0,2.0,0.0,0.0,0.0
407198294676,-0.0,0.0,2.0,0.0,0.0,0.0
407249203255,-0.0,0.0,2.0,0.0,0.0,0.0
407298231961,-0.0,0.0,2.0,0.0,0.0,0.0
407349520688,-0.0,0.0,2.0,0.0,0.0,0.0
407398189450,-0.0,0.0,2.0,0.0,0.0,0.0
407448220083,-0.0,0.0,2.0,0.0,0.0,0.0
407501577701,-0.0,0.0,2.0,0.0,0.0,0.0
407548325498,-0.0,0.0,2.0,0.0,0.0,0.0
407601036967,-0.0,0.0,2.0,0.0,0.0,0.0
407651058174,-0.0,0.0,2.0,0.0,0.0,0.0
407698230287,-0.0,0.0,2.0,0.0,0.0,0.0
407748532994,-0.0,0.0,2.0,0.0,0.0,0.0
407798929017,-0.0,0.0,2.0,0.0,0.0,0.0
407848229057,-0.0,0.0,2.0,0.0,0.0,0.0
407900802155,-0.0,0.0,2.0,0.0,0.0,0.0
407948194435,-0.0,0.0,2.0,0.0,0.0,0.0
407999315402,-0.0,0.0,2.0,0.0,0.0,0.0
408048832294,-0.0,0.0,2.0,0.0,0.0,0.0
408098475872,-0.0,0.0,2.0,0.0,0.0,0.0
408151439174,-0.0,0.0,2.0,0.0,0.0,0.0
408198606435,-0.0,0.0,2.0,0.0,0.0,0.0
408249831477,-0.0,0.0,2.0,0.0,0.0,0.0
408301574537,-0.0,0.0,2.0,0.0,0.0,0.0
408348247853,-0.0,0.0,2.0,0.0,0.0,0.0
408398389894,-0.0,0.0,2.0,0.0,0.0,0.0
408448275101,-0.0,0.0,2.0,0.0,0.0,0.0
408498838661,-0.0,0.0,2.0,0.0,0.0,0.0
408549898702,-0.0,0.0,2.0,0.0,0.0,0.0
408598235742,-0.0,0.0,2.0,0.0,0.0,0.0
408649761691,-0.0,0.0,2.0,0.0,0.0,0.0
408698361990,-0.0,0.0,2.0,0.0,0.0,0.0
408749658773,-0.0,0.0,2.0,0.0,0.0,0.0
408799624980,-0.0,0.0,2.0,0.0,0.0,0.0
408848266335,-0.0,0.0,2.0,0.0,0.0,0.0
408899289654,-0.0,0.0,2.0,0.0,0.0,0.0
408948259990,-0.0,0.0,2.0,0.0,0.0,0.0
408998265327,-0.0,0.0,2.0,0.0,0.0,0.0
409050686703,-0.0,0.0,2.0,0.0,0.0,0.0
409098380372,-0.0,0.0,2.0,0.0,0.0,0.0
409148393783,-0.0,0.0,2.0,0.0,0.0,0.0
409198682028,-0.0,0.0,2.0,0.0,0.0,0.0
409248946198,-0.0,0.0,2.0,0.0,0.0,0.0
409302029668,-0.0,0.0,2.0,0.0,0.0,0.0
409348169631,-0.0,0.0,2.0,0.0,0.0,0.0
409400726544,-0.0,0.0,2.0,0.0,0.0,0.0
409448279435,-0.0,0.0,2.0,0.0,0.0,0.0
409499528273,-0.0,0.0,2.0,0.0,0.0,0.0
409548859498,-0.0,0.0,2.0,0.0,0.0,0.0
409598323613,-0.0,0.0,2.0,0.0,0.0,0.0
409649039525,-0.0,0.0,2.0,0.0,0.0,0.0
409698650899,-0.0,0.0,2.0,0.0,0.0,0.0
409749554810,-0.0,0.0,2.0,0.0,0.0,0.0
409798350665,-0.0,0.0,2.0,0.0,0.0,0.0
409848222798,-0.0,0.0,2.0,0.0,0.0,0.0
409898778155,-0.0,0.0,2.0,0.0,0.0,0.0
409950173326,-0.0,0.0,2.0,0.0,0.0,0.0
409999173607,-0.0,0.0,2.0,0.0,0.0,0.0
410048294684,-0.0,0.0,2.0,0.0,0.0,0.0
410098258817,-0.0,0.0,2.0,0.0,0.0,0.0
410151703287,-0.0,0.0,2.0,0.0,0.0,0.0
410198286492,-0.0,0.0,2.0,0.0,0.0,0.0
410250162590,-0.0,0.0,2.0,0.0,0.0,0.0
410298284277,-0.0,0.0,2.0,0.0,0.0,0.0
410348246003,-0.0,0.0,2.0,0.0,0.0,0.0
410399988082,-0.0,0.0,2.0,0.0,0.0,0.0
410448239918,-0.0,0.0,2.0,0.0,0.0,0.0
410498581330,-0.0,0.0,2.0,0.0,0.0,0.0
410548529463,-0.0,0.0,2.0,0.0,0.0,0.0
410598986782,-0.0,0.0,2.0,0.0,0.0,0.0
410649684934,-0.0,0.0,2.0,0.0,0.0,0.0
410698251863,-0.0,0.0,2.0,0.0,0.0,0.0
410749019108,-0.0,0.0,2.0,0.0,0.0,0.0
410798322315,-0.0,0.0,2.0,0.0,0.0,0.0
410848349504,-0.0,0.0,2.0,0.0,0.0,0.0
410900055454,-0.0,0.0,2.0,0.0,0.0,0.0
410948403456,-0.0,0.0,2.0,0.0,0.0,0.0
410998502146,-0.0,0.0,2.0,0.0,0.0,0.0
411048541798,-0.0,0.0,2.0,0.0,0.0,0.0
411098248486,-0.0,0.0,2.0,0.0,0.0,0.0
411150157973,-0.0,0.0,2.0,0.0,0.0,0.0
411199688106,-0.0,0.0,2.0,0.0,0.0,0.0
411248111424,-0.0,0.0,2.0,0.0,0.0,0.0
411298263650,-0.0,0.0,2.0,0.0,0.0,0.0
411348426913,-0.0,0.0,2.0,0.0,0.0,0.0
411400764123,-0.0,0.0,2.0,0.0,0.0,0.0
411448738754,-0.0,0.0,2.0,0.0,0.0,0.0
411499229462,-0.0,0.0,2.0,0.0,0.0,0.0
411548991559,-0.0,0.0,2.0,0.0,0.0,0.0
411599918304,-0.0,0.0,2.0,0.0,0.0,0.0
411648214381,-0.0,0.0,2.0,0.0,0.0,0.0
411698300033,-0.0,0.0,2.0,0.0,0.0,0.0
411751192557,-0.0,0.0,2.0,0.0,0.0,0.0
411798272337,-0.0,0.0,2.0,0.0,0.0,0.0
411848868767,-0.0,0.0,2.0,0.0,0.0,0.0
411901770292,-0.0,0.0,2.0,0.0,0.0,0.0
411948255608,-0.0,0.0,2.0,0.0,0.0,0.0
412002198226,-0.0,0.0,2.0,0.0,0.0,0.0
412048225838,-0.0,0.0,2.0,0.0,0.0,0.0
412099360917,-0.0,0.0,2.0,0.0,0.0,0.0
412148222605,-0.0,0.0,2.0,0.0,0.0,0.0
412198334368,-0.0,0.0,2.0,0.0,0.0,0.0
412250646374,-0.0,0.0,2.0,0.0,0.0,0.0
412298158079,-0.0,0.0,2.0,0.0,0.0,0.0
412348790602,-0.0,0.0,2.0,0.0,0.0,0.0
412398185958,-0.0,0.0,2.0,0.0,0.0,0.0
412448170628,-0.0,0.0,2.0,0.0,0.0,0.0
412500480893,-0.0,0.0,2.0,0.0,0.0,0.0
412548319395,-0.0,0.0,2.0,0.0,0.0,0.0
412599093789,-0.0,0.0,2.0,0.0,0.0,0.0
412648686459,-0.0,0.0,2.0,0.0,0.0,0.0
412698232870,-0.0,0.0,2.0,0.0,0.0,0.0
412750848154,-0.0,0.0,2.0,0.0,0.0,0.0
412798455471,-0.0,0.0,2.0,0.0,0.0,0.0
412848377882,-0.0,0.0,2.0,0.0,0.0,0.0
412898151867,-0.0,0.0,2.0,0.0,0.0,0.0
412948239038,-0.0,0.0,2.0,0.0,0.0,0.0
413000274155,-0.0,0.0,2.0,0.0,0.0,0.0
413048169898,-0.0,0.0,2.0,0.0,0.0,0.0
413099979644,-0.0,0.0,2.0,0.0,0.0,0.0
413151860112,-0.0,0.0,2.0,0.0,0.0,0.0
413198072946,-0.0,0.0,2.0,0.0,0.0,0.0
413250813675,-0.0,0.0,2.0,0.0,0.0,0.0
413298237862,-0.0,0.0,2.0,0.0,0.0,0.0
413349528959,-0.0,0.0,2.0,0.0,0.0,0.0
413401220298,-0.0,0.0,2.0,0.0,0.0,0.0
413448241411,-0.0,0.0,2.0,0.0,0.0,0.0
413499294619,-0.0,0.0,2.0,0.0,0.0,0.0
413548502937,-0.0,0.0,2.0,0.0,0.0,0.0
413600707628,-0.0,0.0,2.0,0.0,0.0,0.0
413650689540,-0.0,0.0,2.0,0.0,0.0,0.0
413698243357,-0.0,0.0,2.0,0.0,0.0,0.0
413748576194,-0.0,0.0,2.0,0.0,0.0,0.0
413798958087,-0.0,0.0,2.0,0.0,0.0,0.0
413848337295,-0.0,0.0,2.0,0.0,0.0,0.0
413899675022,-0.0,0.0,2.0,0.0,0.0,0.0
413948253154,-0.0,0.0,2.0,0.0,0.0,0.0
413998546288,-0.0,0.0,2.0,0.0,0.0,0.0
414048249773,-0.0,0.0,2.0,0.0,0.0,0.0
414098393833,-0.0,0.0,2.0,0.0,0.0,0.0
414148706523,-0.0,0.0,2.0,0.0,0.0,0.0
414198475600,-0.0,0.0,2.0,0.0,0.0,0.0
414248279271,-0.0,0.0,2.0,0.0,0.0,0.0
414298186293,-0.0,0.0,2.0,0.0,0.0,0.0
414348641724,-0.0,0.0,2.0,0.0,0.0,0.0
414401451637,-0.0,0.0,2.0,0.0,0.0,0.0
414448250009,-0.0,0.0,2.0,0.0,0.0,0.0
414500136070,-0.0,0.0,2.0,0.0,0.0,0.0
414548201813,-0.0,0.0,2.0,0.0,0.0,0.0
414598297410,-0.0,0.0,2.0,0.0,0.0,0.0
414649224970,-0.0,0.0,2.0,0.0,0.0,0.0
414698581122,-0.0,0.0,2.0,0.0,0.0,0.0
414749454997,-0.0,0.0,2.0,0.0,0.0,0.0
414799044149,-0.0,0.0,2.0,0.0,0.0,0.0
414848256893,-0.0,0.0,2.0,0.0,0.0,0.0
414900119732,-0.0,0.0,2.0,0.0,0.0,0.0
414948103864,-0.0,0.0,2.0,0.0,0.0,0.0
414998217091,-0.0,0.0,2.0,0.0,0.0,0.0
415051088004,-0.0,0.0,2.0,0.0,0.0,0.0
415098295414,-0.0,0.0,2.0,0.0,0.0,0.0
415152311365,-0.0,0.0,2.0,0.0,0.0,0.0
415198415848,-0.0,0.0,2.0,0.0,0.0,0.0
415249513871,-0.0,0.0,2.0,0.0,0.0,0.0
415300497543,-0.0,0.0,2.0,0.0,0.0,0.0
415348822990,-0.0,0.0,2.0,0.0,0.0,0.0
415399268217,-0.0,0.0,2.0,0.0,0.0,0.0
415449423999,-0.0,0.0,2.0,0.0,0.0,0.0
415499395725,-0.0,0.0,2.0,0.0,0.0,0.0
415548185728,-0.0,0.0,2.0,0.0,0.0,0.0
415598462806,-0.0,0.0,2.0,0.0,0.0,0.0
415650092238,-0.0,0.0,2.0,0.0,0.0,0.0
415698944204,-0.0,0.0,2.0,0.0,0.0,0.0
415749108689,-0.0,0.0,2.0,0.0,0.0,0.0
415798855360,-0.0,0.0,2.0,0.0,0.0,0.0
415848195567,-0.0,0.0,2.0,0.0,0.0,0.0
415901621408,-0.0,0.0,2.0,0.0,0.0,0.0
415948718669,-0.0,0.0,2.0,0.0,0.0,0.0
416000002526,-0.0,0.0,2.0,0.0,0.0,0.0
416050573734,-0.0,0.0,2.0,0.0,0.0,0.0
416098250162,7.0,0.0,1.0,0.0,0.0,0.0
416151052779,7.0,0.0,1.0,0.0,0.0,0.0
416198832967,7.0,0.0,1.0,0.0,0.0,0.0
416248489804,7.0,0.0,1.0,0.0,0.0,0.0
416301432403,7.0,0.0,1.0,0.0,0.0,0.0
416348226590,7.0,0.0,1.0,0.0,0.0,0.0
416399460614,7.0,0.0,1.0,0.0,0.0,0.0
416448312098,7.0,0.0,1.0,0.0,0.0,0.0
416500305308,7.0,0.0,1.0,0.0,0.0,0.0
416548889922,7.0,0.0,1.0,0.0,0.0,0.0
416598304536,7.0,0.0,1.0,0.0,0.0,0.0
416650032505,7.0,0.0,1.0,0.0,0.0,0.0
416698682656,7.0,0.0,1.0,0.0,0.0,0.0
416748644068,7.0,0.0,1.0,0.0,0.0,0.0
416798335053,7.0,0.0,1.0,0.0,0.0,0.0
416848232779,7.0,0.0,1.0,0.0,0.0,0.0
416898578876,7.0,0.0,1.0,0.0,0.0,0.0
416948723584,7.0,0.0,1.0,0.0,0.0,0.0
416999281385,7.0,0.0,1.0,0.0,0.0,0.0
417048348611,7.0,0.0,1.0,0.0,0.0,0.0
417098206078,7.0,0.0,1.0,0.0,0.0,0.0
417151086344,7.0,0.0,1.0,0.0,0.0,0.0
417198806939,7.0,0.0,1.0,0.0,0.0,0.0
417249234239,7.0,0.0,1.0,0.0,0.0,0.0
417298943780,7.0,0.0,1.0,0.0,0.0,0.0
417348350043,7.0,0.0,1.0,0.0,0.0,0.0
417398716400,7.0,0.0,1.0,0.0,0.0,0.0
417448221866,7.0,0.0,1.0,0.0,0.0,0.0
417498335815,7.0,0.0,1.0,0.0,0.0,0.0
417548159838,7.0,0.0,1.0,0.0,0.0,0.0
417598275990,7.0,0.0,1.0,0.0,0.0,0.0
417655831093,7.0,0.0,1.0,0.0,0.0,0.0
417698872314,7.0,0.0,1.0,0.0,0.0,0.0
417748490429,7.0,0.0,1.0,0.0,0.0,0.0
417799470786,7.0,0.0,1.0,0.0,0.0,0.0
417848244363,7.0,0.0,1.0,0.0,0.0,0.0
417899394313,7.0,0.0,1.0,0.0,0.0,0.0
417948273371,7.0,0.0,1.0,0.0,0.0,0.0
417998267487,7.0,0.0,1.0,0.0,0.0,0.0
418048273435,7.0,0.0,1.0,0.0,0.0,0.0
418098232699,7.0,0.0,1.0,0.0,0.0,0.0
418150463705,7.0,0.0,1.0,0.0,0.0,0.0
418199162449,7.0,0.0,1.0,0.0,0.0,0.0
418249057879,7.0,0.0,1.0,0.0,0.0,0.0
418298161901,7.0,0.0,1.0,0.0,0.0,0.0
418348238146,7.0,0.0,1.0,0.0,0.0,0.0
418400845337,7.0,0.0,1.0,0.0,0.0,0.0
418448257136,7.0,0.0,1.0,0.0,0.0,0.0
418498789955,7.0,0.0,1.0,0.0,0.0,0.0
418548634478,7.0,0.0,1.0,0.0,0.0,0.0
418599038223,7.0,0.0,1.0,0.0,0.0,0.0
418649036820,7.0,0.0,1.0,0.0,0.0,0.0
418698218064,7.0,0.0,1.0,0.0,0.0,0.0
418750524978,7.0,0.0,1.0,0.0,0.0,0.0
418798747944,7.0,0.0,1.0,0.0,0.0,0.0
418851914080,7.0,0.0,1.0,0.0,0.0,0.0
418900691880,7.0,0.0,1.0,0.0,0.0,0.0
418948244604,7.0,0.0,1.0,0.0,0.0,0.0
418998429997,7.0,0.0,1.0,0.0,0.0,0.0
419048391224,7.0,0.0,1.0,0.0,0.0,0.0
419099850618,7.0,0.0,1.0,0.0,0.0,0.0
419148429084,7.0,0.0,1.0,0.0,0.0,0.0
419198347311,7.0,0.0,1.0,0.0,0.0,0.0
419250058131,7.0,0.0,1.0,0.0,0.0,0.0
419298222078,7.0,0.0,1.0,0.0,0.0,0.0
419348315768,7.0,0.0,1.0,0.0,0.0,0.0
419398249106,-0.0,0.0,2.0,0.0,0.0,0.0
419448138554,-0.0,0.0,2.0,0.0,0.0,0.0
419499862412,-0.0,0.0,2.0,0.0,0.0,0.0
419548434100,-0.0,0.0,2.0,0.0,0.0,0.0
419599146994,-0.0,0.0,2.0,0.0,0.0,0.0
419648141182,-0.0,0.0,2.0,0.0,0.0,0.0
419698406835,-0.0,0.0,2.0,0.0,0.0,0.0
419752576435,-0.0,0.0,2.0,0.0,0.0,0.0
419798380399,-0.0,0.0,2.0,0.0,0.0,0.0
419848216718,-0.0,0.0,2.0,0.0,0.0,0.0
419898296167,-0.0,0.0,2.0,0.0,0.0,0.0
419948096393,-0.0,0.0,2.0,0.0,0.0,0.0
419999577566,-0.0,0.0,2.0,0.0,0.0,0.0
420048181921,-0.0,0.0,2.0,0.0,0.0,0.0
420099280315,-0.0,0.0,2.0,0.0,0.0,0.0
420149111393,-0.0,0.0,2.0,0.0,0.0,0.0
420200476936,0.0,0.0,0.0,0.0,0.0,0.0
420250348069,0.0,0.0,0.0,0.0,0.0,0.0
420298240239,0.0,0.0,0.0,0.0,0.0,0.0
420349534355,0.0,0.0,0.0,0.0,0.0,0.0
420398428155,0.0,0.0,0.0,0.0,0.0,0.0
420449740549,0.0,0.0,0.0,0.0,0.0,0.0
420498327571,0.0,0.0,0.0,0.0,0.0,0.0
420548384483,0.0,0.0,0.0,0.0,0.0,0.0
420599335173,0.0,0.0,0.0,0.0,0.0,0.0
420648227454,0.0,0.0,0.0,0.0,0.0,0.0
420700088534,0.0,0.0,0.0,0.0,0.0,0.0
420748387556,0.0,0.0,0.0,0.0,0.0,0.0
420798813153,0.0,0.0,0.0,0.0,0.0,0.0
420850749603,0.0,0.0,0.0,0.0,0.0,0.0
420898241661,0.0,0.0,0.0,0.0,0.0,0.0
420948440129,0.0,0.0,0.0,0.0,0.0,0.0
420998280522,0.0,0.0,0.0,0.0,0.0,0.0
421048781008,0.0,0.0,0.0,0.0,0.0,0.0
421098400845,0.0,0.0,0.0,0.0,0.0,0.0
421150721907,0.0,0.0,0.0,0.0,0.0,0.0
421201752153,0.0,0.0,0.0,0.0,0.0,0.0
421248697563,0.0,0.0,0.0,0.0,0.0,0.0
421298957123,0.0,0.0,0.0,0.0,0.0,0.0
421352951482,0.0,0.0,0.0,0.0,0.0,0.0
421398189816,0.0,0.0,0.0,0.0,0.0,0.0
421449791896,0.0,0.0,0.0,0.0,0.0,0.0
421500973123,0.0,0.0,0.0,0.0,0.0,0.0
421548240866,0.0,0.0,0.0,0.0,0.0,0.0
421598434278,0.0,0.0,0.0,0.0,0.0,0.0
421648344708,0.0,0.0,0.0,0.0,0.0,0.0
421699223954,0.0,0.0,0.0,0.0,0.0,0.0
421749231977,0.0,0.0,0.0,0.0,0.0,0.0
421798511777,0.0,0.0,0.0,0.0,0.0,0.0
421850668450,0.0,0.0,0.0,0.0,0.0,0.0
421898711620,0.0,0.0,0.0,0.0,0.0,0.0
421950933459,0.0,0.0,0.0,0.0,0.0,0.0
421998228924,0.0,0.0,0.0,0.0,0.0,0.0
422048948041,0.0,0.0,0.0,0.0,0.0,0.0
422099418582,0.0,0.0,0.0,0.0,0.0,0.0
422148318604,0.0,0.0,0.0,0.0,0.0,0.0
422199019017,0.0,0.0,0.0,0.0,0.0,0.0
422250560782,0.0,0.0,0.0,0.0,0.0,0.0
422298258581,0.0,0.0,0.0,0.0,0.0,0.0
422350372587,0.0,0.0,0.0,0.0,0.0,0.0
422398546423,0.0,0.0,0.0,0.0,0.0,0.0
422448125075,0.0,0.0,0.0,0.0,0.0,0.0
422500408711,0.0,0.0,0.0,0.0,0.0,0.0
422548185417,0.0,0.0,0.0,0.0,0.0,0.0
422606480133,0.0,0.0,0.0,0.0,0.0,0.0
422648184000,0.0,0.0,0.0,0.0,0.0,0.0
422698160801,0.0,0.0,0.0,0.0,0.0,0.0
422749614455,0.0,0.0,0.0,0.0,0.0,0.0
422798121903,0.0,0.0,0.0,0.0,0.0,0.0
422848463537,0.0,0.0,0.0,0.0,0.0,0.0
422898048338,0.0,0.0,0.0,0.0,0.0,0.0
422948111527,0.0,0.0,0.0,0.0,0.0,0.0
423000992497,0.0,0.0,0.0,0.0,0.0,0.0
423048118981,0.0,0.0,0.0,0.0,0.0,0.0
423098233411,0.0,0.0,0.0,0.0,0.0,0.0
423148042082,0.0,0.0,0.0,0.0,0.0,0.0
423199471551,0.0,0.0,0.0,0.0,0.0,0.0
423251132242,0.0,0.0,0.0,0.0,0.0,0.0
423298367651,0.0,0.0,0.0,0.0,0.0,0.0
423349090823,0.0,0.0,0.0,0.0,0.0,0.0
423398310864,0.0,0.0,0.0,0.0,0.0,0.0
423448267702,0.0,0.0,0.0,0.0,0.0,0.0
423499477726,0.0,0.0,0.0,0.0,0.0,0.0
423548237266,0.0,0.0,0.0,0.0,0.0,0.0
423598441808,0.0,0.0,0.0,0.0,0.0,0.0
423648418942,0.0,0.0,0.0,0.0,0.0,0.0
423698303465,0.0,0.0,0.0,0.0,0.0,0.0
423750548434,0.0,0.0,0.0,0.0,0.0,0.0
423798806030,0.0,0.0,0.0,0.0,0.0,0.0
423849853887,0.0,0.0,0.0,0.0,0.0,0.0
423898350150,0.0,0.0,0.0,0.0,0.0,0.0
423948962951,0.0,0.0,0.0,0.0,0.0,0.0
423999487178,0.0,0.0,0.0,0.0,0.0,0.0
424048285441,0.0,0.0,0.0,0.0,0.0,0.0
424099078020,0.0,0.0,0.0,0.0,0.0,0.0
424148294098,0.0,0.0,0.0,0.0,0.0,0.0
424200180438,0.0,0.0,0.0,0.0,0.0,0.0
424251208332,0.0,0.0,0.0,0.0,0.0,0.0
424298216260,0.0,0.0,0.0,0.0,0.0,0.0
424348342598,0.0,0.0,0.0,0.0,0.0,0.0
424398718010,0.0,0.0,0.0,0.0,0.0,0.0
424448938108,0.0,0.0,0.0,0.0,0.0,0.0
424500756577,0.0,0.0,0.0,0.0,0.0,0.0
424548224801,0.0,0.0,0.0,0.0,0.0,0.0
424598725602,0.0,0.0,0.0,0.0,0.0,0.0
424648470755,0.0,0.0,0.0,0.0,0.0,0.0
424698736667,0.0,0.0,0.0,0.0,0.0,0.0
424749540876,0.0,0.0,0.0,0.0,0.0,0.0
424798259435,0.0,0.0,0.0,0.0,0.0,0.0
424848394607,0.0,0.0,0.0,0.0,0.0,0.0
424898526185,0.0,0.0,0.0,0.0,0.0,0.0
424948246764,0.0,0.0,0.0,0.0,0.0,0.0
424999792251,0.0,0.0,0.0,0.0,0.0,0.0
425048316328,0.0,0.0,0.0,0.0,0.0,0.0
425101208095,0.0,0.0,0.0,0.0,0.0,0.0
425148213078,0.0,0.0,0.0,0.0,0.0,0.0
425198148787,0.0,0.0,0.0,0.0,0.0,0.0
425251459498,0.0,0.0,0.0,0.0,0.0,0.0
425298321111,0.0,0.0,0.0,0.0,0.0,0.0
425348452152,0.0,0.0,0.0,0.0,0.0,0.0
425398320472,0.0,0.0,0.0,0.0,0.0,0.0
425448223032,0.0,0.0,0.0,0.0,0.0,0.0
425499777686,0.0,0.0,0.0,0.0,0.0,0.0
425548237763,0.0,0.0,0.0,0.0,0.0,0.0
425598891602,0.0,0.0,0.0,0.0,0.0,0.0
425648341272,0.0,0.0,0.0,0.0,0.0,0.0
425698178499,0.0,0.0,0.0,0.0,0.0,0.0
425751707340,0.0,0.0,0.0,0.0,0.0,0.0
425798202805,0.0,0.0,0.0,0.0,0.0,0.0
425850140552,0.0,0.0,0.0,0.0,0.0,0.0
425898289221,0.0,0.0,0.0,0.0,0.0,0.0
425951402414,0.0,0.0,0.0,0.0,0.0,0.0
426004280717,0.0,0.0,0.0,0.0,0.0,0.0
426048237883,0.0,0.0,0.0,0.0,0.0,0.0
426098366536,0.0,0.0,0.0,0.0,0.0,0.0
426148254856,0.0,0.0,0.0,0.0,0.0,0.0
426200061973,0.0,0.0,0.0,0.0,0.0,0.0
426250313478,0.0,0.0,0.0,0.0,0.0,0.0
426298215370,0.0,0.0,0.0,0.0,0.0,0.0
426351972025,0.0,0.0,0.0,0.0,0.0,0.0
426398197286,0.0,0.0,0.0,0.0,0.0,0.0
426449873570,0.0,0.0,0.0,0.0,0.0,0.0
426500008982,0.0,0.0,0.0,0.0,0.0,0.0
426548275522,0.0,0.0,0.0,0.0,0.0,0.0
426599383417,0.0,0.0,0.0,0.0,0.0,0.0
426648308087,0.0,0.0,0.0,0.0,0.0,0.0
426699518241,0.0,0.0,0.0,0.0,0.0,0.0
426748849245,0.0,0.0,0.0,0.0,0.0,0.0
426798357768,0.0,0.0,0.0,0.0,0.0,0.0
426851217553,0.0,0.0,0.0,0.0,0.0,0.0
426898246648,0.0,0.0,0.0,0.0,0.0,0.0
426948512245,0.0,0.0,0.0,0.0,0.0,0.0
426998246176,0.0,0.0,0.0,0.0,0.0,0.0
427048235125,0.0,0.0,0.0,0.0,0.0,0.0
427101744947,0.0,0.0,0.0,0.0,0.0,0.0
427148679134,0.0,0.0,0.0,0.0,0.0,0.0
427198909954,0.0,0.0,0.0,0.0,0.0,0.0
427253712278,0.0,0.0,0.0,0.0,0.0,0.0
427298314019,0.0,0.0,0.0,0.0,0.0,0.0
427349028968,0.0,0.0,0.0,0.0,0.0,0.0
427398575787,0.0,0.0,0.0,0.0,0.0,0.0
427449298404,0.0,0.0,0.0,0.0,0.0,0.0
427503502412,0.0,0.0,0.0,0.0,0.0,0.0
427548199301,0.0,0.0,0.0,0.0,0.0,0.0
427599981826,0.0,0.0,0.0,0.0,0.0,0.0
427648258625,0.0,0.0,0.0,0.0,0.0,0.0
427698802612,0.0,0.0,0.0,0.0,0.0,0.0
427750580674,0.0,0.0,0.0,0.0,0.0,0.0
427798843510,0.0,0.0,0.0,0.0,0.0,0.0
427848399496,0.0,0.0,0.0,0.0,0.0,0.0
427898249371,0.0,0.0,0.0,0.0,0.0,0.0
427948337024,0.0,0.0,0.0,0.0,0.0,0.0
427999413030,0.0,0.0,0.0,0.0,0.0,0.0
428048217071,0.0,0.0,0.0,0.0,0.0,0.0
428098385594,0.0,0.0,0.0,0.0,0.0,0.0
428148253339,0.0,0.0,0.0,0.0,0.0,0.0
428198644807,0.0,0.0,0.0,0.0,0.0,0.0
428249663628,0.0,0.0,0.0,0.0,0.0,0.0
428298194594,0.0,0.0,0.0,0.0,0.0,0.0
428348484081,0.0,0.0,0.0,0.0,0.0,0.0
428398256937,0.0,0.0,0.0,0.0,0.0,0.0
428448431109,0.0,0.0,0.0,0.0,0.0,0.0
428500946078,0.0,0.0,0.0,0.0,0.0,0.0
428548687878,0.0,0.0,0.0,0.0,0.0,0.0
428598736438,0.0,0.0,0.0,0.0,0.0,0.0
428648380517,0.0,0.0,0.0,0.0,0.0,0.0
428699929634,0.0,0.0,0.0,0.0,0.0,0.0
428749976676,0.0,0.0,0.0,0.0,0.0,0.0
428798294772,0.0,0.0,0.0,0.0,0.0,0.0
428850827815,0.0,0.0,0.0,0.0,0.0,0.0
428898309392,0.0,0.0,0.0,0.0,0.0,0.0
428948323341,0.0,0.0,0.0,0.0,0.0,0.0
429000287478,0.0,0.0,0.0,0.0,0.0,0.0
429048248073,0.0,0.0,0.0,0.0,0.0,0.0
429098282671,0.0,0.0,0.0,0.0,0.0,0.0
429148297231,0.0,0.0,0.0,0.0,0.0,0.0
429199317477,0.0,0.0,0.0,0.0,0.0,0.0
429250988854,0.0,0.0,0.0,0.0,0.0,0.0
429298310838,0.0,0.0,0.0,0.0,0.0,0.0
429348602843,0.0,0.0,0.0,0.0,0.0,0.0
429398339662,0.0,0.0,0.0,0.0,0.0,0.0
429449825909,0.0,0.0,0.0,0.0,0.0,0.0
429500643081,0.0,0.0,0.0,0.0,0.0,0.0
429548192769,0.0,0.0,0.0,0.0,0.0,0.0
429599203293,0.0,0.0,0.0,0.0,0.0,0.0
429648208927,0.0,0.0,0.0,0.0,0.0,0.0
429698436636,0.0,0.0,0.0,0.0,0.0,0.0
429749350956,0.0,0.0,0.0,0.0,0.0,0.0
429798291701,0.0,0.0,0.0,0.0,0.0,0.0
429848732113,0.0,0.0,0.0,0.0,0.0,0.0
429898803896,0.0,0.0,0.0,0.0,0.0,0.0
429948189215,0.0,0.0,0.0,0.0,0.0,0.0
429999685092,0.0,0.0,0.0,0.0,0.0,0.0
430048694799,0.0,0.0,0.0,0.0,0.0,0.0
430099807935,0.0,0.0,0.0,0.0,0.0,0.0
430149002106,0.0,0.0,0.0,0.0,0.0,0.0
430198161443,0.0,0.0,0.0,0.0,0.0,0.0
430249244301,0.0,0.0,0.0,0.0,0.0,0.0
430298495823,0.0,0.0,0.0,0.0,0.0,0.0
430348170680,0.0,0.0,0.0,0.0,0.0,0.0
430401035354,0.0,0.0,0.0,0.0,0.0,0.0
430448105930,0.0,0.0,0.0,0.0,0.0,0.0
430499188417,0.0,0.0,0.0,0.0,0.0,0.0
430548121440,0.0,0.0,0.0,0.0,0.0,0.0
430598310686,0.0,0.0,0.0,0.0,0.0,0.0
430650815952,0.0,0.0,0.0,0.0,0.0,0.0
430698252658,0.0,0.0,0.0,0.0,0.0,0.0
430748803145,0.0,0.0,0.0,0.0,0.0,0.0
430798476390,0.0,0.0,0.0,0.0,0.0,0.0
430848870136,0.0,0.0,0.0,0.0,0.0,0.0
430899576790,0.0,0.0,0.0,0.0,0.0,0.0
430948816924,0.0,0.0,0.0,0.0,0.0,0.0
430998430706,0.0,0.0,0.0,0.0,0.0,0.0
431049115286,0.0,0.0,0.0,0.0,0.0,0.0
431098256809,0.0,0.0,0.0,0.0,0.0,0.0
431149422648,0.0,0.0,0.0,0.0,0.0,0.0
431198473004,0.0,0.0,0.0,0.0,0.0,0.0
431248935898,0.0,0.0,0.0,0.0,0.0,0.0
431298336717,0.0,0.0,0.0,0.0,0.0,0.0
431348404166,0.0,0.0,0.0,0.0,0.0,0.0
431400169432,0.0,0.0,0.0,0.0,0.0,0.0
431448214565,0.0,0.0,0.0,0.0,0.0,0.0
431499857775,0.0,0.0,0.0,0.0,0.0,0.0
431548265019,0.0,0.0,0.0,0.0,0.0,0.0
431598315950,0.0,0.0,0.0,0.0,0.0,0.0
431651259532,0.0,0.0,0.0,0.0,0.0,0.0
431698649386,0.0,0.0,0.0,0.0,0.0,0.0
431749993726,0.0,0.0,0.0,0.0,0.0,0.0
431798281636,0.0,0.0,0.0,0.0,0.0,0.0
431848226123,0.0,0.0,0.0,0.0,0.0,0.0
431900235074,0.0,0.0,0.0,0.0,0.0,0.0
431948403262,0.0,0.0,0.0,0.0,0.0,0.0
432000186250,0.0,0.0,0.0,0.0,0.0,0.0
432048202143,0.0,0.0,0.0,0.0,0.0,0.0
432098314740,0.0,0.0,0.0,0.0,0.0,0.0
432150918599,0.0,0.0,0.0,0.0,0.0,0.0
432199148584,0.0,0.0,0.0,0.0,0.0,0.0
432250187331,0.0,0.0,0.0,0.0,0.0,0.0
432298237297,0.0,0.0,0.0,0.0,0.0,0.0
432348735154,0.0,0.0,0.0,0.0,0.0,0.0
432400174457,0.0,0.0,0.0,0.0,0.0,0.0
432448281534,0.0,0.0,0.0,0.0,0.0,0.0
432498386169,0.0,0.0,0.0,0.0,0.0,0.0
432548428192,0.0,0.0,0.0,0.0,0.0,0.0
432598756364,0.0,0.0,0.0,0.0,0.0,0.0
432650704537,0.0,0.0,0.0,0.0,0.0,0.0
432698200966,0.0,0.0,0.0,0.0,0.0,0.0
432748368045,0.0,0.0,0.0,0.0,0.0,0.0
432798155791,0.0,0.0,0.0,0.0,0.0,0.0
432848249000,0.0,0.0,0.0,0.0,0.0,0.0
432899284394,0.0,0.0,0.0,0.0,0.0,0.0
432948233510,0.0,0.0,0.0,0.0,0.0,0.0
432998759441,0.0,0.0,0.0,0.0,0.0,0.0
433048275871,0.0,0.0,0.0,0.0,0.0,0.0
433098232858,0.0,0.0,0.0,0.0,0.0,0.0
433149991124,0.0,0.0,0.0,0.0,0.0,0.0
433198404683,0.0,0.0,0.0,0.0,0.0,0.0
433248915966,0.0,0.0,0.0,0.0,0.0,0.0
433298325971,0.0,0.0,0.0,0.0,0.0,0.0
433348193087,0.0,0.0,0.0,0.0,0.0,0.0
433400472168,0.0,0.0,0.0,0.0,0.0,0.0
433448205097,0.0,0.0,0.0,0.0,0.0,0.0
433498613917,0.0,0.0,0.0,0.0,0.0,0.0
433548883589,0.0,0.0,0.0,0.0,0.0,0.0
433598356834,0.0,0.0,0.0,0.0,0.0,0.0
433650159137,0.0,0.0,0.0,0.0,0.0,0.0
433698235788,0.0,0.0,0.0,0.0,0.0,0.0
433749090757,0.0,0.0,0.0,0.0,0.0,0.0
433798276984,0.0,0.0,0.0,0.0,0.0,0.0
433849468156,0.0,0.0,0.0,0.0,0.0,0.0
433901008718,0.0,0.0,0.0,0.0,0.0,0.0
433948505147,0.0,0.0,0.0,0.0,0.0,0.0
434001718192,0.0,0.0,0.0,0.0,0.0,0.0
434048385805,0.0,0.0,0.0,0.0,0.0,0.0
434101287164,-0.0,0.0,2.0,0.0,0.0,0.0
434150451058,-0.0,0.0,2.0,0.0,0.0,0.0
434198304320,-0.0,0.0,2.0,0.0,0.0,0.0
434248756548,-0.0,0.0,2.0,0.0,0.0,0.0
434298194849,-0.0,0.0,2.0,0.0,0.0,0.0
434349641336,-0.0,0.0,2.0,0.0,0.0,0.0
434401543788,-0.0,0.0,2.0,0.0,0.0,0.0
434448294882,-0.0,0.0,2.0,0.0,0.0,0.0
434500732927,-0.0,0.0,2.0,0.0,0.0,0.0
434548253726,-0.0,0.0,2.0,0.0,0.0,0.0
434598461083,-0.0,0.0,2.0,0.0,0.0,0.0
434655428483,-0.0,0.0,2.0,0.0,0.0,0.0
434698108741,-0.0,0.0,2.0,0.0,0.0,0.0
434750316526,-0.0,0.0,2.0,0.0,0.0,0.0
434798304159,-0.0,0.0,2.0,0.0,0.0,0.0
434850398888,-0.0,0.0,2.0,0.0,0.0,0.0
434899683596,-0.0,0.0,2.0,0.0,0.0,0.0
434950738880,-0.0,0.0,2.0,0.0,0.0,0.0
435002120442,-0.0,0.0,2.0,0.0,0.0,0.0
435048491962,-0.0,0.0,2.0,0.0,0.0,0.0
435100199006,-0.0,0.0,2.0,0.0,0.0,0.0
435148312157,-0.0,0.0,2.0,0.0,0.0,0.0
435198976774,-0.0,0.0,2.0,0.0,0.0,0.0
435251725337,-0.0,0.0,2.0,0.0,0.0,0.0
435298207876,-0.0,0.0,2.0,0.0,0.0,0.0
435348175770,-0.0,0.0,2.0,0.0,0.0,0.0
435398325220,-0.0,0.0,2.0,0.0,0.0,0.0
435448286188,-0.0,0.0,2.0,0.0,0.0,0.0
435500210009,-0.0,0.0,2.0,0.0,0.0,0.0
435548250161,-0.0,0.0,2.0,0.0,0.0,0.0
435598619703,-0.0,0.0,2.0,0.0,0.0,0.0
435648334560,-0.0,0.0,2.0,0.0,0.0,0.0
435698358380,-0.0,0.0,2.0,0.0,0.0,0.0
435750465461,-0.0,0.0,2.0,0.0,0.0,0.0
435798302446,-0.0,0.0,2.0,0.0,0.0,0.0
435849316378,-0.0,0.0,2.0,0.0,0.0,0.0
435898382864,-0.0,0.0,2.0,0.0,0.0,0.0
435948245758,-0.0,0.0,2.0,0.0,0.0,0.0
436001760025,-0.0,0.0,2.0,0.0,0.0,0.0
436048721213,-0.0,0.0,2.0,0.0,0.0,0.0
436098700625,-0.0,0.0,2.0,0.0,0.0,0.0
436148907112,-0.0,0.0,2.0,0.0,0.0,0.0
436198304580,-0.0,0.0,2.0,0.0,0.0,0.0
436249793864,-0.0,0.0,2.0,0.0,0.0,0.0
436298605979,-0.0,0.0,2.0,0.0,0.0,0.0
436350671671,-0.0,0.0,2.0,0.0,0.0,0.0
436398295137,-0.0,0.0,2.0,0.0,0.0,0.0
436448240402,-0.0,0.0,2.0,0.0,0.0,0.0
436501975410,-0.0,0.0,2.0,0.0,0.0,0.0
436548191412,-0.0,0.0,2.0,0.0,0.0,0.0
436600025067,-0.0,0.0,2.0,0.0,0.0,0.0
436648323682,-0.0,0.0,2.0,0.0,0.0,0.0
436699448373,-0.0,0.0,2.0,0.0,0.0,0.0
436750791175,-0.0,0.0,2.0,0.0,0.0,0.0
436798601586,-0.0,0.0,2.0,0.0,0.0,0.0
436848827388,-0.0,0.0,2.0,0.0,0.0,0.0
436898462189,-0.0,0.0,2.0,0.0,0.0,0.0
436948799658,-0.0,0.0,2.0,0.0,0.0,0.0
437000198923,-0.0,0.0,2.0,0.0,0.0,0.0
437048576445,-0.0,0.0,2.0,0.0,0.0,0.0
437098739340,-0.0,0.0,2.0,0.0,0.0,0.0
437148389919,-0.0,0.0,2.0,0.0,0.0,0.0
437198450517,-0.0,0.0,2.0,0.0,0.0,0.0
437252414507,-0.0,0.0,2.0,0.0,0.0,0.0
437298245323,-0.0,0.0,2.0,0.0,0.0,0.0
437351548535,7.0,0.0,1.0,0.0,0.0,0.0
437398265926,7.0,0.0,1.0,0.0,0.0,0.0
437448407413,7.0,0.0,1.0,0.0,0.0,0.0
437500982828,7.0,0.0,1.0,0.0,0.0,0.0
437548364701,7.0,0.0,1.0,0.0,0.0,0.0
437598724595,7.0,0.0,1.0,0.0,0.0,0.0
437648245934,7.0,0.0,1.0,0.0,0.0,0.0
437698216531,7.0,0.0,1.0,0.0,0.0,0.0
437749249574,7.0,0.0,1.0,0.0,0.0,0.0
437798496190,7.0,0.0,1.0,0.0,0.0,0.0
437850134160,7.0,0.0,1.0,0.0,0.0,0.0
437898390219,7.0,0.0,1.0,0.0,0.0,0.0
437948298669,7.0,0.0,1.0,0.0,0.0,0.0
437999924638,7.0,0.0,1.0,0.0,0.0,0.0
438048332161,7.0,0.0,1.0,0.0,0.0,0.0
438098502851,7.0,0.0,1.0,0.0,0.0,0.0
438148368097,7.0,0.0,1.0,0.0,0.0,0.0
438198211899,7.0,0.0,1.0,0.0,0.0,0.0
438250408554,7.0,0.0,1.0,0.0,0.0,0.0
438298285761,7.0,0.0,1.0,0.0,0.0,0.0
438350539694,7.0,0.0,1.0,0.0,0.0,0.0
438398660290,7.0,0.0,1.0,0.0,0.0,0.0
438449028796,7.0,0.0,1.0,0.0,0.0,0.0
438502869397,7.0,0.0,1.0,0.0,0.0,0.0
438548246083,7.0,0.0,1.0,0.0,0.0,0.0
438598534867,7.0,0.0,1.0,0.0,0.0,0.0
438648258057,7.0,0.0,1.0,0.0,0.0,0.0
438698442803,7.0,0.0,1.0,0.0,0.0,0.0
438750804422,7.0,0.0,1.0,0.0,0.0,0.0
438798394943,7.0,0.0,1.0,0.0,0.0,0.0
438848375523,7.0,0.0,1.0,0.0,0.0,0.0
438898310176,7.0,0.0,1.0,0.0,0.0,0.0
438948346478,7.0,0.0,1.0,0.0,0.0,0.0
438999967336,7.0,0.0,1.0,0.0,0.0,0.0
439048172247,7.0,0.0,1.0,0.0,0.0,0.0
439098348197,7.0,0.0,1.0,0.0,0.0,0.0
439148979759,7.0,0.0,1.0,0.0,0.0,0.0
439198374152,7.0,0.0,1.0,0.0,0.0,0.0
439249382455,7.0,0.0,1.0,0.0,0.0,0.0
439298274144,7.0,0.0,1.0,0.0,0.0,0.0
439348368020,7.0,0.0,1.0,0.0,0.0,0.0
439398319748,7.0,0.0,1.0,0.0,0.0,0.0
439448853790,7.0,0.0,1.0,0.0,0.0,0.0
439503476262,7.0,0.0,1.0,0.0,0.0,0.0
439548300912,7.0,0.0,1.0,0.0,0.0,0.0
439602276828,7.0,0.0,1.0,0.0,0.0,0.0
439649131867,7.0,0.0,1.0,0.0,0.0,0.0
439700110151,7.0,0.0,1.0,0.0,0.0,0.0
439750177897,7.0,0.0,1.0,0.0,0.0,0.0
439800254051,7.0,0.0,1.0,0.0,0.0,0.0
439849678260,7.0,0.0,1.0,0.0,0.0,0.0
439898978172,7.0,0.0,1.0,0.0,0.0,0.0
439950805919,7.0,0.0,1.0,0.0,0.0,0.0
439998344089,7.0,0.0,1.0,0.0,0.0,0.0
440048765132,7.0,0.0,1.0,0.0,0.0,0.0
440099229804,7.0,0.0,1.0,0.0,0.0,0.0
440148280476,7.0,0.0,1.0,0.0,0.0,0.0
440201291039,7.0,0.0,1.0,0.0,0.0,0.0
440249232876,7.0,0.0,1.0,0.0,0.0,0.0
440300412030,7.0,0.0,1.0,0.0,0.0,0.0
440348180275,7.0,0.0,1.0,0.0,0.0,0.0
440398301039,7.0,0.0,1.0,0.0,0.0,0.0
440450851917,7.0,0.0,1.0,0.0,0.0,0.0
440498273198,7.0,0.0,1.0,0.0,0.0,0.0
440548366704,7.0,0.0,1.0,0.0,0.0,0.0
440598304264,7.0,0.0,1.0,0.0,0.0,0.0
440648233955,7.0,0.0,1.0,0.0,0.0,0.0
440699204276,7.0,0.0,1.0,0.0,0.0,0.0
440748213336,7.0,0.0,1.0,0.0,0.0,0.0
440800375140,7.0,0.0,1.0,0.0,0.0,0.0
440848218791,7.0,0.0,1.0,0.0,0.0,0.0
440898224667,7.0,0.0,1.0,0.0,0.0,0.0
440950762397,7.0,0.0,1.0,0.0,0.0,0.0
440998255511,7.0,0.0,1.0,0.0,0.0,0.0
441050011111,7.0,0.0,1.0,0.0,0.0,0.0
441098228152,7.0,0.0,1.0,0.0,0.0,0.0
441148295305,7.0,0.0,1.0,0.0,0.0,0.0
441199285700,7.0,0.0,1.0,0.0,0.0,0.0
441248234927,7.0,0.0,1.0,0.0,0.0,0.0
441298393359,7.2,0.0,1.0,0.0,0.0,0.0
441348170697,7.2,0.0,1.0,0.0,0.0,0.0
441398432480,7.2,0.0,1.0,0.0,0.0,0.0
441450141876,7.2,0.0,1.0,0.0,0.0,0.0
441498111602,7.2,0.0,1.0,0.0,0.0,0.0
441549424146,7.2,0.0,1.0,0.0,0.0,0.0
441598099243,7.2,0.0,1.0,0.0,0.0,0.0
441648245470,7.2,0.0,1.0,0.0,0.0,0.0
441701576497,7.2,0.0,1.0,0.0,0.0,0.0
441748249444,7.2,0.0,1.0,0.0,0.0,0.0
441798524654,7.2,0.0,1.0,0.0,0.0,0.0
441848266325,7.2,0.0,1.0,0.0,0.0,0.0
441898073942,7.2,0.0,1.0,0.0,0.0,0.0
441950190745,7.2,0.0,1.0,0.0,0.0,0.0
441998300083,7.2,0.0,1.0,0.0,0.0,0.0
442048741848,7.2,0.0,1.0,0.0,0.0,0.0
442098903798,7.2,0.0,1.0,0.0,0.0,0.0
442150693675,7.2,0.0,1.0,0.0,0.0,0.0
442198265252,7.2,0.0,1.0,0.0,0.0,0.0
442248366721,7.2,0.0,1.0,0.0,0.0,0.0
442299210560,7.2,0.0,1.0,0.0,0.0,0.0
442348734843,7.2,0.0,1.0,0.0,0.0,0.0
442404794687,7.2,0.0,1.0,0.0,0.0,0.0
442448266854,7.2,0.0,1.0,0.0,0.0,0.0
442498361378,7.2,0.0,1.0,0.0,0.0,0.0
442549728866,7.2,0.0,1.0,0.0,0.0,0.0
442598457055,7.2,0.0,1.0,0.0,0.0,0.0
442648685598,7.2,0.0,1.0,0.0,0.0,0.0
442698958178,7.2,0.0,1.0,0.0,0.0,0.0
442748427757,7.2,0.0,1.0,0.0,0.0,0.0
442801516191,7.2,0.0,1.0,0.0,0.0,0.0
442848241323,7.2,0.0,1.0,0.0,0.0,0.0
442898801570,7.2,0.0,1.0,0.0,0.0,0.0
442948124186,7.2,0.0,1.0,0.0,0.0,0.0
442999298119,7.2,0.0,1.0,0.0,0.0,0.0
443052211719,7.2,0.0,1.0,0.0,0.0,0.0
443098632018,7.2,0.0,1.0,0.0,0.0,0.0
443151976471,7.2,0.0,1.0,0.0,0.0,0.0
443198735473,7.2,0.0,1.0,0.0,0.0,0.0
443248725220,7.2,0.0,1.0,0.0,0.0,0.0
443298789188,-0.0,0.0,2.0,0.0,0.0,0.0
443348831416,-0.0,0.0,2.0,0.0,0.0,0.0
443401814942,-0.0,0.0,2.0,0.0,0.0,0.0
443448237908,-0.0,0.0,2.0,0.0,0.0,0.0
443498443988,-0.0,0.0,2.0,0.0,0.0,0.0
443548179271,-0.0,0.0,2.0,0.0,0.0,0.0
443598876203,-0.0,0.0,2.0,0.0,0.0,0.0
443653157490,-0.0,0.0,2.0,0.0,0.0,0.0
443698511343,-0.0,0.0,2.0,0.0,0.0,0.0
443751054721,-0.0,0.0,2.0,0.0,0.0,0.0
443798270169,-0.0,0.0,2.0,0.0,0.0,0.0
443848213304,-0.0,0.0,2.0,0.0,0.0,0.0
443901224460,-0.0,0.0,2.0,0.0,0.0,0.0
443948250482,-0.0,0.0,2.0,0.0,0.0,0.0
443998481339,-0.0,0.0,2.0,0.0,0.0,0.0
444048788123,-0.0,0.0,2.0,0.0,0.0,0.0
444098175924,-0.0,0.0,2.0,0.0,0.0,0.0
444153813120,-0.0,0.0,2.0,0.0,0.0,0.0
444198524380,-0.0,0.0,2.0,0.0,0.0,0.0
444249063090,-0.0,0.0,2.0,0.0,0.0,0.0
444298753817,-0.0,0.0,2.0,0.0,0.0,0.0
444348845508,-0.0,0.0,2.0,0.0,0.0,0.0
444401831220,-0.0,0.0,2.0,0.0,0.0,0.0
444448355722,-0.0,0.0,2.0,0.0,0.0,0.0
444498493376,0.0,0.0,0.0,0.0,0.0,0.0
444548803530,0.0,0.0,0.0,0.0,0.0,0.0
444598941499,0.0,0.0,0.0,0.0,0.0,0.0
444650718599,0.0,0.0,0.0,0.0,0.0,0.0
444698293046,0.0,0.0,0.0,0.0,0.0,0.0
444751447129,0.0,0.0,0.0,0.0,0.0,0.0
444798453021,0.0,0.0,0.0,0.0,0.0,0.0
444849945787,0.0,0.0,0.0,0.0,0.0,0.0
444901464201,0.0,0.0,0.0,0.0,0.0,0.0
444948229908,0.0,0.0,0.0,0.0,0.0,0.0
444998630284,0.0,0.0,0.0,0.0,0.0,0.0
445048303752,0.0,0.0,0.0,0.0,0.0,0.0
445098274795,0.0,0.0,0.0,0.0,0.0,0.0
445150517802,0.0,0.0,0.0,0.0,0.0,0.0
445198278639,0.0,0.0,0.0,0.0,0.0,0.0
445248824090,0.0,0.0,0.0,0.0,0.0,0.0
445298666781,0.0,0.0,0.0,0.0,0.0,0.0
445349385583,0.0,0.0,0.0,0.0,0.0,0.0
445401897480,0.0,0.0,0.0,0.0,0.0,0.0
445448423168,0.0,0.0,0.0,0.0,0.0,0.0
445498997155,0.0,0.0,0.0,0.0,0.0,0.0
445548353105,0.0,0.0,0.0,0.0,0.0,0.0
445599233185,0.0,0.0,0.0,0.0,0.0,0.0
445651444989,0.0,0.0,0.0,0.0,0.0,0.0
445698612029,0.0,0.0,0.0,0.0,0.0,0.0
445748423201,0.0,0.0,0.0,0.0,0.0,0.0
445798368225,0.0,0.0,0.0,0.0,0.0,0.0
445848506935,0.0,0.0,0.0,0.0,0.0,0.0
445900412442,0.0,0.0,0.0,0.0,0.0,0.0
445948237279,0.0,0.0,0.0,0.0,0.0,0.0
445998779767,0.0,0.0,0.0,0.0,0.0,0.0
446048165772,0.0,0.0,0.0,0.0,0.0,0.0
446098209629,0.0,0.0,0.0,0.0,0.0,0.0
446153854807,0.0,0.0,0.0,0.0,0.0,0.0
446198430715,0.0,0.0,0.0,0.0,0.0,0.0
446250411019,0.0,0.0,0.0,0.0,0.0,0.0
446298189263,0.0,0.0,0.0,0.0,0.0,0.0
446348167824,0.0,0.0,0.0,0.0,0.0,0.0
446398917405,0.0,0.0,0.0,0.0,0.0,0.0
446448287225,0.0,0.0,0.0,0.0,0.0,0.0
446498247378,0.0,0.0,0.0,0.0,0.0,0.0
446548192754,0.0,0.0,0.0,0.0,0.0,0.0
446598221686,0.0,0.0,0.0,0.0,0.0,0.0
446649048692,0.0,0.0,0.0,0.0,0.0,0.0
446698092197,0.0,0.0,0.0,0.0,0.0,0.0
446748964593,0.0,0.0,0.0,0.0,0.0,0.0
446798952432,0.0,0.0,0.0,0.0,0.0,0.0
446848374918,0.0,0.0,0.0,0.0,0.0,0.0
446899362091,0.0,0.0,0.0,0.0,0.0,0.0
446948073411,0.0,0.0,0.0,0.0,0.0,0.0
446999182936,0.0,0.0,0.0,0.0,0.0,0.0
447048284682,0.0,0.0,0.0,0.0,0.0,0.0
447100370448,0.0,0.0,0.0,0.0,0.0,0.0
447150320528,0.0,0.0,0.0,0.0,0.0,0.0
447198378940,0.0,0.0,0.0,0.0,0.0,0.0
447250905133,0.0,0.0,0.0,0.0,0.0,0.0
447298289655,0.0,0.0,0.0,0.0,0.0,0.0
447348867624,0.0,0.0,0.0,0.0,0.0,0.0
447403424207,0.0,0.0,0.0,0.0,0.0,0.0
447448256172,0.0,0.0,0.0,0.0,0.0,0.0
447498286585,0.0,0.0,0.0,0.0,0.0,0.0
447548211090,0.0,0.0,0.0,0.0,0.0,0.0
447598385707,0.0,0.0,0.0,0.0,0.0,0.0
447649568492,0.0,0.0,0.0,0.0,0.0,0.0
447698220126,0.0,0.0,0.0,0.0,0.0,0.0
447748442743,0.0,0.0,0.0,0.0,0.0,0.0
447798327582,0.0,0.0,0.0,0.0,0.0,0.0
447848277032,0.0,0.0,0.0,0.0,0.0,0.0
447898995946,0.0,0.0,0.0,0.0,0.0,0.0
447948227488,0.0,0.0,0.0,0.0,0.0,0.0
448000560737,0.0,0.0,0.0,0.0,0.0,0.0
448048244666,0.0,0.0,0.0,0.0,0.0,0.0
448100393803,0.0,0.0,0.0,0.0,0.0,0.0
448151262847,0.0,0.0,0.0,0.0,0.0,0.0
448198471110,0.0,0.0,0.0,0.0,0.0,0.0
448249688616,0.0,0.0,0.0,0.0,0.0,0.0
448298302214,0.0,0.0,0.0,0.0,0.0,0.0
448349494257,0.0,0.0,0.0,0.0,0.0,0.0
448399123078,0.0,0.0,0.0,0.0,0.0,0.0
448448432953,0.0,0.0,0.0,0.0,0.0,0.0
448499202589,0.0,0.0,0.0,0.0,0.0,0.0
448548462076,0.0,0.0,0.0,0.0,0.0,0.0
448601099473,0.0,0.0,0.0,0.0,0.0,0.0
448654093555,0.0,0.0,0.0,0.0,0.0,0.0
448699037631,0.0,0.0,0.0,0.0,0.0,0.0
448749063229,0.0,0.0,0.0,0.0,0.0,0.0
448798299697,0.0,0.0,0.0,0.0,0.0,0.0
448848492536,0.0,0.0,0.0,0.0,0.0,0.0
448900485303,0.0,0.0,0.0,0.0,0.0,0.0
448948203622,0.0,0.0,0.0,0.0,0.0,0.0
449000420444,0.0,0.0,0.0,0.0,0.0,0.0
449048784689,0.0,0.0,0.0,0.0,0.0,0.0
449099111344,0.0,0.0,0.0,0.0,0.0,0.0
449148938497,0.0,0.0,0.0,0.0,0.0,0.0
449198446707,0.0,0.0,0.0,0.0,0.0,0.0
449251439807,0.0,0.0,0.0,0.0,0.0,0.0
449298464070,0.0,0.0,0.0,0.0,0.0,0.0
449350929170,0.0,0.0,0.0,0.0,0.0,0.0
449398343156,0.0,0.0,0.0,0.0,0.0,0.0
449448245661,0.0,0.0,0.0,0.0,0.0,0.0
449500555447,0.0,0.0,0.0,0.0,0.0,0.0
449548220173,0.0,0.0,0.0,0.0,0.0,0.0
449599646272,0.0,0.0,0.0,0.0,0.0,0.0
449648267925,0.0,0.0,0.0,0.0,0.0,0.0
449698318079,0.0,0.0,0.0,0.0,0.0,0.0
449750228550,0.0,0.0,0.0,0.0,0.0,0.0
449798337943,0.0,0.0,0.0,0.0,0.0,0.0
449848458393,0.0,0.0,0.0,0.0,0.0,0.0
449898218195,0.0,0.0,0.0,0.0,0.0,0.0
449949750795,0.0,0.0,0.0,0.0,0.0,0.0
450001383987,0.0,0.0,0.0,0.0,0.0,0.0
450048323213,0.0,0.0,0.0,0.0,0.0,0.0
450098331626,0.0,0.0,0.0,0.0,0.0,0.0
450148260224,0.0,0.0,0.0,0.0,0.0,0.0
450198226101,0.0,0.0,0.0,0.0,0.0,0.0
450250158830,0.0,0.0,0.0,0.0,0.0,0.0
450298264797,0.0,0.0,0.0,0.0,0.0,0.0
450348712396,0.0,0.0,0.0,0.0,0.0,0.0
450398615217,0.0,0.0,0.0,0.0,0.0,0.0
450448272093,0.0,0.0,0.0,0.0,0.0,0.0
450498796043,0.0,0.0,0.0,0.0,0.0,0.0
450549436902,0.0,0.0,0.0,0.0,0.0,0.0
450606157191,0.0,0.0,0.0,0.0,0.0,0.0
450648602302,0.0,0.0,0.0,0.0,0.0,0.0
450698360937,0.0,0.0,0.0,0.0,0.0,0.0
450748648110,0.0,0.0,0.0,0.0,0.0,0.0
450801194229,0.0,0.0,0.0,0.0,0.0,0.0
450848725159,0.0,0.0,0.0,0.0,0.0,0.0
450898362775,0.0,0.0,0.0,0.0,0.0,0.0
450953773638,0.0,0.0,0.0,0.0,0.0,0.0
450999147695,0.0,0.0,0.0,0.0,0.0,0.0
451048296941,0.0,0.0,0.0,0.0,0.0,0.0
451098314114,0.0,0.0,0.0,0.0,0.0,0.0
451149327287,0.0,0.0,0.0,0.0,0.0,0.0
451202988907,0.0,0.0,0.0,0.0,0.0,0.0
451248495817,0.0,0.0,0.0,0.0,0.0,0.0
451300970862,0.0,0.0,0.0,0.0,0.0,0.0
451348692977,0.0,0.0,0.0,0.0,0.0,0.0
451399100761,0.0,0.0,0.0,0.0,0.0,0.0
451448270766,0.0,0.0,0.0,0.0,0.0,0.0
451498234864,0.0,0.0,0.0,0.0,0.0,0.0
451550657595,0.0,0.0,0.0,0.0,0.0,0.0
451598271154,0.0,0.0,0.0,0.0,0.0,0.0
451649730087,0.0,0.0,0.0,0.0,0.0,0.0
451698227573,0.0,0.0,0.0,0.0,0.0,0.0
451748225653,0.0,0.0,0.0,0.0,0.0,0.0
451801207884,0.0,0.0,0.0,0.0,0.0,0.0
451848826277,0.0,0.0,0.0,0.0,0.0,0.0
451899988802,0.0,0.0,0.0,0.0,0.0,0.0
451948252270,0.0,0.0,0.0,0.0,0.0,0.0
451998325387,0.0,0.0,0.0,0.0,0.0,0.0
452052210211,0.0,0.0,0.0,0.0,0.0,0.0
452098218158,0.0,0.0,0.0,0.0,0.0,0.0
452150278499,0.0,0.0,0.0,0.0,0.0,0.0
452198296170,0.0,0.0,0.0,0.0,0.0,0.0
452248303731,0.0,0.0,0.0,0.0,0.0,0.0
452298469978,0.0,0.0,0.0,0.0,0.0,0.0
452348249706,0.0,0.0,0.0,0.0,0.0,0.0
452400858529,0.0,0.0,0.0,0.0,0.0,0.0
452448220792,0.0,0.0,0.0,0.0,0.0,0.0
452498365854,0.0,0.0,0.0,0.0,0.0,0.0
452553021845,0.0,0.0,0.0,0.0,0.0,0.0
452598797940,0.0,0.0,0.0,0.0,0.0,0.0
452650667651,0.0,0.0,0.0,0.0,0.0,0.0
452698187618,0.0,0.0,0.0,0.0,0.0,0.0
452748347032,0.0,0.0,0.0,0.0,0.0,0.0
452799929539,0.0,0.0,0.0,0.0,0.0,0.0
452848274562,0.0,0.0,0.0,0.0,0.0,0.0
452898660531,0.0,0.0,0.0,0.0,0.0,0.0
452948257907,0.0,0.0,0.0,0.0,0.0,0.0
452998240117,0.0,0.0,0.0,0.0,0.0,0.0
453051444311,0.0,0.0,0.0,0.0,0.0,0.0
453098687833,0.0,0.0,0.0,0.0,0.0,0.0
453148324857,0.0,0.0,0.0,0.0,0.0,0.0
453198283437,0.0,0.0,0.0,0.0,0.0,0.0
453248901147,0.0,0.0,0.0,0.0,0.0,0.0
453299372580,0.0,0.0,0.0,0.0,0.0,0.0
453348318715,0.0,0.0,0.0,0.0,0.0,0.0
453398383832,0.0,0.0,0.0,0.0,0.0,0.0
453448242875,0.0,0.0,0.0,0.0,0.0,0.0
453498470047,0.0,0.0,0.0,0.0,0.0,0.0
453550141629,0.0,0.0,0.0,0.0,0.0,0.0
453598286596,0.0,0.0,0.0,0.0,0.0,0.0
453650717753,0.0,0.0,0.0,0.0,0.0,0.0
453698309294,0.0,0.0,0.0,0.0,0.0,0.0
453749202393,0.0,0.0,0.0,0.0,0.0,0.0
453801831679,0.0,0.0,0.0,0.0,0.0,0.0
453848189441,0.0,0.0,0.0,0.0,0.0,0.0
453898237762,0.0,0.0,0.0,0.0,0.0,0.0
453948164213,0.0,0.0,0.0,0.0,0.0,0.0
453998213867,0.0,0.0,0.0,0.0,0.0,0.0
454049536337,0.0,0.0,0.0,0.0,0.0,0.0
454098123786,0.0,0.0,0.0,0.0,0.0,0.0
454150047146,0.0,0.0,0.0,0.0,0.0,0.0
454198472224,0.0,0.0,0.0,0.0,0.0,0.0
454248970379,0.0,0.0,0.0,0.0,0.0,0.0
454298960515,0.0,0.0,0.0,0.0,0.0,0.0
454348250353,0.0,0.0,0.0,0.0,0.0,0.0
454402224937,0.0,0.0,0.0,0.0,0.0,0.0
454448069699,0.0,0.0,0.0,0.0,0.0,0.0
454499331595,0.0,0.0,0.0,0.0,0.0,0.0
454549169545,0.0,0.0,0.0,0.0,0.0,0.0
454598574051,0.0,0.0,0.0,0.0,0.0,0.0
454650522799,0.0,0.0,0.0,0.0,0.0,0.0
454698307988,0.0,0.0,0.0,0.0,0.0,0.0
454749734162,0.0,0.0,0.0,0.0,0.0,0.0
454799047649,0.0,0.0,0.0,0.0,0.0,0.0
454848227821,0.0,0.0,0.0,0.0,0.0,0.0
454899955718,0.0,0.0,0.0,0.0,0.0,0.0
454948634408,0.0,0.0,0.0,0.0,0.0,0.0
454998416803,0.0,0.0,0.0,0.0,0.0,0.0
455052961387,0.0,0.0,0.0,0.0,0.0,0.0
455098476945,0.0,0.0,0.0,0.0,0.0,0.0
455151622361,0.0,0.0,0.0,0.0,0.0,0.0
455198552975,0.0,0.0,0.0,0.0,0.0,0.0
455249866335,0.0,0.0,0.0,0.0,0.0,0.0
455300995675,0.0,0.0,0.0,0.0,0.0,0.0
455348305142,0.0,0.0,0.0,0.0,0.0,0.0
455400766039,0.0,0.0,0.0,0.0,0.0,0.0
455448706525,0.0,0.0,0.0,0.0,0.0,0.0
455500204810,0.0,0.0,0.0,0.0,0.0,0.0
455552202910,0.0,0.0,0.0,0.0,0.0,0.0
455598230468,0.0,0.0,0.0,0.0,0.0,0.0
455651117421,0.0,0.0,0.0,0.0,0.0,0.0
455698404296,0.0,0.0,0.0,0.0,0.0,0.0
455749208488,0.0,0.0,0.0,0.0,0.0,0.0
455801334977,0.0,0.0,0.0,0.0,0.0,0.0
455848285166,0.0,0.0,0.0,0.0,0.0,0.0
455899109099,0.0,0.0,0.0,0.0,0.0,0.0
455948354326,0.0,0.0,0.0,0.0,0.0,0.0
455999666667,0.0,0.0,0.0,0.0,0.0,0.0
456049386376,0.0,0.0,0.0,0.0,0.0,0.0
456098262937,0.0,0.0,0.0,0.0,0.0,0.0
456150922890,0.0,0.0,0.0,0.0,0.0,0.0
456198444468,0.0,0.0,0.0,0.0,0.0,0.0
456248787808,0.0,0.0,0.0,0.0,0.0,0.0
456298157499,0.0,0.0,0.0,0.0,0.0,0.0
456348304616,0.0,0.0,0.0,0.0,0.0,0.0
456401442477,0.0,0.0,0.0,0.0,0.0,0.0
456448349480,0.0,0.0,0.0,0.0,0.0,0.0
456500700692,0.0,0.0,0.0,0.0,0.0,0.0
456548947715,0.0,0.0,0.0,0.0,0.0,0.0
456599045518,0.0,0.0,0.0,0.0,0.0,0.0
456649086005,0.0,0.0,0.0,0.0,0.0,0.0
456698655696,0.0,0.0,0.0,0.0,0.0,0.0
456749104370,0.0,0.0,0.0,0.0,0.0,0.0
456798372727,0.0,0.0,0.0,0.0,0.0,0.0
456848252363,0.0,0.0,0.0,0.0,0.0,0.0
456900531575,0.0,0.0,0.0,0.0,0.0,0.0
456948465172,0.0,0.0,0.0,0.0,0.0,0.0
456999867679,0.0,0.0,0.0,0.0,0.0,0.0
457050098722,0.0,0.0,0.0,0.0,0.0,0.0
457098242005,0.0,0.0,0.0,0.0,0.0,0.0
457149563642,0.0,0.0,0.0,0.0,0.0,0.0
457198239462,0.0,0.0,0.0,0.0,0.0,0.0
457248361727,0.0,0.0,0.0,0.0,0.0,0.0
457301370088,0.0,0.0,0.0,0.0,0.0,0.0
457348242369,0.0,0.0,0.0,0.0,0.0,0.0
457401846638,0.0,0.0,0.0,0.0,0.0,0.0
457448201585,0.0,0.0,0.0,0.0,0.0,0.0
457498425091,0.0,0.0,0.0,0.0,0.0,0.0
457548265283,0.0,0.0,0.0,0.0,0.0,0.0
457598334493,0.0,0.0,0.0,0.0,0.0,0.0
457651087464,0.0,0.0,0.0,0.0,0.0,0.0
457698227412,0.0,0.0,0.0,0.0,0.0,0.0
457748398937,0.0,0.0,0.0,0.0,0.0,0.0
457798426425,0.0,0.0,0.0,0.0,0.0,0.0
457849470358,0.0,0.0,0.0,0.0,0.0,0.0
457898427937,0.0,0.0,0.0,0.0,0.0,0.0
457948253962,0.0,0.0,0.0,0.0,0.0,0.0
458000926193,0.0,0.0,0.0,0.0,0.0,0.0
458048579049,0.0,0.0,0.0,0.0,0.0,0.0
458098624870,0.0,0.0,0.0,0.0,0.0,0.0
458148255950,0.0,0.0,0.0,0.0,0.0,0.0
458199806624,0.0,0.0,0.0,0.0,0.0,0.0
458252187003,0.0,0.0,0.0,0.0,0.0,0.0
458298349617,0.0,0.0,0.0,0.0,0.0,0.0
458348483808,0.0,0.0,0.0,0.0,0.0,0.0
458398387018,0.0,0.0,0.0,0.0,0.0,0.0
458448255487,0.0,0.0,0.0,0.0,0.0,0.0
458499782587,0.0,0.0,0.0,0.0,0.0,0.0
458548320796,0.0,0.0,0.0,0.0,0.0,0.0
458598655710,0.0,0.0,0.0,0.0,0.0,0.0
458648341086,0.0,0.0,0.0,0.0,0.0,0.0
458698499278,0.0,0.0,0.0,0.0,0.0,0.0
458752098399,0.0,0.0,0.0,0.0,0.0,0.0
458798250642,0.0,0.0,0.0,0.0,0.0,0.0
458850106798,0.0,0.0,0.0,0.0,0.0,0.0
458898216970,0.0,0.0,0.0,0.0,0.0,0.0
458948435346,0.0,0.0,0.0,0.0,0.0,0.0
459001382115,0.0,0.0,0.0,0.0,0.0,0.0
459048284174,0.0,0.0,0.0,0.0,0.0,0.0
459098457902,0.0,0.0,0.0,0.0,0.0,0.0
459148369520,0.0,0.0,0.0,0.0,0.0,0.0
459198854397,0.0,0.0,0.0,0.0,0.0,0.0
459250821090,0.0,0.0,0.0,0.0,0.0,0.0
459298622020,0.0,0.0,0.0,0.0,0.0,0.0
459351299825,0.0,0.0,0.0,0.0,0.0,0.0
459398521829,0.0,0.0,0.0,0.0,0.0,0.0
459449909651,0.0,0.0,0.0,0.0,0.0,0.0
459505863292,0.0,0.0,0.0,0.0,0.0,0.0
459548242662,0.0,0.0,0.0,0.0,0.0,0.0
459599389299,0.0,0.0,0.0,0.0,0.0,0.0
459648317823,0.0,0.0,0.0,0.0,0.0,0.0
459699727312,0.0,0.0,0.0,0.0,0.0,0.0
459748275725,0.0,0.0,0.0,0.0,0.0,0.0
459798336435,0.0,0.0,0.0,0.0,0.0,0.0
459850195535,0.0,0.0,0.0,0.0,0.0,0.0
459898241781,0.0,0.0,0.0,0.0,0.0,0.0
459950537974,0.0,0.0,0.0,0.0,0.0,0.0
459998229071,0.0,0.0,0.0,0.0,0.0,0.0
460048181374,0.0,0.0,0.0,0.0,0.0,0.0
460103982867,0.0,0.0,0.0,0.0,0.0,0.0
460148173627,0.0,0.0,0.0,0.0,0.0,0.0
460199974616,0.0,0.0,0.0,0.0,0.0,0.0
460250730290,0.0,0.0,0.0,0.0,0.0,0.0
460298274239,0.0,0.0,0.0,0.0,0.0,0.0
460349170672,0.0,0.0,0.0,0.0,0.0,0.0
460398449196,0.0,0.0,0.0,0.0,0.0,0.0
460449082944,0.0,0.0,0.0,0.0,0.0,0.0
460500127858,0.0,0.0,0.0,0.0,0.0,0.0
460548794623,0.0,0.0,0.0,0.0,0.0,0.0
460599842334,0.0,0.0,0.0,0.0,0.0,0.0
460648517802,0.0,0.0,0.0,0.0,0.0,0.0
460700314328,0.0,0.0,0.0,0.0,0.0,0.0
460749886279,0.0,0.0,0.0,0.0,0.0,0.0
460799839378,0.0,0.0,0.0,0.0,0.0,0.0
460849131050,0.0,0.0,0.0,0.0,0.0,0.0
460898443852,0.0,0.0,0.0,0.0,0.0,0.0
460948548062,0.0,0.0,0.0,0.0,0.0,0.0
461000707015,0.0,0.0,0.0,0.0,0.0,0.0
461048246853,0.0,0.0,0.0,0.0,0.0,0.0
461098538341,0.0,0.0,0.0,0.0,0.0,0.0
461148374569,0.0,0.0,0.0,0.0,0.0,0.0
461199634225,0.0,0.0,0.0,0.0,0.0,0.0
461251311733,0.0,0.0,0.0,0.0,0.0,0.0
461298244533,0.0,0.0,0.0,0.0,0.0,0.0
461348984780,0.0,0.0,0.0,0.0,0.0,0.0
461398644564,0.0,0.0,0.0,0.0,0.0,0.0
461449127682,0.0,0.0,0.0,0.0,0.0,0.0
461499699578,0.0,0.0,0.0,0.0,0.0,0.0
461548291379,0.0,0.0,0.0,0.0,0.0,0.0
461598541590,0.0,0.0,0.0,0.0,0.0,0.0
461648327670,0.0,0.0,0.0,0.0,0.0,0.0
461698339769,0.0,0.0,0.0,0.0,0.0,0.0
461751020000,0.0,0.0,0.0,0.0,0.0,0.0
461798326930,0.0,0.0,0.0,0.0,0.0,0.0
461851219698,0.0,0.0,0.0,0.0,0.0,0.0
461898361758,0.0,0.0,0.0,0.0,0.0,0.0
461948496801,0.0,0.0,0.0,0.0,0.0,0.0
462005486480,0.0,0.0,0.0,0.0,0.0,0.0
462048168592,0.0,0.0,0.0,0.0,0.0,0.0
462098485098,0.0,0.0,0.0,0.0,0.0,0.0
462148284697,0.0,0.0,0.0,0.0,0.0,0.0
462198690463,0.0,0.0,0.0,0.0,0.0,0.0
462250957342,0.0,0.0,0.0,0.0,0.0,0.0
462298285865,0.0,0.0,0.0,0.0,0.0,0.0
462348510668,0.0,0.0,0.0,0.0,0.0,0.0
462398271859,0.0,0.0,0.0,0.0,0.0,0.0
462448468977,0.0,0.0,0.0,0.0,0.0,0.0
462499421447,0.0,0.0,0.0,0.0,0.0,0.0
462548396823,0.0,0.0,0.0,0.0,0.0,0.0
462598196255,0.0,0.0,0.0,0.0,0.0,0.0
462648369113,0.0,0.0,0.0,0.0,0.0,0.0
462698513750,0.0,0.0,0.0,0.0,0.0,0.0
462750234572,0.0,0.0,0.0,0.0,0.0,0.0
462798252318,0.0,0.0,0.0,0.0,0.0,0.0
462848354973,0.0,0.0,0.0,0.0,0.0,0.0
462898247164,0.0,0.0,0.0,0.0,0.0,0.0
462948801597,0.0,0.0,0.0,0.0,0.0,0.0
462999958623,0.0,0.0,0.0,0.0,0.0,0.0
463048292313,0.0,0.0,0.0,0.0,0.0,0.0
463099709506,0.0,0.0,0.0,0.0,0.0,0.0
463148742845,0.0,0.0,0.0,0.0,0.0,0.0
463200262242,0.0,0.0,0.0,0.0,0.0,0.0
463256052883,0.0,0.0,0.0,0.0,0.0,0.0
463298218642,0.0,0.0,0.0,0.0,0.0,0.0
463349544446,0.0,0.0,0.0,0.0,0.0,0.0
463398699470,0.0,0.0,0.0,0.0,0.0,0.0
463450153367,0.0,0.0,0.0,0.0,0.0,0.0
463499109095,0.0,0.0,0.0,0.0,0.0,0.0
463548386989,0.0,0.0,0.0,0.0,0.0,0.0
463600312868,0.0,0.0,0.0,0.0,0.0,0.0
463648477299,0.0,0.0,0.0,0.0,0.0,0.0
463700074621,0.0,0.0,0.0,0.0,0.0,0.0
463748309756,0.0,0.0,0.0,0.0,0.0,0.0
463798367855,0.0,0.0,0.0,0.0,0.0,0.0
463851875031,0.0,0.0,0.0,0.0,0.0,0.0
463898353461,0.0,0.0,0.0,0.0,0.0,0.0
463950843914,0.0,0.0,0.0,0.0,0.0,0.0
463998340307,0.0,0.0,0.0,0.0,0.0,0.0
464048254591,0.0,0.0,0.0,0.0,0.0,0.0
464099708766,0.0,0.0,0.0,0.0,0.0,0.0
464148298623,0.0,0.0,0.0,0.0,0.0,0.0
464198770241,0.0,0.0,0.0,0.0,0.0,0.0
464248454506,0.0,0.0,0.0,0.0,0.0,0.0
464298241698,0.0,0.0,0.0,0.0,0.0,0.0
464350847707,0.0,0.0,0.0,0.0,0.0,0.0
464398272230,0.0,0.0,0.0,0.0,0.0,0.0
464448736996,0.0,0.0,0.0,0.0,0.0,0.0
464498184631,0.0,0.0,0.0,0.0,0.0,0.0
464548264453,0.0,0.0,0.0,0.0,0.0,0.0
464600865702,0.0,0.0,0.0,0.0,0.0,0.0
464648290910,0.0,0.0,0.0,0.0,0.0,0.0
464698643084,0.0,0.0,0.0,0.0,0.0,0.0
464748248609,0.0,0.0,0.0,0.0,0.0,0.0
464798505190,0.0,0.0,0.0,0.0,0.0,0.0
464849278512,0.0,0.0,0.0,0.0,0.0,0.0
464898226165,0.0,0.0,0.0,0.0,0.0,0.0
464948342339,0.0,0.0,0.0,0.0,0.0,0.0
464998441938,0.0,0.0,0.0,0.0,0.0,0.0
465048853704,0.0,0.0,0.0,0.0,0.0,0.0
465101230046,0.0,0.0,0.0,0.0,0.0,0.0
465149077106,0.0,0.0,0.0,0.0,0.0,0.0
465198270779,0.0,0.0,0.0,0.0,0.0,0.0
465248195785,0.0,0.0,0.0,0.0,0.0,0.0
465298442218,0.0,0.0,0.0,0.0,0.0,0.0
465350138337,0.0,0.0,0.0,0.0,0.0,0.0
465398313139,0.0,0.0,0.0,0.0,0.0,0.0
465448701368,0.0,0.0,0.0,0.0,0.0,0.0
465498352115,0.0,0.0,0.0,0.0,0.0,0.0
465548602825,0.0,0.0,0.0,0.0,0.0,0.0
465602280854,0.0,0.0,0.0,0.0,0.0,0.0
465648219579,0.0,0.0,0.0,0.0,0.0,0.0
465698852419,0.0,0.0,0.0,0.0,0.0,0.0
465748381926,0.0,0.0,0.0,0.0,0.0,0.0
465800622286,0.0,0.0,0.0,0.0,0.0,0.0
465851944090,0.0,0.0,0.0,0.0,0.0,0.0
465898254001,0.0,0.0,0.0,0.0,0.0,0.0
465949122416,0.0,0.0,0.0,0.0,0.0,0.0
465998327051,0.0,0.0,0.0,0.0,0.0,0.0
466048661502,0.0,0.0,0.0,0.0,0.0,0.0
466100902918,0.0,0.0,0.0,0.0,0.0,0.0
466148518627,0.0,0.0,0.0,0.0,0.0,0.0
466199852690,0.0,0.0,0.0,0.0,0.0,0.0
466248833937,0.0,0.0,0.0,0.0,0.0,0.0
466301794186,0.0,0.0,0.0,0.0,0.0,0.0
466348628190,0.0,0.0,0.0,0.0,0.0,0.0
466399825550,0.0,0.0,0.0,0.0,0.0,0.0
466448431889,0.0,0.0,0.0,0.0,0.0,0.0
466498286599,0.0,0.0,0.0,0.0,0.0,0.0
466548492809,0.0,0.0,0.0,0.0,0.0,0.0
466601109170,0.0,0.0,0.0,0.0,0.0,0.0
466648201600,0.0,0.0,0.0,0.0,0.0,0.0
466698416848,0.0,0.0,0.0,0.0,0.0,0.0
466748154354,0.0,0.0,0.0,0.0,0.0,0.0
466798621491,0.0,0.0,0.0,0.0,0.0,0.0
466849736887,0.0,0.0,0.0,0.0,0.0,0.0
466898186319,0.0,0.0,0.0,0.0,0.0,0.0
466949655641,0.0,0.0,0.0,0.0,0.0,0.0
466999451129,0.0,0.0,0.0,0.0,0.0,0.0
467048554802,0.0,0.0,0.0,0.0,0.0,0.0
467104401406,0.0,0.0,0.0,0.0,0.0,0.0
467148548852,0.0,0.0,0.0,0.0,0.0,0.0
467202640418,0.0,0.0,0.0,0.0,0.0,0.0
467248530643,0.0,0.0,0.0,0.0,0.0,0.0
467299541336,0.0,0.0,0.0,0.0,0.0,0.0
467348283990,0.0,0.0,0.0,0.0,0.0,0.0
467398495182,0.0,0.0,0.0,0.0,0.0,0.0
467448361614,0.0,0.0,0.0,0.0,0.0,0.0
467498242121,0.0,0.0,0.0,0.0,0.0,0.0
467548864591,0.0,0.0,0.0,0.0,0.0,0.0
467598462079,0.0,0.0,0.0,0.0,0.0,0.0
467648558623,0.0,0.0,0.0,0.0,0.0,0.0
467699727390,0.0,0.0,0.0,0.0,0.0,0.0
467749292470,0.0,0.0,0.0,0.0,0.0,0.0
467801045793,0.0,0.0,0.0,0.0,0.0,0.0
467848257075,0.0,0.0,0.0,0.0,0.0,0.0
467898237952,0.0,0.0,0.0,0.0,0.0,0.0
467950706646,0.0,0.0,0.0,0.0,0.0,0.0
467998850411,0.0,0.0,0.0,0.0,0.0,0.0
468049882029,0.0,0.0,0.0,0.0,0.0,0.0
468098259923,0.0,0.0,0.0,0.0,0.0,0.0
468148390578,0.0,0.0,0.0,0.0,0.0,0.0
468198829437,0.0,0.0,0.0,0.0,0.0,0.0
468248199147,0.0,0.0,0.0,0.0,0.0,0.0
468299281099,0.0,0.0,0.0,0.0,0.0,0.0
468348150475,0.0,0.0,0.0,0.0,0.0,0.0
468398309501,0.0,0.0,0.0,0.0,0.0,0.0
468449855657,0.0,0.0,0.0,0.0,0.0,0.0
468498229644,0.0,0.0,0.0,0.0,0.0,0.0
468550502708,0.0,0.0,0.0,0.0,0.0,0.0
468598296694,0.0,0.0,0.0,0.0,0.0,0.0
468648284979,0.0,0.0,0.0,0.0,0.0,0.0
468699660468,0.0,0.0,0.0,0.0,0.0,0.0
468748329029,0.0,0.0,0.0,0.0,0.0,0.0
468798875000,0.0,0.0,0.0,0.0,0.0,0.0
468848217469,0.0,0.0,0.0,0.0,0.0,0.0
468898536365,0.0,0.0,0.0,0.0,0.0,0.0
468951087503,0.0,0.0,0.0,0.0,0.0,0.0
468998910619,0.0,0.0,0.0,0.0,0.0,0.0
469051365406,0.0,0.0,0.0,0.0,0.0,0.0
469098230021,0.0,0.0,0.0,0.0,0.0,0.0
469148259250,0.0,0.0,0.0,0.0,0.0,0.0
469200008536,0.0,0.0,0.0,0.0,0.0,0.0
469248285653,0.0,0.0,0.0,0.0,0.0,0.0
469298623308,0.0,0.0,0.0,0.0,0.0,0.0
469348248870,0.0,0.0,0.0,0.0,0.0,0.0
469399135340,0.0,0.0,0.0,0.0,0.0,0.0
469449390792,0.0,0.0,0.0,0.0,0.0,0.0
469498257279,0.0,0.0,0.0,0.0,0.0,0.0
469551230011,0.0,0.0,0.0,0.0,0.0,0.0
469599263775,0.0,0.0,0.0,0.0,0.0,0.0
469649569763,0.0,0.0,0.0,0.0,0.0,0.0
469700157882,0.0,0.0,0.0,0.0,0.0,0.0
469748332887,0.0,0.0,0.0,0.0,0.0,0.0
469798713357,0.0,0.0,0.0,0.0,0.0,0.0
469848281549,0.0,0.0,0.0,0.0,0.0,0.0
469898411130,0.0,0.0,0.0,0.0,0.0,0.0
469950323972,0.0,0.0,0.0,0.0,0.0,0.0
469998261588,0.0,0.0,0.0,0.0,0.0,0.0
470048723799,0.0,0.0,0.0,0.0,0.0,0.0
470098339990,0.0,0.0,0.0,0.0,0.0,0.0
470149054683,0.0,0.0,0.0,0.0,0.0,0.0
470203640638,0.0,0.0,0.0,0.0,0.0,0.0
470248742455,0.0,0.0,0.0,0.0,0.0,0.0
470300146945,0.0,0.0,0.0,0.0,0.0,0.0
470348210598,0.0,0.0,0.0,0.0,0.0,0.0
470398400735,0.0,0.0,0.0,0.0,0.0,0.0
470449784947,0.0,0.0,0.0,0.0,0.0,0.0
470498861693,0.0,0.0,0.0,0.0,0.0,0.0
470548798107,0.0,0.0,0.0,0.0,0.0,0.0
470598678373,0.0,0.0,0.0,0.0,0.0,0.0
470648252195,0.0,0.0,0.0,0.0,0.0,0.0
470700792241,0.0,0.0,0.0,0.0,0.0,0.0
470748282208,0.0,0.0,0.0,0.0,0.0,0.0
470799688791,0.0,0.0,0.0,0.0,0.0,0.0
470848099778,0.0,0.0,0.0,0.0,0.0,0.0
470899994342,0.0,0.0,0.0,0.0,0.0,0.0
470950846942,0.0,0.0,0.0,0.0,0.0,0.0
470998292780,0.0,0.0,0.0,0.0,0.0,0.0
471051219697,0.0,0.0,0.0,0.0,0.0,0.0
471098243719,0.0,0.0,0.0,0.0,0.0,0.0
471148254782,0.0,0.0,0.0,0.0,0.0,0.0
471200447513,0.0,0.0,0.0,0.0,0.0,0.0
471248944833,0.0,0.0,0.0,0.0,0.0,0.0
471298481303,0.0,0.0,0.0,0.0,0.0,0.0
471348277180,0.0,0.0,0.0,0.0,0.0,0.0
471399660132,0.0,0.0,0.0,0.0,0.0,0.0
471450867640,0.0,0.0,0.0,0.0,0.0,0.0
471498172274,0.0,0.0,0.0,0.0,0.0,0.0
471549657708,0.0,0.0,0.0,0.0,0.0,0.0
471600647512,0.0,0.0,0.0,0.0,0.0,0.0
471649259481,0.0,0.0,0.0,0.0,0.0,0.0
471700293285,0.0,0.0,0.0,0.0,0.0,0.0
471748278160,0.0,0.0,0.0,0.0,0.0,0.0
471799774095,0.0,0.0,0.0,0.0,0.0,0.0
471848504304,0.0,0.0,0.0,0.0,0.0,0.0
471900021535,0.0,0.0,0.0,0.0,0.0,0.0
471948743670,0.0,0.0,0.0,0.0,0.0,0.0
471999057529,0.0,0.0,0.0,0.0,0.0,0.0
472049257999,0.0,0.0,0.0,0.0,0.0,0.0
472098200024,0.0,0.0,0.0,0.0,0.0,0.0
472148273197,0.0,0.0,0.0,0.0,0.0,0.0
472198676723,0.0,0.0,0.0,0.0,0.0,0.0
472248231637,0.0,0.0,0.0,0.0,0.0,0.0
472301370554,0.0,0.0,0.0,0.0,0.0,0.0
472348651836,0.0,0.0,0.0,0.0,0.0,0.0
472399281436,0.0,0.0,0.0,0.0,0.0,0.0
472448305646,0.0,0.0,0.0,0.0,0.0,0.0
472498290560,0.0,0.0,0.0,0.0,0.0,0.0
472550814310,0.0,0.0,0.0,0.0,0.0,0.0
472598397371,0.0,0.0,0.0,0.0,0.0,0.0
472648285785,0.0,0.0,0.0,0.0,0.0,0.0
472698262477,0.0,0.0,0.0,0.0,0.0,0.0
472748654651,0.0,0.0,0.0,0.0,0.0,0.0
472802321661,0.0,0.0,0.0,0.0,0.0,0.0
472848982258,0.0,0.0,0.0,0.0,0.0,0.0
472900367414,0.0,0.0,0.0,0.0,0.0,0.0
472948148178,0.0,0.0,0.0,0.0,0.0,0.0
472998444889,0.0,0.0,0.0,0.0,0.0,0.0
473050762157,0.0,0.0,0.0,0.0,0.0,0.0
473098690570,0.0,0.0,0.0,0.0,0.0,0.0
473150005041,0.0,0.0,0.0,0.0,0.0,0.0
473198363454,0.0,0.0,0.0,0.0,0.0,0.0
473248235998,0.0,0.0,0.0,0.0,0.0,0.0
473298772950,0.0,0.0,0.0,0.0,0.0,0.0
473348195863,0.0,0.0,0.0,0.0,0.0,0.0
473400655299,0.0,0.0,0.0,0.0,0.0,0.0
473448207377,0.0,0.0,0.0,0.0,0.0,0.0
473498339366,0.0,0.0,0.0,0.0,0.0,0.0
473553287970,0.0,0.0,0.0,0.0,0.0,0.0
473598796232,0.0,0.0,0.0,0.0,0.0,0.0
473648279572,0.0,0.0,0.0,0.0,0.0,0.0
473698097357,0.0,0.0,0.0,0.0,0.0,0.0
473748093734,0.0,0.0,0.0,0.0,0.0,0.0
473804562265,0.0,0.0,0.0,0.0,0.0,0.0
473848160526,0.0,0.0,0.0,0.0,0.0,0.0
473898609885,0.0,0.0,0.0,0.0,0.0,0.0
473948170799,0.0,0.0,0.0,0.0,0.0,0.0
473998546825,0.0,0.0,0.0,0.0,0.0,0.0
474050952334,0.0,0.0,0.0,0.0,0.0,0.0
474098116079,0.0,0.0,0.0,0.0,0.0,0.0
474148620753,0.0,0.0,0.0,0.0,0.0,0.0
474198399593,0.0,0.0,0.0,0.0,0.0,0.0
474248436138,0.0,0.0,0.0,0.0,0.0,0.0
474301393647,0.0,0.0,0.0,0.0,0.0,0.0
474348314188,0.0,0.0,0.0,0.0,0.0,0.0
474398534862,0.0,0.0,0.0,0.0,0.0,0.0
474448315239,0.0,0.0,0.0,0.0,0.0,0.0
474499518044,0.0,0.0,0.0,0.0,0.0,0.0
474548636532,0.0,0.0,0.0,0.0,0.0,0.0
474598302372,0.0,0.0,0.0,0.0,0.0,0.0
474649963010,0.0,0.0,0.0,0.0,0.0,0.0
474698278589,0.0,0.0,0.0,0.0,0.0,0.0
474750160265,0.0,0.0,0.0,0.0,0.0,0.0
474800455365,0.0,0.0,0.0,0.0,0.0,0.0
474848247259,0.0,0.0,0.0,0.0,0.0,0.0
474898912377,0.0,0.0,0.0,0.0,0.0,0.0
474948336921,0.0,0.0,0.0,0.0,0.0,0.0
475000611208,0.0,0.0,0.0,0.0,0.0,0.0
475050499659,0.0,0.0,0.0,0.0,0.0,0.0
475098348053,0.0,0.0,0.0,0.0,0.0,0.0
475149744524,0.0,0.0,0.0,0.0,0.0,0.0
475198982549,0.0,0.0,0.0,0.0,0.0,0.0
475248919630,0.0,0.0,0.0,0.0,0.0,0.0
475303888475,0.0,0.0,0.0,0.0,0.0,0.0
475348182810,0.0,0.0,0.0,0.0,0.0,0.0
475403052155,0.0,0.0,0.0,0.0,0.0,0.0
475448486010,0.0,0.0,0.0,0.0,0.0,0.0
475499981537,0.0,0.0,0.0,0.0,0.0,0.0
475548216987,0.0,0.0,0.0,0.0,0.0,0.0
475598318235,0.0,0.0,0.0,0.0,0.0,0.0
475649925521,0.0,0.0,0.0,0.0,0.0,0.0
475699168120,0.0,0.0,0.0,0.0,0.0,0.0
475749618850,0.0,0.0,0.0,0.0,0.0,0.0
475798432689,0.0,0.0,0.0,0.0,0.0,0.0
475848388066,0.0,0.0,0.0,0.0,0.0,0.0
475900242760,0.0,0.0,0.0,0.0,0.0,0.0
475948132080,0.0,0.0,0.0,0.0,0.0,0.0
476001053627,0.0,0.0,0.0,0.0,0.0,0.0
476048213039,0.0,0.0,0.0,0.0,0.0,0.0
476098247435,0.0,0.0,0.0,0.0,0.0,0.0
476149624851,0.0,0.0,0.0,0.0,0.0,0.0
476198341060,0.0,0.0,0.0,0.0,0.0,0.0
476249077235,0.0,0.0,0.0,0.0,0.0,0.0
476298255389,0.0,0.0,0.0,0.0,0.0,0.0
476348218915,0.0,0.0,0.0,0.0,0.0,0.0
476399836331,0.0,0.0,0.0,0.0,0.0,0.0
476448941189,0.0,0.0,0.0,0.0,0.0,0.0
476498265047,0.0,0.0,0.0,0.0,0.0,0.0
476549475593,0.0,0.0,0.0,0.0,0.0,0.0
476598405932,0.0,0.0,0.0,0.0,0.0,0.0
476653823111,0.0,0.0,0.0,0.0,0.0,0.0
476698449002,0.0,0.0,0.0,0.0,0.0,0.0
476750098307,0.0,0.0,0.0,0.0,0.0,0.0
476799193035,0.0,0.0,0.0,0.0,0.0,0.0
476848241727,0.0,0.0,0.0,0.0,0.0,0.0
476902930164,0.0,0.0,0.0,0.0,0.0,0.0
476948306926,0.0,0.0,0.0,0.0,0.0,0.0
477000301065,0.0,0.0,0.0,0.0,0.0,0.0
477048404422,0.0,0.0,0.0,0.0,0.0,0.0
477098212096,0.0,0.0,0.0,0.0,0.0,0.0
477151116031,0.0,0.0,0.0,0.0,0.0,0.0
477198410999,0.0,0.0,0.0,0.0,0.0,0.0
477248283654,0.0,0.0,0.0,0.0,0.0,0.0
477301352164,0.0,0.0,0.0,0.0,0.0,0.0
477348263761,0.0,0.0,0.0,0.0,0.0,0.0
477399554214,0.0,0.0,0.0,0.0,0.0,0.0
477448319831,0.0,0.0,0.0,0.0,0.0,0.0
477498355079,0.0,0.0,0.0,0.0,0.0,0.0
477553639702,0.0,0.0,0.0,0.0,0.0,0.0
477598679890,0.0,0.0,0.0,0.0,0.0,0.0
477648736860,0.0,0.0,0.0,0.0,0.0,0.0
477698815738,0.0,0.0,0.0,0.0,0.0,0.0
477748388226,0.0,0.0,0.0,0.0,0.0,0.0
477798786900,0.0,0.0,0.0,0.0,0.0,0.0
477849069426,0.0,0.0,0.0,0.0,0.0,0.0
477899551582,0.0,0.0,0.0,0.0,0.0,0.0
477948307514,0.0,0.0,0.0,0.0,0.0,0.0
478000203041,0.0,0.0,0.0,0.0,0.0,0.0
478051549068,0.0,0.0,0.0,0.0,0.0,0.0
478098270165,0.0,0.0,0.0,0.0,0.0,0.0
478148435006,0.0,0.0,0.0,0.0,0.0,0.0
478198615846,0.0,0.0,0.0,0.0,0.0,0.0
478248388464,0.0,0.0,0.0,0.0,0.0,0.0
478299650473,0.0,0.0,0.0,0.0,0.0,0.0
478348264349,0.0,0.0,0.0,0.0,0.0,0.0
478399999839,0.0,0.0,0.0,0.0,0.0,0.0
478448291845,0.0,0.0,0.0,0.0,0.0,0.0
478500723854,0.0,0.0,0.0,0.0,0.0,0.0
478552824326,0.0,0.0,0.0,0.0,0.0,0.0
478599211053,0.0,0.0,0.0,0.0,0.0,0.0
478649424893,0.0,0.0,0.0,0.0,0.0,0.0
478698298881,0.0,0.0,0.0,0.0,0.0,0.0
478749989019,0.0,0.0,0.0,0.0,0.0,0.0
478799966434,0.0,0.0,0.0,0.0,0.0,0.0
478848264495,0.0,0.0,0.0,0.0,0.0,0.0
478899780041,0.0,0.0,0.0,0.0,0.0,0.0
478948230676,0.0,0.0,0.0,0.0,0.0,0.0
478998882369,0.0,0.0,0.0,0.0,0.0,0.0
479048622561,0.0,0.0,0.0,0.0,0.0,0.0
479098230050,0.0,0.0,0.0,0.0,0.0,0.0
479150112892,0.0,0.0,0.0,0.0,0.0,0.0
479198453416,0.0,0.0,0.0,0.0,0.0,0.0
479248428942,0.0,0.0,0.0,0.0,0.0,0.0
479298309357,0.0,0.0,0.0,0.0,0.0,0.0
479348278308,0.0,0.0,0.0,0.0,0.0,0.0
479400983114,0.0,0.0,0.0,0.0,0.0,0.0
479448220934,0.0,0.0,0.0,0.0,0.0,0.0
479498400904,0.0,0.0,0.0,0.0,0.0,0.0
479548332967,0.0,0.0,0.0,0.0,0.0,0.0
479599422697,0.0,0.0,0.0,0.0,0.0,0.0
479648285537,0.0,0.0,0.0,0.0,0.0,0.0
479698416248,0.0,0.0,0.0,0.0,0.0,0.0
479751805314,0.0,0.0,0.0,0.0,0.0,0.0
479799151708,0.0,0.0,0.0,0.0,0.0,0.0
479848364733,0.0,0.0,0.0,0.0,0.0,0.0
479900281982,0.0,0.0,0.0,0.0,0.0,0.0
479948196543,0.0,0.0,0.0,0.0,0.0,0.0
480002367573,0.0,0.0,0.0,0.0,0.0,0.0
480048316095,0.0,0.0,0.0,0.0,0.0,0.0
480098324602,0.0,0.0,0.0,0.0,0.0,0.0
480148225684,0.0,0.0,0.0,0.0,0.0,0.0
480198600451,0.0,0.0,0.0,0.0,0.0,0.0
480250340070,0.0,0.0,0.0,0.0,0.0,0.0
480298204298,0.0,0.0,0.0,0.0,0.0,0.0
480348257176,0.0,0.0,0.0,0.0,0.0,0.0
480398900943,0.0,0.0,0.0,0.0,0.0,0.0
480448279505,0.0,0.0,0.0,0.0,0.0,0.0
480500330385,0.0,0.0,0.0,0.0,0.0,0.0
480548246575,0.0,0.0,0.0,0.0,0.0,0.0
480601690197,0.0,0.0,0.0,0.0,0.0,0.0
480648176405,0.0,0.0,0.0,0.0,0.0,0.0
480698297356,0.0,0.0,0.0,0.0,0.0,0.0
480749984921,0.0,0.0,0.0,0.0,0.0,0.0
480798444668,0.0,0.0,0.0,0.0,0.0,0.0
480849031935,0.0,0.0,0.0,0.0,0.0,0.0
480898679053,0.0,0.0,0.0,0.0,0.0,0.0
480950528895,0.0,0.0,0.0,0.0,0.0,0.0
481002295793,0.0,0.0,0.0,0.0,0.0,0.0
481049265853,0.0,0.0,0.0,0.0,0.0,0.0
481102046474,0.0,0.0,0.0,0.0,0.0,0.0
481148209533,0.0,0.0,0.0,0.0,0.0,0.0
481198394633,0.0,0.0,0.0,0.0,0.0,0.0
481250730217,0.0,0.0,0.0,0.0,0.0,0.0
481298363111,0.0,0.0,0.0,0.0,0.0,0.0
481348644193,0.0,0.0,0.0,0.0,0.0,0.0
481398679589,0.0,0.0,0.0,0.0,0.0,0.0
481448258744,0.0,0.0,0.0,0.0,0.0,0.0
481499532234,0.0,0.0,0.0,0.0,0.0,0.0
481548368296,0.0,0.0,0.0,0.0,0.0,0.0
481599583823,0.0,0.0,0.0,0.0,0.0,0.0
481648092014,0.0,0.0,0.0,0.0,0.0,0.0
481698214373,0.0,0.0,0.0,0.0,0.0,0.0
481750284234,0.0,0.0,0.0,0.0,0.0,0.0
481798813370,0.0,0.0,0.0,0.0,0.0,0.0
481848582896,0.0,0.0,0.0,0.0,0.0,0.0
481898407644,0.0,0.0,0.0,0.0,0.0,0.0
481948270095,0.0,0.0,0.0,0.0,0.0,0.0
482000853253,0.0,0.0,0.0,0.0,0.0,0.0
482048466999,0.0,0.0,0.0,0.0,0.0,0.0
482099548582,0.0,0.0,0.0,0.0,0.0,0.0
482148572088,0.0,0.0,0.0,0.0,0.0,0.0
482201819228,0.0,0.0,0.0,0.0,0.0,0.0
482251316439,0.0,0.0,0.0,0.0,0.0,0.0
482298147054,0.0,0.0,0.0,0.0,0.0,0.0
482349665952,0.0,0.0,0.0,0.0,0.0,0.0
482398709847,0.0,0.0,0.0,0.0,0.0,0.0
482448348225,0.0,0.0,0.0,0.0,0.0,0.0
482499784215,0.0,0.0,0.0,0.0,0.0,0.0
482548265184,0.0,0.0,0.0,0.0,0.0,0.0
482599216099,0.0,0.0,0.0,0.0,0.0,0.0
482648367402,0.0,0.0,0.0,0.0,0.0,0.0
482698904021,0.0,0.0,0.0,0.0,0.0,0.0
482750283400,0.0,0.0,0.0,0.0,0.0,0.0
482798515795,0.0,0.0,0.0,0.0,0.0,0.0
482850473860,0.0,0.0,0.0,0.0,0.0,0.0
482898327699,0.0,0.0,0.0,0.0,0.0,0.0
482949421300,0.0,0.0,0.0,0.0,0.0,0.0
483000924308,0.0,0.0,0.0,0.0,0.0,0.0
483048277202,0.0,0.0,0.0,0.0,0.0,0.0
483099480118,0.0,0.0,0.0,0.0,0.0,0.0
483148345032,0.0,0.0,0.0,0.0,0.0,0.0
483200197800,0.0,0.0,0.0,0.0,0.0,0.0
483250666845,0.0,0.0,0.0,0.0,0.0,0.0
483298834740,0.0,0.0,0.0,0.0,0.0,0.0
483350291563,0.0,0.0,0.0,0.0,0.0,0.0
483398734181,0.0,0.0,0.0,0.0,0.0,0.0
483449825596,0.0,0.0,0.0,0.0,0.0,0.0
483498235102,0.0,0.0,0.0,0.0,0.0,0.0
483548654203,0.0,0.0,0.0,0.0,0.0,0.0
483603948548,0.0,0.0,0.0,0.0,0.0,0.0
483649755700,0.0,0.0,0.0,0.0,0.0,0.0
483698297873,0.0,0.0,0.0,0.0,0.0,0.0
483748236714,0.0,0.0,0.0,0.0,0.0,0.0
483798993500,0.0,0.0,0.0,0.0,0.0,0.0
483850101415,0.0,0.0,0.0,0.0,0.0,0.0
483898256421,0.0,0.0,0.0,0.0,0.0,0.0
483948786688,0.0,0.0,0.0,0.0,0.0,0.0
483999342419,0.0,0.0,0.0,0.0,0.0,0.0
484049804297,0.0,0.0,0.0,0.0,0.0,0.0
484098919378,0.0,0.0,0.0,0.0,0.0,0.0
484148206218,0.0,0.0,0.0,0.0,0.0,0.0
484202536136,0.0,0.0,0.0,0.0,0.0,0.0
484248798641,0.0,0.0,0.0,0.0,0.0,0.0
484300762520,0.0,0.0,0.0,0.0,0.0,0.0
484349974027,0.0,0.0,0.0,0.0,0.0,0.0
484398835922,0.0,0.0,0.0,0.0,0.0,0.0
484448503078,0.0,0.0,0.0,0.0,0.0,0.0
484498492678,0.0,0.0,0.0,0.0,0.0,0.0
484550114483,0.0,0.0,0.0,0.0,0.0,0.0
484601920862,0.0,0.0,0.0,0.0,0.0,0.0
484648478441,0.0,0.0,0.0,0.0,0.0,0.0
484699984616,0.0,0.0,0.0,0.0,0.0,0.0
484748626067,0.0,0.0,0.0,0.0,0.0,0.0
484801803448,0.0,0.0,0.0,0.0,0.0,0.0
484849957731,0.0,0.0,0.0,0.0,0.0,0.0
484898480478,0.0,0.0,0.0,0.0,0.0,0.0
484949159375,0.0,0.0,0.0,0.0,0.0,0.0
484998841605,0.0,0.0,0.0,0.0,0.0,0.0
485049816669,0.0,0.0,0.0,0.0,0.0,0.0
485101227974,0.0,0.0,0.0,0.0,0.0,0.0
485148249108,0.0,0.0,0.0,0.0,0.0,0.0
485199533969,0.0,0.0,0.0,0.0,0.0,0.0
485248289438,0.0,0.0,0.0,0.0,0.0,0.0
485298463964,0.0,0.0,0.0,0.0,0.0,0.0
485350501011,0.0,0.0,0.0,0.0,0.0,0.0
485398706535,0.0,0.0,0.0,0.0,0.0,0.0
485448936024,0.0,0.0,0.0,0.0,0.0,0.0
485499146254,0.0,0.0,0.0,0.0,0.0,0.0
485550564596,0.0,0.0,0.0,0.0,0.0,0.0
485598862288,0.0,0.0,0.0,0.0,0.0,0.0
485648287609,0.0,0.0,0.0,0.0,0.0,0.0
485701216694,0.0,0.0,0.0,0.0,0.0,0.0
485748945699,0.0,0.0,0.0,0.0,0.0,0.0
485799365355,0.0,0.0,0.0,0.0,0.0,0.0
485848822918,0.0,0.0,0.0,0.0,0.0,0.0
485898359536,0.0,0.0,0.0,0.0,0.0,0.0
485949947841,0.0,0.0,0.0,0.0,0.0,0.0
485998740626,0.0,0.0,0.0,0.0,0.0,0.0
486049928949,0.0,0.0,0.0,0.0,0.0,0.0
486098234362,0.0,0.0,0.0,0.0,0.0,0.0
486148482148,0.0,0.0,0.0,0.0,0.0,0.0
486200901454,0.0,0.0,0.0,0.0,0.0,0.0
486248238070,0.0,0.0,0.0,0.0,0.0,0.0
486298804893,0.0,0.0,0.0,0.0,0.0,0.0
486348217752,0.0,0.0,0.0,0.0,0.0,0.0
486399172038,0.0,0.0,0.0,0.0,0.0,0.0
486449717028,0.0,0.0,0.0,0.0,0.0,0.0
486498264608,0.0,0.0,0.0,0.0,0.0,0.0
486548412782,0.0,0.0,0.0,0.0,0.0,0.0
486599014420,0.0,0.0,0.0,0.0,0.0,0.0
486649331910,0.0,0.0,0.0,0.0,0.0,0.0
486701819308,0.0,0.0,0.0,0.0,0.0,0.0
486748235887,0.0,0.0,0.0,0.0,0.0,0.0
486800878063,0.0,0.0,0.0,0.0,0.0,0.0
486848203643,0.0,0.0,0.0,0.0,0.0,0.0
486899876318,0.0,0.0,0.0,0.0,0.0,0.0
486948886473,0.0,0.0,0.0,0.0,0.0,0.0
486998883092,0.0,0.0,0.0,0.0,0.0,0.0
487048524673,0.0,0.0,0.0,0.0,0.0,0.0
487098267403,0.0,0.0,0.0,0.0,0.0,0.0
487148507744,0.0,0.0,0.0,0.0,0.0,0.0
487200163031,0.0,0.0,0.0,0.0,0.0,0.0
487248201129,0.0,0.0,0.0,0.0,0.0,0.0
487298543267,0.0,0.0,0.0,0.0,0.0,0.0
487348121422,0.0,0.0,0.0,0.0,0.0,0.0
487399006949,0.0,0.0,0.0,0.0,0.0,0.0
487450301995,0.0,0.0,0.0,0.0,0.0,0.0
487498203575,0.0,0.0,0.0,0.0,0.0,0.0
487550059640,0.0,0.0,0.0,0.0,0.0,0.0
487598964831,0.0,0.0,0.0,0.0,0.0,0.0
487649816099,0.0,0.0,0.0,0.0,0.0,0.0
487701081034,0.0,0.0,0.0,0.0,0.0,0.0
487748337409,0.0,0.0,0.0,0.0,0.0,0.0
487801010160,0.0,0.0,0.0,0.0,0.0,0.0
487848496221,0.0,0.0,0.0,0.0,0.0,0.0
487899602970,0.0,0.0,0.0,0.0,0.0,0.0
487951554572,0.0,0.0,0.0,0.0,0.0,0.0
487999620375,0.0,0.0,0.0,0.0,0.0,0.0
488048908826,0.0,0.0,0.0,0.0,0.0,0.0
488098244241,0.0,0.0,0.0,0.0,0.0,0.0
488148969601,0.0,0.0,0.0,0.0,0.0,0.0
488200286924,0.0,0.0,0.0,0.0,0.0,0.0
488248233578,0.0,0.0,0.0,0.0,0.0,0.0
488298448790,0.0,0.0,0.0,0.0,0.0,0.0
488348294316,0.0,0.0,0.0,0.0,0.0,0.0
488399518047,0.0,0.0,0.0,0.0,0.0,0.0
488448376035,0.0,0.0,0.0,0.0,0.0,0.0
488498188857,0.0,0.0,0.0,0.0,0.0,0.0
488549946126,0.0,0.0,0.0,0.0,0.0,0.0
488598919725,0.0,0.0,0.0,0.0,0.0,0.0
488648239473,0.0,0.0,0.0,0.0,0.0,0.0
488699249296,0.0,0.0,0.0,0.0,0.0,0.0
488748220747,0.0,0.0,0.0,0.0,0.0,0.0
488799538738,0.0,0.0,0.0,0.0,0.0,0.0
488848329633,0.0,0.0,0.0,0.0,0.0,0.0
488899389716,0.0,0.0,0.0,0.0,0.0,0.0
488951329688,0.0,0.0,0.0,0.0,0.0,0.0
488999480806,0.0,0.0,0.0,0.0,0.0,0.0
489049074072,0.0,0.0,0.0,0.0,0.0,0.0
489098752487,0.0,0.0,0.0,0.0,0.0,0.0
489150307866,0.0,0.0,0.0,0.0,0.0,0.0
489200570689,0.0,0.0,0.0,0.0,0.0,0.0
489248290473,0.0,0.0,0.0,0.0,0.0,0.0
489302421095,0.0,0.0,0.0,0.0,0.0,0.0
489348305858,0.0,0.0,0.0,0.0,0.0,0.0
489399993867,0.0,0.0,0.0,0.0,0.0,0.0
489451154932,0.0,0.0,0.0,0.0,0.0,0.0
489498279641,0.0,0.0,0.0,0.0,0.0,0.0
489549127001,0.0,0.0,0.0,0.0,0.0,0.0
489598948675,0.0,0.0,0.0,0.0,0.0,0.0
489648314164,0.0,0.0,0.0,0.0,0.0,0.0
489699821951,0.0,0.0,0.0,0.0,0.0,0.0
489748252587,0.0,0.0,0.0,0.0,0.0,0.0
489800443170,0.0,0.0,0.0,0.0,0.0,0.0
489848263361,0.0,0.0,0.0,0.0,0.0,0.0
489899808296,0.0,0.0,0.0,0.0,0.0,0.0
489954170567,0.0,0.0,0.0,0.0,0.0,0.0
489999050867,0.0,0.0,0.0,0.0,0.0,0.0
490048358596,0.0,0.0,0.0,0.0,0.0,0.0
490098269696,0.0,0.0,0.0,0.0,0.0,0.0
490148259130,0.0,0.0,0.0,0.0,0.0,0.0
490200004824,0.0,0.0,0.0,0.0,0.0,0.0
490248363442,0.0,0.0,0.0,0.0,0.0,0.0
490298250079,0.0,0.0,0.0,0.0,0.0,0.0
490348293105,0.0,0.0,0.0,0.0,0.0,0.0
490399267984,0.0,0.0,0.0,0.0,0.0,0.0
490449156362,0.0,0.0,0.0,0.0,0.0,0.0
490498316980,0.0,0.0,0.0,0.0,0.0,0.0
490548873341,0.0,0.0,0.0,0.0,0.0,0.0
490599128867,0.0,0.0,0.0,0.0,0.0,0.0
490648831337,0.0,0.0,0.0,0.0,0.0,0.0
490699342753,0.0,0.0,0.0,0.0,0.0,0.0
490748300279,0.0,0.0,0.0,0.0,0.0,0.0
490799331787,0.0,0.0,0.0,0.0,0.0,0.0
490848344905,0.0,0.0,0.0,0.0,0.0,0.0
490899108840,0.0,0.0,0.0,0.0,0.0,0.0
490950243497,0.0,0.0,0.0,0.0,0.0,0.0
490998509095,0.0,0.0,0.0,0.0,0.0,0.0
491051455328,0.0,0.0,0.0,0.0,0.0,0.0
491098195055,0.0,0.0,0.0,0.0,0.0,0.0
491148173304,0.0,0.0,0.0,0.0,0.0,0.0
491200516813,0.0,0.0,0.0,0.0,0.0,0.0
491248253356,0.0,0.0,0.0,0.0,0.0,0.0
491298674605,0.0,0.0,0.0,0.0,0.0,0.0
491348315020,0.0,0.0,0.0,0.0,0.0,0.0
491399118362,0.0,0.0,0.0,0.0,0.0,0.0
491449995556,0.0,0.0,0.0,0.0,0.0,0.0
491498361414,0.0,0.0,0.0,0.0,0.0,0.0
491548559625,0.0,0.0,0.0,0.0,0.0,0.0
491598560133,0.0,0.0,0.0,0.0,0.0,0.0
491648490808,0.0,0.0,0.0,0.0,0.0,0.0
491698941112,0.0,0.0,0.0,0.0,0.0,0.0
491748252379,0.0,0.0,0.0,0.0,0.0,0.0
491801940668,0.0,0.0,0.0,0.0,0.0,0.0
491848342765,0.0,0.0,0.0,0.0,0.0,0.0
491900735515,0.0,0.0,0.0,0.0,0.0,0.0
491950805949,0.0,0.0,0.0,0.0,0.0,0.0
491998953363,0.0,0.0,0.0,0.0,0.0,0.0
492048463130,0.0,0.0,0.0,0.0,0.0,0.0
492098928027,0.0,0.0,0.0,0.0,0.0,0.0
492149467035,0.0,0.0,0.0,0.0,0.0,0.0
492199298320,0.0,0.0,0.0,0.0,0.0,0.0
492248220716,0.0,0.0,0.0,0.0,0.0,0.0
492300743634,0.0,0.0,0.0,0.0,0.0,0.0
492348215602,0.0,0.0,0.0,0.0,0.0,0.0
492398837722,0.0,0.0,0.0,0.0,0.0,0.0
492448214840,0.0,0.0,0.0,0.0,0.0,0.0
492498625848,0.0,0.0,0.0,0.0,0.0,0.0
492549839228,0.0,0.0,0.0,0.0,0.0,0.0
492598929623,0.0,0.0,0.0,0.0,0.0,0.0
492648437353,0.0,0.0,0.0,0.0,0.0,0.0
492698304046,0.0,0.0,0.0,0.0,0.0,0.0
492748327535,0.0,0.0,0.0,0.0,0.0,0.0
492801433805,0.0,0.0,0.0,0.0,0.0,0.0
492848272514,0.0,0.0,0.0,0.0,0.0,0.0
492898405096,0.0,0.0,0.0,0.0,0.0,0.0
492948323197,0.0,0.0,0.0,0.0,0.0,0.0
492999407076,0.0,0.0,0.0,0.0,0.0,0.0
493049297713,0.0,0.0,0.0,0.0,0.0,0.0
493098173683,0.0,0.0,0.0,0.0,0.0,0.0
493148490913,0.0,0.0,0.0,0.0,0.0,0.0
493199263607,0.0,0.0,0.0,0.0,0.0,0.0
493248298318,0.0,0.0,0.0,0.0,0.0,0.0
493300962291,0.0,0.0,0.0,0.0,0.0,0.0
493348554000,0.0,0.0,0.0,0.0,0.0,0.0
493400733510,0.0,0.0,0.0,0.0,0.0,0.0
493449324795,0.0,0.0,0.0,0.0,0.0,0.0
493498299283,0.0,0.0,0.0,0.0,0.0,0.0
493549111347,0.0,0.0,0.0,0.0,0.0,0.0
493599398504,0.0,0.0,0.0,0.0,0.0,0.0
493651420161,0.0,0.0,0.0,0.0,0.0,0.0
493698338074,0.0,0.0,0.0,0.0,0.0,0.0
493748785434,0.0,0.0,0.0,0.0,0.0,0.0
493799705647,0.0,0.0,0.0,0.0,0.0,0.0
493848208524,0.0,0.0,0.0,0.0,0.0,0.0
493898458143,0.0,0.0,0.0,0.0,0.0,0.0
493948204169,0.0,0.0,0.0,0.0,0.0,0.0
493998797103,0.0,0.0,0.0,0.0,0.0,0.0
494049882631,0.0,0.0,0.0,0.0,0.0,0.0
494098282971,0.0,0.0,0.0,0.0,0.0,0.0
494150266314,0.0,0.0,0.0,0.0,0.0,0.0
494199257858,0.0,0.0,0.0,0.0,0.0,0.0
494250814589,0.0,0.0,0.0,0.0,0.0,0.0
494298351910,0.0,0.0,0.0,0.0,0.0,0.0
494349391974,0.0,0.0,0.0,0.0,0.0,0.0
494399625427,0.0,0.0,0.0,0.0,0.0,0.0
494448152415,0.0,0.0,0.0,0.0,0.0,0.0
494498110237,0.0,0.0,0.0,0.0,0.0,0.0
494548055208,0.0,0.0,0.0,0.0,0.0,0.0
494599081699,0.0,0.0,0.0,0.0,0.0,0.0
494648842040,0.0,0.0,0.0,0.0,0.0,0.0
494698240288,0.0,0.0,0.0,0.0,0.0,0.0
494748100999,0.0,0.0,0.0,0.0,0.0,0.0
494798998193,0.0,0.0,0.0,0.0,0.0,0.0
494848233201,0.0,0.0,0.0,0.0,0.0,0.0
494901227748,0.0,0.0,0.0,0.0,0.0,0.0
494948247013,0.0,0.0,0.0,0.0,0.0,0.0
495000232652,0.0,0.0,0.0,0.0,0.0,0.0
495048496881,0.0,0.0,0.0,0.0,0.0,0.0
495098294074,0.0,0.0,0.0,0.0,0.0,0.0
495149558324,0.0,0.0,0.0,0.0,0.0,0.0
495198810275,0.0,0.0,0.0,0.0,0.0,0.0
495249579932,0.0,0.0,0.0,0.0,0.0,0.0
495298238587,0.0,0.0,0.0,0.0,0.0,0.0
495348305669,0.0,0.0,0.0,0.0,0.0,0.0
495402476644,0.0,0.0,0.0,0.0,0.0,0.0
495448263296,0.0,0.0,0.0,0.0,0.0,0.0
495498809582,0.0,0.0,0.0,0.0,0.0,0.0
495548235386,0.0,0.0,0.0,0.0,0.0,0.0
495599640599,0.0,0.0,0.0,0.0,0.0,0.0
495655572816,0.0,0.0,0.0,0.0,0.0,0.0
495699210504,0.0,0.0,0.0,0.0,0.0,0.0
495748662307,0.0,0.0,0.0,0.0,0.0,0.0
495798876130,0.0,0.0,0.0,0.0,0.0,0.0
495848303416,0.0,0.0,0.0,0.0,0.0,0.0
495899691869,0.0,0.0,0.0,0.0,0.0,0.0
495948295154,0.0,0.0,0.0,0.0,0.0,0.0
495999604534,0.0,0.0,0.0,0.0,0.0,0.0
496048344985,0.0,0.0,0.0,0.0,0.0,0.0
496099117086,0.0,0.0,0.0,0.0,0.0,0.0
496150930892,0.0,0.0,0.0,0.0,0.0,0.0
496199079398,0.0,0.0,0.0,0.0,0.0,0.0
496250078944,0.0,0.0,0.0,0.0,0.0,0.0
496298162469,0.0,0.0,0.0,0.0,0.0,0.0
496350478609,0.0,0.0,0.0,0.0,0.0,0.0
496402008785,0.0,0.0,0.0,0.0,0.0,0.0
496448289493,0.0,0.0,0.0,0.0,0.0,0.0
496500971152,0.0,0.0,0.0,0.0,0.0,0.0
496548228306,0.0,0.0,0.0,0.0,0.0,0.0
496601081557,0.0,0.0,0.0,0.0,0.0,0.0
496648921341,0.0,0.0,0.0,0.0,0.0,0.0
496698253478,0.0,0.0,0.0,0.0,0.0,0.0
496750011339,0.0,0.0,0.0,0.0,0.0,0.0
496798252142,0.0,0.0,0.0,0.0,0.0,0.0
496848232317,0.0,0.0,0.0,0.0,0.0,0.0
496898251306,0.0,0.0,0.0,0.0,0.0,0.0
496948335852,0.0,0.0,0.0,0.0,0.0,0.0
497000679862,0.0,0.0,0.0,0.0,0.0,0.0
497048306312,0.0,0.0,0.0,0.0,0.0,0.0
497098314005,0.0,0.0,0.0,0.0,0.0,0.0
497148292032,0.0,0.0,0.0,0.0,0.0,0.0
497198772263,0.0,0.0,0.0,0.0,0.0,0.0
497250551106,0.0,0.0,0.0,0.0,0.0,0.0
497298262815,0.0,0.0,0.0,0.0,0.0,0.0
497350111010,0.0,0.0,0.0,0.0,0.0,0.0
497399151888,0.0,0.0,0.0,0.0,0.0,0.0
497449345285,0.0,0.0,0.0,0.0,0.0,0.0
497499644978,0.0,0.0,0.0,0.0,0.0,0.0
497549295653,0.0,0.0,0.0,0.0,0.0,0.0
497601058051,0.0,0.0,0.0,0.0,0.0,0.0
497648270594,0.0,0.0,0.0,0.0,0.0,0.0
497700856808,0.0,0.0,0.0,0.0,0.0,0.0
497748904500,0.0,0.0,0.0,0.0,0.0,0.0
497798748396,0.0,0.0,0.0,0.0,0.0,0.0
497848482812,0.0,0.0,0.0,0.0,0.0,0.0
497898303449,0.0,0.0,0.0,0.0,0.0,0.0
497948353531,0.0,0.0,0.0,0.0,0.0,0.0
497998712318,0.0,0.0,0.0,0.0,0.0,0.0
498048283640,0.0,0.0,0.0,0.0,0.0,0.0
498099627668,0.0,0.0,0.0,0.0,0.0,0.0
498148613601,0.0,0.0,0.0,0.0,0.0,0.0
498199390758,0.0,0.0,0.0,0.0,0.0,0.0
498248290747,0.0,0.0,0.0,0.0,0.0,0.0
498298253495,0.0,0.0,0.0,0.0,0.0,0.0
498349292801,0.0,0.0,0.0,0.0,0.0,0.0
498398503327,0.0,0.0,0.0,0.0,0.0,0.0
498448370557,0.0,0.0,0.0,0.0,0.0,0.0
498498270213,0.0,0.0,0.0,0.0,0.0,0.0
498548191721,0.0,0.0,0.0,0.0,0.0,0.0
498600027564,0.0,0.0,0.0,0.0,0.0,0.0
498648382367,0.0,0.0,0.0,0.0,0.0,0.0
498698255875,0.0,0.0,0.0,0.0,0.0,0.0
498748260605,0.0,0.0,0.0,0.0,0.0,0.0
498799153577,0.0,0.0,0.0,0.0,0.0,0.0
498851687106,0.0,0.0,0.0,0.0,0.0,0.0
498898343945,0.0,0.0,0.0,0.0,0.0,0.0
498948602286,0.0,0.0,0.0,0.0,0.0,0.0
498999251110,0.0,0.0,0.0,0.0,0.0,0.0
499049088729,0.0,0.0,0.0,0.0,0.0,0.0
499100169683,0.0,0.0,0.0,0.0,0.0,0.0
499148262319,0.0,0.0,0.0,0.0,0.0,0.0
499198962661,0.0,0.0,0.0,0.0,0.0,0.0
499248325502,0.0,0.0,0.0,0.0,0.0,0.0
499298433991,0.0,0.0,0.0,0.0,0.0,0.0
499351105576,0.0,0.0,0.0,0.0,0.0,0.0
499399307601,0.0,0.0,0.0,0.0,0.0,0.0
499452931038,0.0,0.0,0.0,0.0,0.0,0.0
499498250524,0.0,0.0,0.0,0.0,0.0,0.0
499549154459,0.0,0.0,0.0,0.0,0.0,0.0
499602969285,0.0,0.0,0.0,0.0,0.0,0.0
499648293048,0.0,0.0,0.0,0.0,0.0,0.0
499698504223,0.0,0.0,0.0,0.0,0.0,0.0
499748269231,0.0,0.0,0.0,0.0,0.0,0.0
499799726111,0.0,0.0,0.0,0.0,0.0,0.0
499851729936,0.0,0.0,0.0,0.0,0.0,0.0
499898251997,0.0,0.0,0.0,0.0,0.0,0.0
499950609822,0.0,0.0,0.0,0.0,0.0,0.0
500000246607,0.0,0.0,0.0,0.0,0.0,0.0
500049606726,0.0,0.0,0.0,0.0,0.0,0.0
500101007013,0.0,0.0,0.0,0.0,0.0,0.0
500148213889,0.0,0.0,0.0,0.0,0.0,0.0
500200240418,0.0,0.0,0.0,0.0,0.0,0.0
500248506591,0.0,0.0,0.0,0.0,0.0,0.0
500299127711,0.0,0.0,0.0,0.0,0.0,0.0
500349453146,0.0,0.0,0.0,0.0,0.0,0.0
500401827711,0.0,0.0,0.0,0.0,0.0,0.0
500448284105,0.0,0.0,0.0,0.0,0.0,0.0
500498668836,0.0,0.0,0.0,0.0,0.0,0.0
500548707770,0.0,0.0,0.0,0.0,0.0,0.0
500602061059,0.0,0.0,0.0,0.0,0.0,0.0
500649963954,0.0,0.0,0.0,0.0,0.0,0.0
500699869296,0.0,0.0,0.0,0.0,0.0,0.0
500751138879,0.0,0.0,0.0,0.0,0.0,0.0
500807186634,0.0,0.0,0.0,0.0,0.0,0.0
500856835920,0.0,0.0,0.0,0.0,0.0,0.0
500904711074,0.0,0.0,0.0,0.0,0.0,0.0
500952705340,0.0,0.0,0.0,0.0,0.0,0.0
501008284779,0.0,0.0,0.0,0.0,0.0,0.0
501053518486,0.0,0.0,0.0,0.0,0.0,0.0
501101136678,0.0,0.0,0.0,0.0,0.0,0.0
501159916379,0.0,0.0,0.0,0.0,0.0,0.0
501204311623,0.0,0.0,0.0,0.0,0.0,0.0
501257793857,0.0,0.0,0.0,0.0,0.0,0.0
501300921118,0.0,0.0,0.0,0.0,0.0,0.0
501356697594,0.0,0.0,0.0,0.0,0.0,0.0
501403583600,0.0,0.0,0.0,0.0,0.0,0.0
501457869816,0.0,0.0,0.0,0.0,0.0,0.0
501519495538,0.0,0.0,0.0,0.0,0.0,0.0
501558125499,0.0,0.0,0.0,0.0,0.0,0.0
501603284984,0.0,0.0,0.0,0.0,0.0,0.0
501668725747,0.0,0.0,0.0,0.0,0.0,0.0
501704185909,0.0,0.0,0.0,0.0,0.0,0.0
501756280604,0.0,0.0,0.0,0.0,0.0,0.0
501813765675,0.0,0.0,0.0,0.0,0.0,0.0
501861816719,0.0,0.0,0.0,0.0,0.0,0.0
501905835721,0.0,0.0,0.0,0.0,0.0,0.0
501948634371,0.0,0.0,0.0,0.0,0.0,0.0
501999753140,0.0,0.0,0.0,0.0,0.0,0.0
502048771610,0.0,0.0,0.0,0.0,0.0,0.0
502103738678,0.0,0.0,0.0,0.0,0.0,0.0
502150051072,0.0,0.0,0.0,0.0,0.0,0.0
502199924321,0.0,0.0,0.0,0.0,0.0,0.0
502248500476,0.0,0.0,0.0,0.0,0.0,0.0
502298248744,0.0,0.0,0.0,0.0,0.0,0.0
502348106511,0.0,0.0,0.0,0.0,0.0,0.0
502399620706,0.0,0.0,0.0,0.0,0.0,0.0
502448554472,0.0,0.0,0.0,0.0,0.0,0.0
502498338055,0.0,0.0,0.0,0.0,0.0,0.0
502548296711,0.0,0.0,0.0,0.0,0.0,0.0
502599291387,0.0,0.0,0.0,0.0,0.0,0.0
502649619840,0.0,0.0,0.0,0.0,0.0,0.0
502698732366,0.0,0.0,0.0,0.0,0.0,0.0
502749394616,0.0,0.0,0.0,0.0,0.0,0.0
502798198771,0.0,0.0,0.0,0.0,0.0,0.0
502849948651,0.0,0.0,0.0,0.0,0.0,0.0
502898804084,0.0,0.0,0.0,0.0,0.0,0.0
502949646353,0.0,0.0,0.0,0.0,0.0,0.0
502998735027,0.0,0.0,0.0,0.0,0.0,0.0
503048959128,0.0,0.0,0.0,0.0,0.0,0.0
503098418062,0.0,0.0,0.0,0.0,0.0,0.0
503148281385,0.0,0.0,0.0,0.0,0.0,0.0
503200016561,0.0,0.0,0.0,0.0,0.0,0.0
503253775166,0.0,0.0,0.0,0.0,0.0,0.0
503298282206,0.0,0.0,0.0,0.0,0.0,0.0
503348316455,0.0,0.0,0.0,0.0,0.0,0.0
503401636744,0.0,0.0,0.0,0.0,0.0,0.0
503448297731,0.0,0.0,0.0,0.0,0.0,0.0
503500481834,0.0,0.0,0.0,0.0,0.0,0.0
503548391766,0.0,0.0,0.0,0.0,0.0,0.0
503602894871,0.0,0.0,0.0,0.0,0.0,0.0
503648356542,0.0,0.0,0.0,0.0,0.0,0.0
503698666829,0.0,0.0,0.0,0.0,0.0,0.0
503749209578,0.0,0.0,0.0,0.0,0.0,0.0
503803828035,0.0,0.0,0.0,0.0,0.0,0.0
503851517727,0.0,0.0,0.0,0.0,0.0,0.0
503899536918,0.0,0.0,0.0,0.0,0.0,0.0
503952359485,0.0,0.0,0.0,0.0,0.0,0.0
504002026623,0.0,0.0,0.0,0.0,0.0,0.0
504048538183,0.0,0.0,0.0,0.0,0.0,0.0
504102761992,0.0,0.0,0.0,0.0,0.0,0.0
504148842812,0.0,0.0,0.0,0.0,0.0,0.0
504206337160,0.0,0.0,0.0,0.0,0.0,0.0
504248518013,0.0,0.0,0.0,0.0,0.0,0.0
504301573598,0.0,0.0,0.0,0.0,0.0,0.0
504348335937,0.0,0.0,0.0,0.0,0.0,0.0
504402760838,0.0,0.0,0.0,0.0,0.0,0.0
504448795325,0.0,0.0,0.0,0.0,0.0,0.0
504503773838,0.0,0.0,0.0,0.0,0.0,0.0
504548488471,0.0,0.0,0.0,0.0,0.0,0.0
504602835576,0.0,0.0,0.0,0.0,0.0,0.0
504648273524,0.0,0.0,0.0,0.0,0.0,0.0
504699900312,0.0,0.0,0.0,0.0,0.0,0.0
504748656838,0.0,0.0,0.0,0.0,0.0,0.0
504799420532,0.0,0.0,0.0,0.0,0.0,0.0
504848255299,0.0,0.0,0.0,0.0,0.0,0.0
504898964067,0.0,0.0,0.0,0.0,0.0,0.0
504948271908,0.0,0.0,0.0,0.0,0.0,0.0
505001693290,0.0,0.0,0.0,0.0,0.0,0.0
505048790518,0.0,0.0,0.0,0.0,0.0,0.0
505099823342,0.0,0.0,0.0,0.0,0.0,0.0
505149609406,0.0,0.0,0.0,0.0,0.0,0.0
505203506159,0.0,0.0,0.0,0.0,0.0,0.0
505250331275,0.0,0.0,0.0,0.0,0.0,0.0
505313705666,0.0,0.0,0.0,0.0,0.0,0.0
505349806292,0.0,0.0,0.0,0.0,0.0,0.0
505401340857,0.0,0.0,0.0,0.0,0.0,0.0
505456025610,0.0,0.0,0.0,0.0,0.0,0.0
505500274465,0.0,0.0,0.0,0.0,0.0,0.0
505548485954,0.0,0.0,0.0,0.0,0.0,0.0
505599929334,0.0,0.0,0.0,0.0,0.0,0.0
505648896823,0.0,0.0,0.0,0.0,0.0,0.0
505700910277,0.0,0.0,0.0,0.0,0.0,0.0
505748318728,0.0,0.0,0.0,0.0,0.0,0.0
505801578314,0.0,0.0,0.0,0.0,0.0,0.0
505848827505,0.0,0.0,0.0,0.0,0.0,0.0
505899106050,0.0,0.0,0.0,0.0,0.0,0.0
505948229503,0.0,0.0,0.0,0.0,0.0,0.0
505999227956,0.0,0.0,0.0,0.0,0.0,0.0
506052379208,0.0,0.0,0.0,0.0,0.0,0.0
506099003325,0.0,0.0,0.0,0.0,0.0,0.0
506150413538,0.0,0.0,0.0,0.0,0.0,0.0
506204766180,0.0,0.0,0.0,0.0,0.0,0.0
506250988278,0.0,0.0,0.0,0.0,0.0,0.0
506298225710,0.0,0.0,0.0,0.0,0.0,0.0
506349324386,0.0,0.0,0.0,0.0,0.0,0.0
506398822857,0.0,0.0,0.0,0.0,0.0,0.0
506450433496,0.0,0.0,0.0,0.0,0.0,0.0
506498630874,0.0,0.0,0.0,0.0,0.0,0.0
506548778364,0.0,0.0,0.0,0.0,0.0,0.0
506600813189,0.0,0.0,0.0,0.0,0.0,0.0
506648341602,0.0,0.0,0.0,0.0,0.0,0.0
506700485168,0.0,0.0,0.0,0.0,0.0,0.0
506748731638,0.0,0.0,0.0,0.0,0.0,0.0
506801296020,0.0,0.0,0.0,0.0,0.0,0.0
506848074840,0.0,0.0,0.0,0.0,0.0,0.0
506898787608,0.0,0.0,0.0,0.0,0.0,0.0
506948223246,0.0,0.0,0.0,0.0,0.0,0.0
506999017422,0.0,0.0,0.0,0.0,0.0,0.0
507048227041,0.0,0.0,0.0,0.0,0.0,0.0
507100802533,0.0,0.0,0.0,0.0,0.0,0.0
507149091873,0.0,0.0,0.0,0.0,0.0,0.0
507199962883,0.0,0.0,0.0,0.0,0.0,0.0
507250962688,0.0,0.0,0.0,0.0,0.0,0.0
507298688010,0.0,0.0,0.0,0.0,0.0,0.0
507349522797,0.0,0.0,0.0,0.0,0.0,0.0
507398294489,0.0,0.0,0.0,0.0,0.0,0.0
507450695129,0.0,0.0,0.0,0.0,0.0,0.0
507498247673,0.0,0.0,0.0,0.0,0.0,0.0
507548980145,0.0,0.0,0.0,0.0,0.0,0.0
507599780247,0.0,0.0,0.0,0.0,0.0,0.0
507648524032,0.0,0.0,0.0,0.0,0.0,0.0
507698225688,0.0,0.0,0.0,0.0,0.0,0.0
507748115271,0.0,0.0,0.0,0.0,0.0,0.0
507801717227,0.0,0.0,0.0,0.0,0.0,0.0
507848316844,0.0,0.0,0.0,0.0,0.0,0.0
507898446315,0.0,0.0,0.0,0.0,0.0,0.0
507948923602,0.0,0.0,0.0,0.0,0.0,0.0
508002541151,0.0,0.0,0.0,0.0,0.0,0.0
508048792508,0.0,0.0,0.0,0.0,0.0,0.0
508099326480,0.0,0.0,0.0,0.0,0.0,0.0
508150056211,0.0,0.0,0.0,0.0,0.0,0.0
508208423172,0.0,0.0,0.0,0.0,0.0,0.0
508248539746,0.0,0.0,0.0,0.0,0.0,0.0
508304178333,0.0,0.0,0.0,0.0,0.0,0.0
508348827300,0.0,0.0,0.0,0.0,0.0,0.0
508400031717,0.0,0.0,0.0,0.0,0.0,0.0
508449561040,0.0,0.0,0.0,0.0,0.0,0.0
508498941048,0.0,0.0,0.0,0.0,0.0,0.0
508549679668,0.0,0.0,0.0,0.0,0.0,0.0
508598289194,0.0,0.0,0.0,0.0,0.0,0.0
508648405795,0.0,0.0,0.0,0.0,0.0,0.0
508700406565,0.0,0.0,0.0,0.0,0.0,0.0
508748250294,0.0,0.0,0.0,0.0,0.0,0.0
508798420136,0.0,0.0,0.0,0.0,0.0,0.0
508848547274,0.0,0.0,0.0,0.0,0.0,0.0
508899255283,0.0,0.0,0.0,0.0,0.0,0.0
508948617162,0.0,0.0,0.0,0.0,0.0,0.0
508998333929,0.0,0.0,0.0,0.0,0.0,0.0
509051341830,0.0,0.0,0.0,0.0,0.0,0.0
509098952169,0.0,0.0,0.0,0.0,0.0,0.0
509148627826,0.0,0.0,0.0,0.0,0.0,0.0
509198445242,0.0,0.0,0.0,0.0,0.0,0.0
509249614307,0.0,0.0,0.0,0.0,0.0,0.0
509298389685,0.0,0.0,0.0,0.0,0.0,0.0
509348323064,0.0,0.0,0.0,0.0,0.0,0.0
509398842721,0.0,0.0,0.0,0.0,0.0,0.0
509448655692,0.0,0.0,0.0,0.0,0.0,0.0
509499454461,0.0,0.0,0.0,0.0,0.0,0.0
509548284690,0.0,0.0,0.0,0.0,0.0,0.0
509598215236,0.0,0.0,0.0,0.0,0.0,0.0
509648712190,0.0,0.0,0.0,0.0,0.0,0.0
509699783477,0.0,0.0,0.0,0.0,0.0,0.0
509748921725,0.0,0.0,0.0,0.0,0.0,0.0
509798247604,0.0,0.0,0.0,0.0,0.0,0.0
509852135690,0.0,0.0,0.0,0.0,0.0,0.0
509898252010,0.0,0.0,0.0,0.0,0.0,0.0
509948364611,0.0,0.0,0.0,0.0,0.0,0.0
509998924620,0.0,0.0,0.0,0.0,0.0,0.0
510049409130,0.0,0.0,0.0,0.0,0.0,0.0
510098261470,0.0,0.0,0.0,0.0,0.0,0.0
510148201794,0.0,0.0,0.0,0.0,0.0,0.0
510201848584,0.0,0.0,0.0,0.0,0.0,0.0
510248235441,0.0,0.0,0.0,0.0,0.0,0.0
510302054027,0.0,0.0,0.0,0.0,0.0,0.0
510348790070,0.0,0.0,0.0,0.0,0.0,0.0
510400652284,0.0,0.0,0.0,0.0,0.0,0.0
510448312716,0.0,0.0,0.0,0.0,0.0,0.0
510498367336,0.0,0.0,0.0,0.0,0.0,0.0
510551625310,0.0,0.0,0.0,0.0,0.0,0.0
510604716377,0.0,0.0,0.0,0.0,0.0,0.0
510659209001,0.0,0.0,0.0,0.0,0.0,0.0
510698230426,0.0,0.0,0.0,0.0,0.0,0.0
510756782183,0.0,0.0,0.0,0.0,0.0,0.0
510799485667,0.0,0.0,0.0,0.0,0.0,0.0
510849576935,0.0,0.0,0.0,0.0,0.0,0.0
510902616761,0.0,0.0,0.0,0.0,0.0,0.0
510948548340,0.0,0.0,0.0,0.0,0.0,0.0
511005858078,0.0,0.0,0.0,0.0,0.0,0.0
511050324266,0.0,0.0,0.0,0.0,0.0,0.0
511098830607,0.0,0.0,0.0,0.0,0.0,0.0
511150471191,0.0,0.0,0.0,0.0,0.0,0.0
511199666903,0.0,0.0,0.0,0.0,0.0,0.0
511252778951,0.0,0.0,0.0,0.0,0.0,0.0
511299180512,0.0,0.0,0.0,0.0,0.0,0.0
511357674770,0.0,0.0,0.0,0.0,0.0,0.0
511398633677,0.0,0.0,0.0,0.0,0.0,0.0
511450559169,0.0,0.0,0.0,0.0,0.0,0.0
511500091659,0.0,0.0,0.0,0.0,0.0,0.0
511552046651,0.0,0.0,0.0,0.0,0.0,0.0
511600447269,0.0,0.0,0.0,0.0,0.0,0.0
511648228980,0.0,0.0,0.0,0.0,0.0,0.0
511716040875,0.0,0.0,0.0,0.0,0.0,0.0
511748387331,0.0,0.0,0.0,0.0,0.0,0.0
511799272766,0.0,0.0,0.0,0.0,0.0,0.0
511848437163,0.0,0.0,0.0,0.0,0.0,0.0
511899949062,0.0,0.0,0.0,0.0,0.0,0.0
511950310367,0.0,0.0,0.0,0.0,0.0,0.0
512000476635,0.0,0.0,0.0,0.0,0.0,0.0
512048540013,0.0,0.0,0.0,0.0,0.0,0.0
512098825651,0.0,0.0,0.0,0.0,0.0,0.0
512152242496,0.0,0.0,0.0,0.0,0.0,0.0
512198646391,0.0,0.0,0.0,0.0,0.0,0.0
512248497733,0.0,0.0,0.0,0.0,0.0,0.0
512298424352,0.0,0.0,0.0,0.0,0.0,0.0
512354195811,0.0,0.0,0.0,0.0,0.0,0.0
512417191498,0.0,0.0,0.0,0.0,0.0,0.0
512450080084,0.0,0.0,0.0,0.0,0.0,0.0
512498600073,0.0,0.0,0.0,0.0,0.0,0.0
512555099310,0.0,0.0,0.0,0.0,0.0,0.0
512614965568,0.0,0.0,0.0,0.0,0.0,0.0
512657506144,0.0,0.0,0.0,0.0,0.0,0.0
512707878042,0.0,0.0,0.0,0.0,0.0,0.0
512760526109,0.0,0.0,0.0,0.0,0.0,0.0
512805463909,0.0,0.0,0.0,0.0,0.0,0.0
512856152493,0.0,0.0,0.0,0.0,0.0,0.0
512902687702,0.0,0.0,0.0,0.0,0.0,0.0
512949323208,0.0,0.0,0.0,0.0,0.0,0.0
512999252420,0.0,0.0,0.0,0.0,0.0,0.0
513052114042,0.0,0.0,0.0,0.0,0.0,0.0
513102834015,0.0,0.0,0.0,0.0,0.0,0.0
513149792780,0.0,0.0,0.0,0.0,0.0,0.0
513199567566,0.0,0.0,0.0,0.0,0.0,0.0
513248927963,0.0,0.0,0.0,0.0,0.0,0.0
513298954954,0.0,0.0,0.0,0.0,0.0,0.0
513348874240,0.0,0.0,0.0,0.0,0.0,0.0
513398185341,0.0,0.0,0.0,0.0,0.0,0.0
513448658035,0.0,0.0,0.0,0.0,0.0,0.0
513500830379,0.0,0.0,0.0,0.0,0.0,0.0
513549129775,0.0,0.0,0.0,0.0,0.0,0.0
513599877507,0.0,0.0,0.0,0.0,0.0,0.0
513648452570,0.0,0.0,0.0,0.0,0.0,0.0
513698594838,0.0,0.0,0.0,0.0,0.0,0.0
513748551625,0.0,0.0,0.0,0.0,0.0,0.0
513799134708,0.0,0.0,0.0,0.0,0.0,0.0
513850143588,0.0,0.0,0.0,0.0,0.0,0.0
513898549985,0.0,0.0,0.0,0.0,0.0,0.0
513959539800,0.0,0.0,0.0,0.0,0.0,0.0
513998614780,0.0,0.0,0.0,0.0,0.0,0.0
514057713742,0.0,0.0,0.0,0.0,0.0,0.0
514098267705,0.0,0.0,0.0,0.0,0.0,0.0
514150298178,0.0,0.0,0.0,0.0,0.0,0.0
514202529393,0.0,0.0,0.0,0.0,0.0,0.0
514248570824,0.0,0.0,0.0,0.0,0.0,0.0
514300379223,0.0,0.0,0.0,0.0,0.0,0.0
514348750379,0.0,0.0,0.0,0.0,0.0,0.0
514402258909,0.0,0.0,0.0,0.0,0.0,0.0
514451047769,0.0,0.0,0.0,0.0,0.0,0.0
514501656908,0.0,0.0,0.0,0.0,0.0,0.0
514554771438,0.0,0.0,0.0,0.0,0.0,0.0
514599243757,0.0,0.0,0.0,0.0,0.0,0.0
514649694192,0.0,0.0,0.0,0.0,0.0,0.0
514706103633,0.0,0.0,0.0,0.0,0.0,0.0
514749679821,0.0,0.0,0.0,0.0,0.0,0.0
514803073536,0.0,0.0,0.0,0.0,0.0,0.0
514849453134,0.0,0.0,0.0,0.0,0.0,0.0
514901824960,0.0,0.0,0.0,0.0,0.0,0.0
514952177895,0.0,0.0,0.0,0.0,0.0,0.0
514998487864,0.0,0.0,0.0,0.0,0.0,0.0
515049985170,0.0,0.0,0.0,0.0,0.0,0.0
515098934660,0.0,0.0,0.0,0.0,0.0,0.0
515149067280,0.0,0.0,0.0,0.0,0.0,0.0
515199426882,0.0,0.0,0.0,0.0,0.0,0.0
515248248408,0.0,0.0,0.0,0.0,0.0,0.0
515298148213,0.0,0.0,0.0,0.0,0.0,0.0
515351063724,0.0,0.0,0.0,0.0,0.0,0.0
515399164583,0.0,0.0,0.0,0.0,0.0,0.0
515450890409,0.0,0.0,0.0,0.0,0.0,0.0
515499743250,0.0,0.0,0.0,0.0,0.0,0.0
515549344295,0.0,0.0,0.0,0.0,0.0,0.0
515598490970,0.0,0.0,0.0,0.0,0.0,0.0
515650454370,0.0,0.0,0.0,0.0,0.0,0.0
515698912525,0.0,0.0,0.0,0.0,0.0,0.0
515763638937,0.0,0.0,0.0,0.0,0.0,0.0
515799479210,0.0,0.0,0.0,0.0,0.0,0.0
515848745033,0.0,0.0,0.0,0.0,0.0,0.0
515898836376,0.0,0.0,0.0,0.0,0.0,0.0
515949929793,0.0,0.0,0.0,0.0,0.0,0.0
516000514487,0.0,0.0,0.0,0.0,0.0,0.0
516048672328,0.0,0.0,0.0,0.0,0.0,0.0
516101036228,0.0,0.0,0.0,0.0,0.0,0.0
516148598161,0.0,0.0,0.0,0.0,0.0,0.0
516201145783,0.0,0.0,0.0,0.0,0.0,0.0
516248858160,0.0,0.0,0.0,0.0,0.0,0.0
516299476151,0.0,0.0,0.0,0.0,0.0,0.0
516348398122,0.0,0.0,0.0,0.0,0.0,0.0
516398677983,0.0,0.0,0.0,0.0,0.0,0.0
516448412177,0.0,0.0,0.0,0.0,0.0,0.0
516498786871,0.0,0.0,0.0,0.0,0.0,0.0
516548879806,0.0,0.0,0.0,0.0,0.0,0.0
516598642555,0.0,0.0,0.0,0.0,0.0,0.0
516649575121,0.0,0.0,0.0,0.0,0.0,0.0
516698525443,0.0,0.0,0.0,0.0,0.0,0.0
516748708656,0.0,0.0,0.0,0.0,0.0,0.0
516802428817,0.0,0.0,0.0,0.0,0.0,0.0
516849728971,0.0,0.0,0.0,0.0,0.0,0.0
516898349442,0.0,0.0,0.0,0.0,0.0,0.0
516950900990,0.0,0.0,0.0,0.0,0.0,0.0
516998474627,0.0,0.0,0.0,0.0,0.0,0.0
517053889326,0.0,0.0,0.0,0.0,0.0,0.0
517098271959,0.0,0.0,0.0,0.0,0.0,0.0
517154747900,0.0,0.0,0.0,0.0,0.0,0.0
517199019700,0.0,0.0,0.0,0.0,0.0,0.0
