[0.155s] DEBUG:colcon:Command line arguments: ['/usr/bin/colcon', 'build']
[0.155s] DEBUG:colcon:Parsed command line arguments: Namespace(log_base=None, log_level=None, verb_name='build', build_base='build', install_base='install', merge_install=False, symlink_install=False, test_result_base=None, continue_on_error=False, executor='parallel', parallel_workers=4, event_handlers=None, ignore_user_meta=False, metas=['./colcon.meta'], base_paths=['.'], packages_ignore=None, packages_ignore_regex=None, paths=None, packages_up_to=None, packages_up_to_regex=None, packages_above=None, packages_above_and_dependencies=None, packages_above_depth=None, packages_select_by_dep=None, packages_skip_by_dep=None, packages_skip_up_to=None, packages_select_build_failed=False, packages_skip_build_finished=False, packages_select_test_failures=False, packages_skip_test_passed=False, packages_select=None, packages_skip=None, packages_select_regex=None, packages_skip_regex=None, packages_start=None, packages_end=None, cmake_args=None, cmake_target=None, cmake_target_skip_unavailable=False, cmake_clean_cache=False, cmake_clean_first=False, cmake_force_configure=False, ament_cmake_args=None, catkin_cmake_args=None, catkin_skip_building_tests=False, mixin_files=None, mixin=None, verb_parser=<colcon_mixin.mixin.mixin_argument.MixinArgumentDecorator object at 0xffff9af05d30>, verb_extension=<colcon_core.verb.build.BuildVerb object at 0xffff9b0f2420>, main=<bound method BuildVerb.main of <colcon_core.verb.build.BuildVerb object at 0xffff9b0f2420>>, mixin_verb=('build',))
[0.214s] Level 1:colcon.colcon_core.package_discovery:discover_packages(colcon_meta) check parameters
[0.215s] Level 1:colcon.colcon_core.package_discovery:discover_packages(recursive) check parameters
[0.215s] Level 1:colcon.colcon_core.package_discovery:discover_packages(ignore) check parameters
[0.215s] Level 1:colcon.colcon_core.package_discovery:discover_packages(path) check parameters
[0.215s] Level 1:colcon.colcon_core.package_discovery:discover_packages(colcon_meta) discover
[0.215s] Level 1:colcon.colcon_core.package_discovery:discover_packages(recursive) discover
[0.215s] INFO:colcon.colcon_core.package_discovery:Crawling recursively for packages in '/home/racecar/ros2_ws/src/Team10_GROS5'
[0.215s] Level 1:colcon.colcon_core.package_identification:_identify(.) by extensions ['ignore', 'ignore_ament_install']
[0.215s] Level 1:colcon.colcon_core.package_identification:_identify(.) by extension 'ignore'
[0.215s] Level 1:colcon.colcon_core.package_identification:_identify(.) by extension 'ignore_ament_install'
[0.215s] Level 1:colcon.colcon_core.package_identification:_identify(.) by extensions ['colcon_pkg']
[0.215s] Level 1:colcon.colcon_core.package_identification:_identify(.) by extension 'colcon_pkg'
[0.215s] Level 1:colcon.colcon_core.package_identification:_identify(.) by extensions ['colcon_meta']
[0.215s] Level 1:colcon.colcon_core.package_identification:_identify(.) by extension 'colcon_meta'
[0.215s] Level 1:colcon.colcon_core.package_identification:_identify(.) by extensions ['ros']
[0.215s] Level 1:colcon.colcon_core.package_identification:_identify(.) by extension 'ros'
[0.256s] Level 1:colcon.colcon_core.package_identification:_identify(.) by extensions ['cmake', 'python']
[0.256s] Level 1:colcon.colcon_core.package_identification:_identify(.) by extension 'cmake'
[0.256s] Level 1:colcon.colcon_core.package_identification:_identify(.) by extension 'python'
[0.256s] Level 1:colcon.colcon_core.package_identification:_identify(.) by extensions ['python_setup_py']
[0.256s] Level 1:colcon.colcon_core.package_identification:_identify(.) by extension 'python_setup_py'
[0.256s] Level 1:colcon.colcon_core.package_identification:_identify(build) by extensions ['ignore', 'ignore_ament_install']
[0.256s] Level 1:colcon.colcon_core.package_identification:_identify(build) by extension 'ignore'
[0.256s] Level 1:colcon.colcon_core.package_identification:_identify(build) ignored
[0.256s] Level 1:colcon.colcon_core.package_identification:_identify(install) by extensions ['ignore', 'ignore_ament_install']
[0.257s] Level 1:colcon.colcon_core.package_identification:_identify(install) by extension 'ignore'
[0.257s] Level 1:colcon.colcon_core.package_identification:_identify(install) ignored
[0.257s] Level 1:colcon.colcon_core.package_identification:_identify(log) by extensions ['ignore', 'ignore_ament_install']
[0.257s] Level 1:colcon.colcon_core.package_identification:_identify(log) by extension 'ignore'
[0.257s] Level 1:colcon.colcon_core.package_identification:_identify(log) ignored
[0.257s] Level 1:colcon.colcon_core.package_identification:_identify(racecar-ros2) by extensions ['ignore', 'ignore_ament_install']
[0.257s] Level 1:colcon.colcon_core.package_identification:_identify(racecar-ros2) by extension 'ignore'
[0.257s] Level 1:colcon.colcon_core.package_identification:_identify(racecar-ros2) by extension 'ignore_ament_install'
[0.257s] Level 1:colcon.colcon_core.package_identification:_identify(racecar-ros2) by extensions ['colcon_pkg']
[0.257s] Level 1:colcon.colcon_core.package_identification:_identify(racecar-ros2) by extension 'colcon_pkg'
[0.257s] Level 1:colcon.colcon_core.package_identification:_identify(racecar-ros2) by extensions ['colcon_meta']
[0.257s] Level 1:colcon.colcon_core.package_identification:_identify(racecar-ros2) by extension 'colcon_meta'
[0.257s] Level 1:colcon.colcon_core.package_identification:_identify(racecar-ros2) by extensions ['ros']
[0.257s] Level 1:colcon.colcon_core.package_identification:_identify(racecar-ros2) by extension 'ros'
[0.257s] Level 1:colcon.colcon_core.package_identification:_identify(racecar-ros2) by extensions ['cmake', 'python']
[0.257s] Level 1:colcon.colcon_core.package_identification:_identify(racecar-ros2) by extension 'cmake'
[0.257s] Level 1:colcon.colcon_core.package_identification:_identify(racecar-ros2) by extension 'python'
[0.258s] Level 1:colcon.colcon_core.package_identification:_identify(racecar-ros2) by extensions ['python_setup_py']
[0.258s] Level 1:colcon.colcon_core.package_identification:_identify(racecar-ros2) by extension 'python_setup_py'
[0.258s] Level 1:colcon.colcon_core.package_identification:_identify(racecar-ros2/doc) by extensions ['ignore', 'ignore_ament_install']
[0.258s] Level 1:colcon.colcon_core.package_identification:_identify(racecar-ros2/doc) by extension 'ignore'
[0.258s] Level 1:colcon.colcon_core.package_identification:_identify(racecar-ros2/doc) by extension 'ignore_ament_install'
[0.258s] Level 1:colcon.colcon_core.package_identification:_identify(racecar-ros2/doc) by extensions ['colcon_pkg']
[0.258s] Level 1:colcon.colcon_core.package_identification:_identify(racecar-ros2/doc) by extension 'colcon_pkg'
[0.258s] Level 1:colcon.colcon_core.package_identification:_identify(racecar-ros2/doc) by extensions ['colcon_meta']
[0.258s] Level 1:colcon.colcon_core.package_identification:_identify(racecar-ros2/doc) by extension 'colcon_meta'
[0.258s] Level 1:colcon.colcon_core.package_identification:_identify(racecar-ros2/doc) by extensions ['ros']
[0.258s] Level 1:colcon.colcon_core.package_identification:_identify(racecar-ros2/doc) by extension 'ros'
[0.258s] Level 1:colcon.colcon_core.package_identification:_identify(racecar-ros2/doc) by extensions ['cmake', 'python']
[0.258s] Level 1:colcon.colcon_core.package_identification:_identify(racecar-ros2/doc) by extension 'cmake'
[0.258s] Level 1:colcon.colcon_core.package_identification:_identify(racecar-ros2/doc) by extension 'python'
[0.258s] Level 1:colcon.colcon_core.package_identification:_identify(racecar-ros2/doc) by extensions ['python_setup_py']
[0.258s] Level 1:colcon.colcon_core.package_identification:_identify(racecar-ros2/doc) by extension 'python_setup_py'
[0.258s] Level 1:colcon.colcon_core.package_identification:_identify(racecar-ros2/images) by extensions ['ignore', 'ignore_ament_install']
[0.258s] Level 1:colcon.colcon_core.package_identification:_identify(racecar-ros2/images) by extension 'ignore'
[0.259s] Level 1:colcon.colcon_core.package_identification:_identify(racecar-ros2/images) by extension 'ignore_ament_install'
[0.259s] Level 1:colcon.colcon_core.package_identification:_identify(racecar-ros2/images) by extensions ['colcon_pkg']
[0.259s] Level 1:colcon.colcon_core.package_identification:_identify(racecar-ros2/images) by extension 'colcon_pkg'
[0.259s] Level 1:colcon.colcon_core.package_identification:_identify(racecar-ros2/images) by extensions ['colcon_meta']
[0.259s] Level 1:colcon.colcon_core.package_identification:_identify(racecar-ros2/images) by extension 'colcon_meta'
[0.259s] Level 1:colcon.colcon_core.package_identification:_identify(racecar-ros2/images) by extensions ['ros']
[0.259s] Level 1:colcon.colcon_core.package_identification:_identify(racecar-ros2/images) by extension 'ros'
[0.259s] Level 1:colcon.colcon_core.package_identification:_identify(racecar-ros2/images) by extensions ['cmake', 'python']
[0.259s] Level 1:colcon.colcon_core.package_identification:_identify(racecar-ros2/images) by extension 'cmake'
[0.259s] Level 1:colcon.colcon_core.package_identification:_identify(racecar-ros2/images) by extension 'python'
[0.259s] Level 1:colcon.colcon_core.package_identification:_identify(racecar-ros2/images) by extensions ['python_setup_py']
[0.259s] Level 1:colcon.colcon_core.package_identification:_identify(racecar-ros2/images) by extension 'python_setup_py'
[0.259s] Level 1:colcon.colcon_core.package_identification:_identify(racecar-ros2/racecar_arduino) by extensions ['ignore', 'ignore_ament_install']
[0.259s] Level 1:colcon.colcon_core.package_identification:_identify(racecar-ros2/racecar_arduino) by extension 'ignore'
[0.259s] Level 1:colcon.colcon_core.package_identification:_identify(racecar-ros2/racecar_arduino) by extension 'ignore_ament_install'
[0.259s] Level 1:colcon.colcon_core.package_identification:_identify(racecar-ros2/racecar_arduino) by extensions ['colcon_pkg']
[0.259s] Level 1:colcon.colcon_core.package_identification:_identify(racecar-ros2/racecar_arduino) by extension 'colcon_pkg'
[0.259s] Level 1:colcon.colcon_core.package_identification:_identify(racecar-ros2/racecar_arduino) by extensions ['colcon_meta']
[0.259s] Level 1:colcon.colcon_core.package_identification:_identify(racecar-ros2/racecar_arduino) by extension 'colcon_meta'
[0.259s] Level 1:colcon.colcon_core.package_identification:_identify(racecar-ros2/racecar_arduino) by extensions ['ros']
[0.259s] Level 1:colcon.colcon_core.package_identification:_identify(racecar-ros2/racecar_arduino) by extension 'ros'
[0.260s] Level 1:colcon.colcon_core.package_identification:_identify(racecar-ros2/racecar_arduino) by extensions ['cmake', 'python']
[0.260s] Level 1:colcon.colcon_core.package_identification:_identify(racecar-ros2/racecar_arduino) by extension 'cmake'
[0.260s] Level 1:colcon.colcon_core.package_identification:_identify(racecar-ros2/racecar_arduino) by extension 'python'
[0.260s] Level 1:colcon.colcon_core.package_identification:_identify(racecar-ros2/racecar_arduino) by extensions ['python_setup_py']
[0.260s] Level 1:colcon.colcon_core.package_identification:_identify(racecar-ros2/racecar_arduino) by extension 'python_setup_py'
[0.260s] Level 1:colcon.colcon_core.package_identification:_identify(racecar-ros2/racecar_arduino/Controller) by extensions ['ignore', 'ignore_ament_install']
[0.260s] Level 1:colcon.colcon_core.package_identification:_identify(racecar-ros2/racecar_arduino/Controller) by extension 'ignore'
[0.260s] Level 1:colcon.colcon_core.package_identification:_identify(racecar-ros2/racecar_arduino/Controller) by extension 'ignore_ament_install'
[0.260s] Level 1:colcon.colcon_core.package_identification:_identify(racecar-ros2/racecar_arduino/Controller) by extensions ['colcon_pkg']
[0.260s] Level 1:colcon.colcon_core.package_identification:_identify(racecar-ros2/racecar_arduino/Controller) by extension 'colcon_pkg'
[0.260s] Level 1:colcon.colcon_core.package_identification:_identify(racecar-ros2/racecar_arduino/Controller) by extensions ['colcon_meta']
[0.260s] Level 1:colcon.colcon_core.package_identification:_identify(racecar-ros2/racecar_arduino/Controller) by extension 'colcon_meta'
[0.260s] Level 1:colcon.colcon_core.package_identification:_identify(racecar-ros2/racecar_arduino/Controller) by extensions ['ros']
[0.260s] Level 1:colcon.colcon_core.package_identification:_identify(racecar-ros2/racecar_arduino/Controller) by extension 'ros'
[0.260s] Level 1:colcon.colcon_core.package_identification:_identify(racecar-ros2/racecar_arduino/Controller) by extensions ['cmake', 'python']
[0.260s] Level 1:colcon.colcon_core.package_identification:_identify(racecar-ros2/racecar_arduino/Controller) by extension 'cmake'
[0.260s] Level 1:colcon.colcon_core.package_identification:_identify(racecar-ros2/racecar_arduino/Controller) by extension 'python'
[0.260s] Level 1:colcon.colcon_core.package_identification:_identify(racecar-ros2/racecar_arduino/Controller) by extensions ['python_setup_py']
[0.260s] Level 1:colcon.colcon_core.package_identification:_identify(racecar-ros2/racecar_arduino/Controller) by extension 'python_setup_py'
[0.260s] Level 1:colcon.colcon_core.package_identification:_identify(racecar-ros2/racecar_arduino/Controller/include) by extensions ['ignore', 'ignore_ament_install']
[0.261s] Level 1:colcon.colcon_core.package_identification:_identify(racecar-ros2/racecar_arduino/Controller/include) by extension 'ignore'
[0.261s] Level 1:colcon.colcon_core.package_identification:_identify(racecar-ros2/racecar_arduino/Controller/include) by extension 'ignore_ament_install'
[0.261s] Level 1:colcon.colcon_core.package_identification:_identify(racecar-ros2/racecar_arduino/Controller/include) by extensions ['colcon_pkg']
[0.261s] Level 1:colcon.colcon_core.package_identification:_identify(racecar-ros2/racecar_arduino/Controller/include) by extension 'colcon_pkg'
[0.261s] Level 1:colcon.colcon_core.package_identification:_identify(racecar-ros2/racecar_arduino/Controller/include) by extensions ['colcon_meta']
[0.261s] Level 1:colcon.colcon_core.package_identification:_identify(racecar-ros2/racecar_arduino/Controller/include) by extension 'colcon_meta'
[0.261s] Level 1:colcon.colcon_core.package_identification:_identify(racecar-ros2/racecar_arduino/Controller/include) by extensions ['ros']
[0.261s] Level 1:colcon.colcon_core.package_identification:_identify(racecar-ros2/racecar_arduino/Controller/include) by extension 'ros'
[0.261s] Level 1:colcon.colcon_core.package_identification:_identify(racecar-ros2/racecar_arduino/Controller/include) by extensions ['cmake', 'python']
[0.261s] Level 1:colcon.colcon_core.package_identification:_identify(racecar-ros2/racecar_arduino/Controller/include) by extension 'cmake'
[0.261s] Level 1:colcon.colcon_core.package_identification:_identify(racecar-ros2/racecar_arduino/Controller/include) by extension 'python'
[0.261s] Level 1:colcon.colcon_core.package_identification:_identify(racecar-ros2/racecar_arduino/Controller/include) by extensions ['python_setup_py']
[0.261s] Level 1:colcon.colcon_core.package_identification:_identify(racecar-ros2/racecar_arduino/Controller/include) by extension 'python_setup_py'
[0.261s] Level 1:colcon.colcon_core.package_identification:_identify(racecar-ros2/racecar_arduino/Controller/src) by extensions ['ignore', 'ignore_ament_install']
[0.261s] Level 1:colcon.colcon_core.package_identification:_identify(racecar-ros2/racecar_arduino/Controller/src) by extension 'ignore'
[0.261s] Level 1:colcon.colcon_core.package_identification:_identify(racecar-ros2/racecar_arduino/Controller/src) by extension 'ignore_ament_install'
[0.261s] Level 1:colcon.colcon_core.package_identification:_identify(racecar-ros2/racecar_arduino/Controller/src) by extensions ['colcon_pkg']
[0.261s] Level 1:colcon.colcon_core.package_identification:_identify(racecar-ros2/racecar_arduino/Controller/src) by extension 'colcon_pkg'
[0.261s] Level 1:colcon.colcon_core.package_identification:_identify(racecar-ros2/racecar_arduino/Controller/src) by extensions ['colcon_meta']
[0.262s] Level 1:colcon.colcon_core.package_identification:_identify(racecar-ros2/racecar_arduino/Controller/src) by extension 'colcon_meta'
[0.262s] Level 1:colcon.colcon_core.package_identification:_identify(racecar-ros2/racecar_arduino/Controller/src) by extensions ['ros']
[0.262s] Level 1:colcon.colcon_core.package_identification:_identify(racecar-ros2/racecar_arduino/Controller/src) by extension 'ros'
[0.262s] Level 1:colcon.colcon_core.package_identification:_identify(racecar-ros2/racecar_arduino/Controller/src) by extensions ['cmake', 'python']
[0.262s] Level 1:colcon.colcon_core.package_identification:_identify(racecar-ros2/racecar_arduino/Controller/src) by extension 'cmake'
[0.262s] Level 1:colcon.colcon_core.package_identification:_identify(racecar-ros2/racecar_arduino/Controller/src) by extension 'python'
[0.262s] Level 1:colcon.colcon_core.package_identification:_identify(racecar-ros2/racecar_arduino/Controller/src) by extensions ['python_setup_py']
[0.262s] Level 1:colcon.colcon_core.package_identification:_identify(racecar-ros2/racecar_arduino/Controller/src) by extension 'python_setup_py'
[0.262s] Level 1:colcon.colcon_core.package_identification:_identify(racecar-ros2/racecar_autopilot) by extensions ['ignore', 'ignore_ament_install']
[0.262s] Level 1:colcon.colcon_core.package_identification:_identify(racecar-ros2/racecar_autopilot) by extension 'ignore'
[0.262s] Level 1:colcon.colcon_core.package_identification:_identify(racecar-ros2/racecar_autopilot) by extension 'ignore_ament_install'
[0.262s] Level 1:colcon.colcon_core.package_identification:_identify(racecar-ros2/racecar_autopilot) by extensions ['colcon_pkg']
[0.262s] Level 1:colcon.colcon_core.package_identification:_identify(racecar-ros2/racecar_autopilot) by extension 'colcon_pkg'
[0.262s] Level 1:colcon.colcon_core.package_identification:_identify(racecar-ros2/racecar_autopilot) by extensions ['colcon_meta']
[0.262s] Level 1:colcon.colcon_core.package_identification:_identify(racecar-ros2/racecar_autopilot) by extension 'colcon_meta'
[0.262s] Level 1:colcon.colcon_core.package_identification:_identify(racecar-ros2/racecar_autopilot) by extensions ['ros']
[0.262s] Level 1:colcon.colcon_core.package_identification:_identify(racecar-ros2/racecar_autopilot) by extension 'ros'
[0.266s] DEBUG:colcon.colcon_core.package_identification:Package 'racecar-ros2/racecar_autopilot' with type 'ros.ament_python' and name 'racecar_autopilot'
[0.266s] Level 1:colcon.colcon_core.package_identification:_identify(racecar-ros2/racecar_beacon) by extensions ['ignore', 'ignore_ament_install']
[0.266s] Level 1:colcon.colcon_core.package_identification:_identify(racecar-ros2/racecar_beacon) by extension 'ignore'
[0.266s] Level 1:colcon.colcon_core.package_identification:_identify(racecar-ros2/racecar_beacon) by extension 'ignore_ament_install'
[0.266s] Level 1:colcon.colcon_core.package_identification:_identify(racecar-ros2/racecar_beacon) by extensions ['colcon_pkg']
[0.266s] Level 1:colcon.colcon_core.package_identification:_identify(racecar-ros2/racecar_beacon) by extension 'colcon_pkg'
[0.266s] Level 1:colcon.colcon_core.package_identification:_identify(racecar-ros2/racecar_beacon) by extensions ['colcon_meta']
[0.266s] Level 1:colcon.colcon_core.package_identification:_identify(racecar-ros2/racecar_beacon) by extension 'colcon_meta'
[0.266s] Level 1:colcon.colcon_core.package_identification:_identify(racecar-ros2/racecar_beacon) by extensions ['ros']
[0.266s] Level 1:colcon.colcon_core.package_identification:_identify(racecar-ros2/racecar_beacon) by extension 'ros'
[0.267s] DEBUG:colcon.colcon_core.package_identification:Package 'racecar-ros2/racecar_beacon' with type 'ros.ament_python' and name 'racecar_beacon'
[0.267s] Level 1:colcon.colcon_core.package_identification:_identify(racecar-ros2/racecar_behaviors) by extensions ['ignore', 'ignore_ament_install']
[0.267s] Level 1:colcon.colcon_core.package_identification:_identify(racecar-ros2/racecar_behaviors) by extension 'ignore'
[0.267s] Level 1:colcon.colcon_core.package_identification:_identify(racecar-ros2/racecar_behaviors) by extension 'ignore_ament_install'
[0.267s] Level 1:colcon.colcon_core.package_identification:_identify(racecar-ros2/racecar_behaviors) by extensions ['colcon_pkg']
[0.267s] Level 1:colcon.colcon_core.package_identification:_identify(racecar-ros2/racecar_behaviors) by extension 'colcon_pkg'
[0.267s] Level 1:colcon.colcon_core.package_identification:_identify(racecar-ros2/racecar_behaviors) by extensions ['colcon_meta']
[0.267s] Level 1:colcon.colcon_core.package_identification:_identify(racecar-ros2/racecar_behaviors) by extension 'colcon_meta'
[0.267s] Level 1:colcon.colcon_core.package_identification:_identify(racecar-ros2/racecar_behaviors) by extensions ['ros']
[0.267s] Level 1:colcon.colcon_core.package_identification:_identify(racecar-ros2/racecar_behaviors) by extension 'ros'
[0.269s] DEBUG:colcon.colcon_core.package_identification:Package 'racecar-ros2/racecar_behaviors' with type 'ros.ament_python' and name 'racecar_behaviors'
[0.269s] Level 1:colcon.colcon_core.package_identification:_identify(racecar-ros2/racecar_bringup) by extensions ['ignore', 'ignore_ament_install']
[0.269s] Level 1:colcon.colcon_core.package_identification:_identify(racecar-ros2/racecar_bringup) by extension 'ignore'
[0.269s] Level 1:colcon.colcon_core.package_identification:_identify(racecar-ros2/racecar_bringup) by extension 'ignore_ament_install'
[0.269s] Level 1:colcon.colcon_core.package_identification:_identify(racecar-ros2/racecar_bringup) by extensions ['colcon_pkg']
[0.269s] Level 1:colcon.colcon_core.package_identification:_identify(racecar-ros2/racecar_bringup) by extension 'colcon_pkg'
[0.269s] Level 1:colcon.colcon_core.package_identification:_identify(racecar-ros2/racecar_bringup) by extensions ['colcon_meta']
[0.269s] Level 1:colcon.colcon_core.package_identification:_identify(racecar-ros2/racecar_bringup) by extension 'colcon_meta'
[0.269s] Level 1:colcon.colcon_core.package_identification:_identify(racecar-ros2/racecar_bringup) by extensions ['ros']
[0.269s] Level 1:colcon.colcon_core.package_identification:_identify(racecar-ros2/racecar_bringup) by extension 'ros'
[0.270s] DEBUG:colcon.colcon_core.package_identification:Package 'racecar-ros2/racecar_bringup' with type 'ros.ament_python' and name 'racecar_bringup'
[0.270s] Level 1:colcon.colcon_core.package_identification:_identify(racecar-ros2/racecar_description) by extensions ['ignore', 'ignore_ament_install']
[0.270s] Level 1:colcon.colcon_core.package_identification:_identify(racecar-ros2/racecar_description) by extension 'ignore'
[0.270s] Level 1:colcon.colcon_core.package_identification:_identify(racecar-ros2/racecar_description) by extension 'ignore_ament_install'
[0.270s] Level 1:colcon.colcon_core.package_identification:_identify(racecar-ros2/racecar_description) by extensions ['colcon_pkg']
[0.270s] Level 1:colcon.colcon_core.package_identification:_identify(racecar-ros2/racecar_description) by extension 'colcon_pkg'
[0.270s] Level 1:colcon.colcon_core.package_identification:_identify(racecar-ros2/racecar_description) by extensions ['colcon_meta']
[0.270s] Level 1:colcon.colcon_core.package_identification:_identify(racecar-ros2/racecar_description) by extension 'colcon_meta'
[0.271s] Level 1:colcon.colcon_core.package_identification:_identify(racecar-ros2/racecar_description) by extensions ['ros']
[0.271s] Level 1:colcon.colcon_core.package_identification:_identify(racecar-ros2/racecar_description) by extension 'ros'
[0.271s] DEBUG:colcon.colcon_core.package_identification:Package 'racecar-ros2/racecar_description' with type 'ros.ament_python' and name 'racecar_description'
[0.271s] Level 1:colcon.colcon_core.package_identification:_identify(racecar-ros2/racecar_gazebo) by extensions ['ignore', 'ignore_ament_install']
[0.271s] Level 1:colcon.colcon_core.package_identification:_identify(racecar-ros2/racecar_gazebo) by extension 'ignore'
[0.271s] Level 1:colcon.colcon_core.package_identification:_identify(racecar-ros2/racecar_gazebo) by extension 'ignore_ament_install'
[0.271s] Level 1:colcon.colcon_core.package_identification:_identify(racecar-ros2/racecar_gazebo) by extensions ['colcon_pkg']
[0.271s] Level 1:colcon.colcon_core.package_identification:_identify(racecar-ros2/racecar_gazebo) by extension 'colcon_pkg'
[0.271s] Level 1:colcon.colcon_core.package_identification:_identify(racecar-ros2/racecar_gazebo) by extensions ['colcon_meta']
[0.271s] Level 1:colcon.colcon_core.package_identification:_identify(racecar-ros2/racecar_gazebo) by extension 'colcon_meta'
[0.271s] Level 1:colcon.colcon_core.package_identification:_identify(racecar-ros2/racecar_gazebo) by extensions ['ros']
[0.272s] Level 1:colcon.colcon_core.package_identification:_identify(racecar-ros2/racecar_gazebo) by extension 'ros'
[0.272s] DEBUG:colcon.colcon_core.package_identification:Package 'racecar-ros2/racecar_gazebo' with type 'ros.ament_python' and name 'racecar_gazebo'
[0.272s] Level 1:colcon.colcon_core.package_identification:_identify(racecar-ros2/racecar_navigation) by extensions ['ignore', 'ignore_ament_install']
[0.273s] Level 1:colcon.colcon_core.package_identification:_identify(racecar-ros2/racecar_navigation) by extension 'ignore'
[0.273s] Level 1:colcon.colcon_core.package_identification:_identify(racecar-ros2/racecar_navigation) by extension 'ignore_ament_install'
[0.273s] Level 1:colcon.colcon_core.package_identification:_identify(racecar-ros2/racecar_navigation) by extensions ['colcon_pkg']
[0.273s] Level 1:colcon.colcon_core.package_identification:_identify(racecar-ros2/racecar_navigation) by extension 'colcon_pkg'
[0.273s] Level 1:colcon.colcon_core.package_identification:_identify(racecar-ros2/racecar_navigation) by extensions ['colcon_meta']
[0.273s] Level 1:colcon.colcon_core.package_identification:_identify(racecar-ros2/racecar_navigation) by extension 'colcon_meta'
[0.273s] Level 1:colcon.colcon_core.package_identification:_identify(racecar-ros2/racecar_navigation) by extensions ['ros']
[0.273s] Level 1:colcon.colcon_core.package_identification:_identify(racecar-ros2/racecar_navigation) by extension 'ros'
[0.274s] DEBUG:colcon.colcon_core.package_identification:Package 'racecar-ros2/racecar_navigation' with type 'ros.ament_python' and name 'racecar_navigation'
[0.274s] Level 1:colcon.colcon_core.package_identification:_identify(racecar-ros2/racecar_serial) by extensions ['ignore', 'ignore_ament_install']
[0.274s] Level 1:colcon.colcon_core.package_identification:_identify(racecar-ros2/racecar_serial) by extension 'ignore'
[0.274s] Level 1:colcon.colcon_core.package_identification:_identify(racecar-ros2/racecar_serial) by extension 'ignore_ament_install'
[0.274s] Level 1:colcon.colcon_core.package_identification:_identify(racecar-ros2/racecar_serial) by extensions ['colcon_pkg']
[0.274s] Level 1:colcon.colcon_core.package_identification:_identify(racecar-ros2/racecar_serial) by extension 'colcon_pkg'
[0.274s] Level 1:colcon.colcon_core.package_identification:_identify(racecar-ros2/racecar_serial) by extensions ['colcon_meta']
[0.274s] Level 1:colcon.colcon_core.package_identification:_identify(racecar-ros2/racecar_serial) by extension 'colcon_meta'
[0.274s] Level 1:colcon.colcon_core.package_identification:_identify(racecar-ros2/racecar_serial) by extensions ['ros']
[0.274s] Level 1:colcon.colcon_core.package_identification:_identify(racecar-ros2/racecar_serial) by extension 'ros'
[0.274s] Level 1:colcon.colcon_core.package_identification:_identify(racecar-ros2/racecar_serial) by extensions ['cmake', 'python']
[0.274s] Level 1:colcon.colcon_core.package_identification:_identify(racecar-ros2/racecar_serial) by extension 'cmake'
[0.274s] Level 1:colcon.colcon_core.package_identification:_identify(racecar-ros2/racecar_serial) by extension 'python'
[0.274s] Level 1:colcon.colcon_core.package_identification:_identify(racecar-ros2/racecar_serial) by extensions ['python_setup_py']
[0.274s] Level 1:colcon.colcon_core.package_identification:_identify(racecar-ros2/racecar_serial) by extension 'python_setup_py'
[0.275s] Level 1:colcon.colcon_core.package_identification:_identify(racecar-ros2/racecar_serial/libserial) by extensions ['ignore', 'ignore_ament_install']
[0.275s] Level 1:colcon.colcon_core.package_identification:_identify(racecar-ros2/racecar_serial/libserial) by extension 'ignore'
[0.275s] Level 1:colcon.colcon_core.package_identification:_identify(racecar-ros2/racecar_serial/libserial) by extension 'ignore_ament_install'
[0.275s] Level 1:colcon.colcon_core.package_identification:_identify(racecar-ros2/racecar_serial/libserial) by extensions ['colcon_pkg']
[0.275s] Level 1:colcon.colcon_core.package_identification:_identify(racecar-ros2/racecar_serial/libserial) by extension 'colcon_pkg'
[0.275s] Level 1:colcon.colcon_core.package_identification:_identify(racecar-ros2/racecar_serial/libserial) by extensions ['colcon_meta']
[0.275s] Level 1:colcon.colcon_core.package_identification:_identify(racecar-ros2/racecar_serial/libserial) by extension 'colcon_meta'
[0.275s] Level 1:colcon.colcon_core.package_identification:_identify(racecar-ros2/racecar_serial/libserial) by extensions ['ros']
[0.275s] Level 1:colcon.colcon_core.package_identification:_identify(racecar-ros2/racecar_serial/libserial) by extension 'ros'
[0.276s] DEBUG:colcon.colcon_core.package_identification:Package 'racecar-ros2/racecar_serial/libserial' with type 'ros.ament_cmake' and name 'serial'
[0.276s] Level 1:colcon.colcon_core.package_identification:_identify(racecar-ros2/racecar_serial/pb2roscpp) by extensions ['ignore', 'ignore_ament_install']
[0.276s] Level 1:colcon.colcon_core.package_identification:_identify(racecar-ros2/racecar_serial/pb2roscpp) by extension 'ignore'
[0.276s] Level 1:colcon.colcon_core.package_identification:_identify(racecar-ros2/racecar_serial/pb2roscpp) by extension 'ignore_ament_install'
[0.276s] Level 1:colcon.colcon_core.package_identification:_identify(racecar-ros2/racecar_serial/pb2roscpp) by extensions ['colcon_pkg']
[0.276s] Level 1:colcon.colcon_core.package_identification:_identify(racecar-ros2/racecar_serial/pb2roscpp) by extension 'colcon_pkg'
[0.276s] Level 1:colcon.colcon_core.package_identification:_identify(racecar-ros2/racecar_serial/pb2roscpp) by extensions ['colcon_meta']
[0.276s] Level 1:colcon.colcon_core.package_identification:_identify(racecar-ros2/racecar_serial/pb2roscpp) by extension 'colcon_meta'
[0.276s] Level 1:colcon.colcon_core.package_identification:_identify(racecar-ros2/racecar_serial/pb2roscpp) by extensions ['ros']
[0.276s] Level 1:colcon.colcon_core.package_identification:_identify(racecar-ros2/racecar_serial/pb2roscpp) by extension 'ros'
[0.277s] DEBUG:colcon.colcon_core.package_identification:Package 'racecar-ros2/racecar_serial/pb2roscpp' with type 'ros.ament_cmake' and name 'pb2roscpp'
[0.277s] Level 1:colcon.colcon_core.package_identification:_identify(racecar-ros2/racecar_teleop) by extensions ['ignore', 'ignore_ament_install']
[0.277s] Level 1:colcon.colcon_core.package_identification:_identify(racecar-ros2/racecar_teleop) by extension 'ignore'
[0.277s] Level 1:colcon.colcon_core.package_identification:_identify(racecar-ros2/racecar_teleop) by extension 'ignore_ament_install'
[0.277s] Level 1:colcon.colcon_core.package_identification:_identify(racecar-ros2/racecar_teleop) by extensions ['colcon_pkg']
[0.277s] Level 1:colcon.colcon_core.package_identification:_identify(racecar-ros2/racecar_teleop) by extension 'colcon_pkg'
[0.277s] Level 1:colcon.colcon_core.package_identification:_identify(racecar-ros2/racecar_teleop) by extensions ['colcon_meta']
[0.277s] Level 1:colcon.colcon_core.package_identification:_identify(racecar-ros2/racecar_teleop) by extension 'colcon_meta'
[0.277s] Level 1:colcon.colcon_core.package_identification:_identify(racecar-ros2/racecar_teleop) by extensions ['ros']
[0.277s] Level 1:colcon.colcon_core.package_identification:_identify(racecar-ros2/racecar_teleop) by extension 'ros'
[0.278s] DEBUG:colcon.colcon_core.package_identification:Package 'racecar-ros2/racecar_teleop' with type 'ros.ament_python' and name 'racecar_teleop'
[0.278s] Level 1:colcon.colcon_core.package_identification:_identify(racecar-ros2/racecar_web_interface) by extensions ['ignore', 'ignore_ament_install']
[0.278s] Level 1:colcon.colcon_core.package_identification:_identify(racecar-ros2/racecar_web_interface) by extension 'ignore'
[0.278s] Level 1:colcon.colcon_core.package_identification:_identify(racecar-ros2/racecar_web_interface) by extension 'ignore_ament_install'
[0.278s] Level 1:colcon.colcon_core.package_identification:_identify(racecar-ros2/racecar_web_interface) by extensions ['colcon_pkg']
[0.278s] Level 1:colcon.colcon_core.package_identification:_identify(racecar-ros2/racecar_web_interface) by extension 'colcon_pkg'
[0.278s] Level 1:colcon.colcon_core.package_identification:_identify(racecar-ros2/racecar_web_interface) by extensions ['colcon_meta']
[0.278s] Level 1:colcon.colcon_core.package_identification:_identify(racecar-ros2/racecar_web_interface) by extension 'colcon_meta'
[0.278s] Level 1:colcon.colcon_core.package_identification:_identify(racecar-ros2/racecar_web_interface) by extensions ['ros']
[0.278s] Level 1:colcon.colcon_core.package_identification:_identify(racecar-ros2/racecar_web_interface) by extension 'ros'
[0.278s] Level 1:colcon.colcon_core.package_identification:_identify(racecar-ros2/racecar_web_interface) by extensions ['cmake', 'python']
[0.278s] Level 1:colcon.colcon_core.package_identification:_identify(racecar-ros2/racecar_web_interface) by extension 'cmake'
[0.278s] Level 1:colcon.colcon_core.package_identification:_identify(racecar-ros2/racecar_web_interface) by extension 'python'
[0.278s] Level 1:colcon.colcon_core.package_identification:_identify(racecar-ros2/racecar_web_interface) by extensions ['python_setup_py']
[0.278s] Level 1:colcon.colcon_core.package_identification:_identify(racecar-ros2/racecar_web_interface) by extension 'python_setup_py'
[0.278s] Level 1:colcon.colcon_core.package_identification:_identify(racecar-ros2/racecar_web_interface/css) by extensions ['ignore', 'ignore_ament_install']
[0.279s] Level 1:colcon.colcon_core.package_identification:_identify(racecar-ros2/racecar_web_interface/css) by extension 'ignore'
[0.279s] Level 1:colcon.colcon_core.package_identification:_identify(racecar-ros2/racecar_web_interface/css) by extension 'ignore_ament_install'
[0.279s] Level 1:colcon.colcon_core.package_identification:_identify(racecar-ros2/racecar_web_interface/css) by extensions ['colcon_pkg']
[0.279s] Level 1:colcon.colcon_core.package_identification:_identify(racecar-ros2/racecar_web_interface/css) by extension 'colcon_pkg'
[0.279s] Level 1:colcon.colcon_core.package_identification:_identify(racecar-ros2/racecar_web_interface/css) by extensions ['colcon_meta']
[0.279s] Level 1:colcon.colcon_core.package_identification:_identify(racecar-ros2/racecar_web_interface/css) by extension 'colcon_meta'
[0.279s] Level 1:colcon.colcon_core.package_identification:_identify(racecar-ros2/racecar_web_interface/css) by extensions ['ros']
[0.279s] Level 1:colcon.colcon_core.package_identification:_identify(racecar-ros2/racecar_web_interface/css) by extension 'ros'
[0.279s] Level 1:colcon.colcon_core.package_identification:_identify(racecar-ros2/racecar_web_interface/css) by extensions ['cmake', 'python']
[0.279s] Level 1:colcon.colcon_core.package_identification:_identify(racecar-ros2/racecar_web_interface/css) by extension 'cmake'
[0.279s] Level 1:colcon.colcon_core.package_identification:_identify(racecar-ros2/racecar_web_interface/css) by extension 'python'
[0.279s] Level 1:colcon.colcon_core.package_identification:_identify(racecar-ros2/racecar_web_interface/css) by extensions ['python_setup_py']
[0.279s] Level 1:colcon.colcon_core.package_identification:_identify(racecar-ros2/racecar_web_interface/css) by extension 'python_setup_py'
[0.279s] Level 1:colcon.colcon_core.package_identification:_identify(racecar-ros2/racecar_web_interface/js) by extensions ['ignore', 'ignore_ament_install']
[0.279s] Level 1:colcon.colcon_core.package_identification:_identify(racecar-ros2/racecar_web_interface/js) by extension 'ignore'
[0.279s] Level 1:colcon.colcon_core.package_identification:_identify(racecar-ros2/racecar_web_interface/js) by extension 'ignore_ament_install'
[0.279s] Level 1:colcon.colcon_core.package_identification:_identify(racecar-ros2/racecar_web_interface/js) by extensions ['colcon_pkg']
[0.279s] Level 1:colcon.colcon_core.package_identification:_identify(racecar-ros2/racecar_web_interface/js) by extension 'colcon_pkg'
[0.279s] Level 1:colcon.colcon_core.package_identification:_identify(racecar-ros2/racecar_web_interface/js) by extensions ['colcon_meta']
[0.279s] Level 1:colcon.colcon_core.package_identification:_identify(racecar-ros2/racecar_web_interface/js) by extension 'colcon_meta'
[0.280s] Level 1:colcon.colcon_core.package_identification:_identify(racecar-ros2/racecar_web_interface/js) by extensions ['ros']
[0.280s] Level 1:colcon.colcon_core.package_identification:_identify(racecar-ros2/racecar_web_interface/js) by extension 'ros'
[0.280s] Level 1:colcon.colcon_core.package_identification:_identify(racecar-ros2/racecar_web_interface/js) by extensions ['cmake', 'python']
[0.280s] Level 1:colcon.colcon_core.package_identification:_identify(racecar-ros2/racecar_web_interface/js) by extension 'cmake'
[0.280s] Level 1:colcon.colcon_core.package_identification:_identify(racecar-ros2/racecar_web_interface/js) by extension 'python'
[0.280s] Level 1:colcon.colcon_core.package_identification:_identify(racecar-ros2/racecar_web_interface/js) by extensions ['python_setup_py']
[0.280s] Level 1:colcon.colcon_core.package_identification:_identify(racecar-ros2/racecar_web_interface/js) by extension 'python_setup_py'
[0.280s] Level 1:colcon.colcon_core.package_discovery:discover_packages(recursive) using defaults
[0.280s] Level 1:colcon.colcon_core.package_discovery:discover_packages(ignore) discover
[0.280s] Level 1:colcon.colcon_core.package_discovery:discover_packages(ignore) using defaults
[0.280s] Level 1:colcon.colcon_core.package_discovery:discover_packages(path) discover
[0.280s] Level 1:colcon.colcon_core.package_discovery:discover_packages(path) using defaults
[0.309s] Level 5:colcon.colcon_core.verb:set package 'racecar_autopilot' build argument 'cmake_args' from command line to 'None'
[0.310s] Level 5:colcon.colcon_core.verb:set package 'racecar_autopilot' build argument 'cmake_target' from command line to 'None'
[0.310s] Level 5:colcon.colcon_core.verb:set package 'racecar_autopilot' build argument 'cmake_target_skip_unavailable' from command line to 'False'
[0.310s] Level 5:colcon.colcon_core.verb:set package 'racecar_autopilot' build argument 'cmake_clean_cache' from command line to 'False'
[0.310s] Level 5:colcon.colcon_core.verb:set package 'racecar_autopilot' build argument 'cmake_clean_first' from command line to 'False'
[0.310s] Level 5:colcon.colcon_core.verb:set package 'racecar_autopilot' build argument 'cmake_force_configure' from command line to 'False'
[0.310s] Level 5:colcon.colcon_core.verb:set package 'racecar_autopilot' build argument 'ament_cmake_args' from command line to 'None'
[0.310s] Level 5:colcon.colcon_core.verb:set package 'racecar_autopilot' build argument 'catkin_cmake_args' from command line to 'None'
[0.310s] Level 5:colcon.colcon_core.verb:set package 'racecar_autopilot' build argument 'catkin_skip_building_tests' from command line to 'False'
[0.310s] DEBUG:colcon.colcon_core.verb:Building package 'racecar_autopilot' with the following arguments: {'ament_cmake_args': None, 'build_base': '/home/racecar/ros2_ws/src/Team10_GROS5/build/racecar_autopilot', 'catkin_cmake_args': None, 'catkin_skip_building_tests': False, 'cmake_args': None, 'cmake_clean_cache': False, 'cmake_clean_first': False, 'cmake_force_configure': False, 'cmake_target': None, 'cmake_target_skip_unavailable': False, 'install_base': '/home/racecar/ros2_ws/src/Team10_GROS5/install/racecar_autopilot', 'merge_install': False, 'path': '/home/racecar/ros2_ws/src/Team10_GROS5/racecar-ros2/racecar_autopilot', 'symlink_install': False, 'test_result_base': None}
[0.310s] Level 5:colcon.colcon_core.verb:set package 'racecar_beacon' build argument 'cmake_args' from command line to 'None'
[0.310s] Level 5:colcon.colcon_core.verb:set package 'racecar_beacon' build argument 'cmake_target' from command line to 'None'
[0.310s] Level 5:colcon.colcon_core.verb:set package 'racecar_beacon' build argument 'cmake_target_skip_unavailable' from command line to 'False'
[0.310s] Level 5:colcon.colcon_core.verb:set package 'racecar_beacon' build argument 'cmake_clean_cache' from command line to 'False'
[0.310s] Level 5:colcon.colcon_core.verb:set package 'racecar_beacon' build argument 'cmake_clean_first' from command line to 'False'
[0.310s] Level 5:colcon.colcon_core.verb:set package 'racecar_beacon' build argument 'cmake_force_configure' from command line to 'False'
[0.310s] Level 5:colcon.colcon_core.verb:set package 'racecar_beacon' build argument 'ament_cmake_args' from command line to 'None'
[0.310s] Level 5:colcon.colcon_core.verb:set package 'racecar_beacon' build argument 'catkin_cmake_args' from command line to 'None'
[0.310s] Level 5:colcon.colcon_core.verb:set package 'racecar_beacon' build argument 'catkin_skip_building_tests' from command line to 'False'
[0.310s] DEBUG:colcon.colcon_core.verb:Building package 'racecar_beacon' with the following arguments: {'ament_cmake_args': None, 'build_base': '/home/racecar/ros2_ws/src/Team10_GROS5/build/racecar_beacon', 'catkin_cmake_args': None, 'catkin_skip_building_tests': False, 'cmake_args': None, 'cmake_clean_cache': False, 'cmake_clean_first': False, 'cmake_force_configure': False, 'cmake_target': None, 'cmake_target_skip_unavailable': False, 'install_base': '/home/racecar/ros2_ws/src/Team10_GROS5/install/racecar_beacon', 'merge_install': False, 'path': '/home/racecar/ros2_ws/src/Team10_GROS5/racecar-ros2/racecar_beacon', 'symlink_install': False, 'test_result_base': None}
[0.311s] Level 5:colcon.colcon_core.verb:set package 'racecar_behaviors' build argument 'cmake_args' from command line to 'None'
[0.311s] Level 5:colcon.colcon_core.verb:set package 'racecar_behaviors' build argument 'cmake_target' from command line to 'None'
[0.311s] Level 5:colcon.colcon_core.verb:set package 'racecar_behaviors' build argument 'cmake_target_skip_unavailable' from command line to 'False'
[0.311s] Level 5:colcon.colcon_core.verb:set package 'racecar_behaviors' build argument 'cmake_clean_cache' from command line to 'False'
[0.311s] Level 5:colcon.colcon_core.verb:set package 'racecar_behaviors' build argument 'cmake_clean_first' from command line to 'False'
[0.311s] Level 5:colcon.colcon_core.verb:set package 'racecar_behaviors' build argument 'cmake_force_configure' from command line to 'False'
[0.311s] Level 5:colcon.colcon_core.verb:set package 'racecar_behaviors' build argument 'ament_cmake_args' from command line to 'None'
[0.311s] Level 5:colcon.colcon_core.verb:set package 'racecar_behaviors' build argument 'catkin_cmake_args' from command line to 'None'
[0.311s] Level 5:colcon.colcon_core.verb:set package 'racecar_behaviors' build argument 'catkin_skip_building_tests' from command line to 'False'
[0.311s] DEBUG:colcon.colcon_core.verb:Building package 'racecar_behaviors' with the following arguments: {'ament_cmake_args': None, 'build_base': '/home/racecar/ros2_ws/src/Team10_GROS5/build/racecar_behaviors', 'catkin_cmake_args': None, 'catkin_skip_building_tests': False, 'cmake_args': None, 'cmake_clean_cache': False, 'cmake_clean_first': False, 'cmake_force_configure': False, 'cmake_target': None, 'cmake_target_skip_unavailable': False, 'install_base': '/home/racecar/ros2_ws/src/Team10_GROS5/install/racecar_behaviors', 'merge_install': False, 'path': '/home/racecar/ros2_ws/src/Team10_GROS5/racecar-ros2/racecar_behaviors', 'symlink_install': False, 'test_result_base': None}
[0.311s] Level 5:colcon.colcon_core.verb:set package 'racecar_bringup' build argument 'cmake_args' from command line to 'None'
[0.311s] Level 5:colcon.colcon_core.verb:set package 'racecar_bringup' build argument 'cmake_target' from command line to 'None'
[0.311s] Level 5:colcon.colcon_core.verb:set package 'racecar_bringup' build argument 'cmake_target_skip_unavailable' from command line to 'False'
[0.311s] Level 5:colcon.colcon_core.verb:set package 'racecar_bringup' build argument 'cmake_clean_cache' from command line to 'False'
[0.311s] Level 5:colcon.colcon_core.verb:set package 'racecar_bringup' build argument 'cmake_clean_first' from command line to 'False'
[0.311s] Level 5:colcon.colcon_core.verb:set package 'racecar_bringup' build argument 'cmake_force_configure' from command line to 'False'
[0.311s] Level 5:colcon.colcon_core.verb:set package 'racecar_bringup' build argument 'ament_cmake_args' from command line to 'None'
[0.312s] Level 5:colcon.colcon_core.verb:set package 'racecar_bringup' build argument 'catkin_cmake_args' from command line to 'None'
[0.312s] Level 5:colcon.colcon_core.verb:set package 'racecar_bringup' build argument 'catkin_skip_building_tests' from command line to 'False'
[0.312s] DEBUG:colcon.colcon_core.verb:Building package 'racecar_bringup' with the following arguments: {'ament_cmake_args': None, 'build_base': '/home/racecar/ros2_ws/src/Team10_GROS5/build/racecar_bringup', 'catkin_cmake_args': None, 'catkin_skip_building_tests': False, 'cmake_args': None, 'cmake_clean_cache': False, 'cmake_clean_first': False, 'cmake_force_configure': False, 'cmake_target': None, 'cmake_target_skip_unavailable': False, 'install_base': '/home/racecar/ros2_ws/src/Team10_GROS5/install/racecar_bringup', 'merge_install': False, 'path': '/home/racecar/ros2_ws/src/Team10_GROS5/racecar-ros2/racecar_bringup', 'symlink_install': False, 'test_result_base': None}
[0.312s] Level 5:colcon.colcon_core.verb:set package 'racecar_description' build argument 'cmake_args' from command line to 'None'
[0.312s] Level 5:colcon.colcon_core.verb:set package 'racecar_description' build argument 'cmake_target' from command line to 'None'
[0.312s] Level 5:colcon.colcon_core.verb:set package 'racecar_description' build argument 'cmake_target_skip_unavailable' from command line to 'False'
[0.312s] Level 5:colcon.colcon_core.verb:set package 'racecar_description' build argument 'cmake_clean_cache' from command line to 'False'
[0.312s] Level 5:colcon.colcon_core.verb:set package 'racecar_description' build argument 'cmake_clean_first' from command line to 'False'
[0.312s] Level 5:colcon.colcon_core.verb:set package 'racecar_description' build argument 'cmake_force_configure' from command line to 'False'
[0.312s] Level 5:colcon.colcon_core.verb:set package 'racecar_description' build argument 'ament_cmake_args' from command line to 'None'
[0.312s] Level 5:colcon.colcon_core.verb:set package 'racecar_description' build argument 'catkin_cmake_args' from command line to 'None'
[0.312s] Level 5:colcon.colcon_core.verb:set package 'racecar_description' build argument 'catkin_skip_building_tests' from command line to 'False'
[0.312s] DEBUG:colcon.colcon_core.verb:Building package 'racecar_description' with the following arguments: {'ament_cmake_args': None, 'build_base': '/home/racecar/ros2_ws/src/Team10_GROS5/build/racecar_description', 'catkin_cmake_args': None, 'catkin_skip_building_tests': False, 'cmake_args': None, 'cmake_clean_cache': False, 'cmake_clean_first': False, 'cmake_force_configure': False, 'cmake_target': None, 'cmake_target_skip_unavailable': False, 'install_base': '/home/racecar/ros2_ws/src/Team10_GROS5/install/racecar_description', 'merge_install': False, 'path': '/home/racecar/ros2_ws/src/Team10_GROS5/racecar-ros2/racecar_description', 'symlink_install': False, 'test_result_base': None}
[0.312s] Level 5:colcon.colcon_core.verb:set package 'racecar_gazebo' build argument 'cmake_args' from command line to 'None'
[0.312s] Level 5:colcon.colcon_core.verb:set package 'racecar_gazebo' build argument 'cmake_target' from command line to 'None'
[0.312s] Level 5:colcon.colcon_core.verb:set package 'racecar_gazebo' build argument 'cmake_target_skip_unavailable' from command line to 'False'
[0.312s] Level 5:colcon.colcon_core.verb:set package 'racecar_gazebo' build argument 'cmake_clean_cache' from command line to 'False'
[0.312s] Level 5:colcon.colcon_core.verb:set package 'racecar_gazebo' build argument 'cmake_clean_first' from command line to 'False'
[0.313s] Level 5:colcon.colcon_core.verb:set package 'racecar_gazebo' build argument 'cmake_force_configure' from command line to 'False'
[0.313s] Level 5:colcon.colcon_core.verb:set package 'racecar_gazebo' build argument 'ament_cmake_args' from command line to 'None'
[0.313s] Level 5:colcon.colcon_core.verb:set package 'racecar_gazebo' build argument 'catkin_cmake_args' from command line to 'None'
[0.313s] Level 5:colcon.colcon_core.verb:set package 'racecar_gazebo' build argument 'catkin_skip_building_tests' from command line to 'False'
[0.313s] DEBUG:colcon.colcon_core.verb:Building package 'racecar_gazebo' with the following arguments: {'ament_cmake_args': None, 'build_base': '/home/racecar/ros2_ws/src/Team10_GROS5/build/racecar_gazebo', 'catkin_cmake_args': None, 'catkin_skip_building_tests': False, 'cmake_args': None, 'cmake_clean_cache': False, 'cmake_clean_first': False, 'cmake_force_configure': False, 'cmake_target': None, 'cmake_target_skip_unavailable': False, 'install_base': '/home/racecar/ros2_ws/src/Team10_GROS5/install/racecar_gazebo', 'merge_install': False, 'path': '/home/racecar/ros2_ws/src/Team10_GROS5/racecar-ros2/racecar_gazebo', 'symlink_install': False, 'test_result_base': None}
[0.313s] Level 5:colcon.colcon_core.verb:set package 'racecar_teleop' build argument 'cmake_args' from command line to 'None'
[0.313s] Level 5:colcon.colcon_core.verb:set package 'racecar_teleop' build argument 'cmake_target' from command line to 'None'
[0.313s] Level 5:colcon.colcon_core.verb:set package 'racecar_teleop' build argument 'cmake_target_skip_unavailable' from command line to 'False'
[0.313s] Level 5:colcon.colcon_core.verb:set package 'racecar_teleop' build argument 'cmake_clean_cache' from command line to 'False'
[0.313s] Level 5:colcon.colcon_core.verb:set package 'racecar_teleop' build argument 'cmake_clean_first' from command line to 'False'
[0.313s] Level 5:colcon.colcon_core.verb:set package 'racecar_teleop' build argument 'cmake_force_configure' from command line to 'False'
[0.313s] Level 5:colcon.colcon_core.verb:set package 'racecar_teleop' build argument 'ament_cmake_args' from command line to 'None'
[0.313s] Level 5:colcon.colcon_core.verb:set package 'racecar_teleop' build argument 'catkin_cmake_args' from command line to 'None'
[0.313s] Level 5:colcon.colcon_core.verb:set package 'racecar_teleop' build argument 'catkin_skip_building_tests' from command line to 'False'
[0.313s] DEBUG:colcon.colcon_core.verb:Building package 'racecar_teleop' with the following arguments: {'ament_cmake_args': None, 'build_base': '/home/racecar/ros2_ws/src/Team10_GROS5/build/racecar_teleop', 'catkin_cmake_args': None, 'catkin_skip_building_tests': False, 'cmake_args': None, 'cmake_clean_cache': False, 'cmake_clean_first': False, 'cmake_force_configure': False, 'cmake_target': None, 'cmake_target_skip_unavailable': False, 'install_base': '/home/racecar/ros2_ws/src/Team10_GROS5/install/racecar_teleop', 'merge_install': False, 'path': '/home/racecar/ros2_ws/src/Team10_GROS5/racecar-ros2/racecar_teleop', 'symlink_install': False, 'test_result_base': None}
[0.313s] Level 5:colcon.colcon_core.verb:set package 'serial' build argument 'cmake_args' from command line to 'None'
[0.313s] Level 5:colcon.colcon_core.verb:set package 'serial' build argument 'cmake_target' from command line to 'None'
[0.313s] Level 5:colcon.colcon_core.verb:set package 'serial' build argument 'cmake_target_skip_unavailable' from command line to 'False'
[0.314s] Level 5:colcon.colcon_core.verb:set package 'serial' build argument 'cmake_clean_cache' from command line to 'False'
[0.314s] Level 5:colcon.colcon_core.verb:set package 'serial' build argument 'cmake_clean_first' from command line to 'False'
[0.314s] Level 5:colcon.colcon_core.verb:set package 'serial' build argument 'cmake_force_configure' from command line to 'False'
[0.314s] Level 5:colcon.colcon_core.verb:set package 'serial' build argument 'ament_cmake_args' from command line to 'None'
[0.314s] Level 5:colcon.colcon_core.verb:set package 'serial' build argument 'catkin_cmake_args' from command line to 'None'
[0.314s] Level 5:colcon.colcon_core.verb:set package 'serial' build argument 'catkin_skip_building_tests' from command line to 'False'
[0.314s] DEBUG:colcon.colcon_core.verb:Building package 'serial' with the following arguments: {'ament_cmake_args': None, 'build_base': '/home/racecar/ros2_ws/src/Team10_GROS5/build/serial', 'catkin_cmake_args': None, 'catkin_skip_building_tests': False, 'cmake_args': None, 'cmake_clean_cache': False, 'cmake_clean_first': False, 'cmake_force_configure': False, 'cmake_target': None, 'cmake_target_skip_unavailable': False, 'install_base': '/home/racecar/ros2_ws/src/Team10_GROS5/install/serial', 'merge_install': False, 'path': '/home/racecar/ros2_ws/src/Team10_GROS5/racecar-ros2/racecar_serial/libserial', 'symlink_install': False, 'test_result_base': None}
[0.314s] Level 5:colcon.colcon_core.verb:set package 'pb2roscpp' build argument 'cmake_args' from command line to 'None'
[0.314s] Level 5:colcon.colcon_core.verb:set package 'pb2roscpp' build argument 'cmake_target' from command line to 'None'
[0.314s] Level 5:colcon.colcon_core.verb:set package 'pb2roscpp' build argument 'cmake_target_skip_unavailable' from command line to 'False'
[0.314s] Level 5:colcon.colcon_core.verb:set package 'pb2roscpp' build argument 'cmake_clean_cache' from command line to 'False'
[0.314s] Level 5:colcon.colcon_core.verb:set package 'pb2roscpp' build argument 'cmake_clean_first' from command line to 'False'
[0.314s] Level 5:colcon.colcon_core.verb:set package 'pb2roscpp' build argument 'cmake_force_configure' from command line to 'False'
[0.314s] Level 5:colcon.colcon_core.verb:set package 'pb2roscpp' build argument 'ament_cmake_args' from command line to 'None'
[0.314s] Level 5:colcon.colcon_core.verb:set package 'pb2roscpp' build argument 'catkin_cmake_args' from command line to 'None'
[0.314s] Level 5:colcon.colcon_core.verb:set package 'pb2roscpp' build argument 'catkin_skip_building_tests' from command line to 'False'
[0.314s] DEBUG:colcon.colcon_core.verb:Building package 'pb2roscpp' with the following arguments: {'ament_cmake_args': None, 'build_base': '/home/racecar/ros2_ws/src/Team10_GROS5/build/pb2roscpp', 'catkin_cmake_args': None, 'catkin_skip_building_tests': False, 'cmake_args': None, 'cmake_clean_cache': False, 'cmake_clean_first': False, 'cmake_force_configure': False, 'cmake_target': None, 'cmake_target_skip_unavailable': False, 'install_base': '/home/racecar/ros2_ws/src/Team10_GROS5/install/pb2roscpp', 'merge_install': False, 'path': '/home/racecar/ros2_ws/src/Team10_GROS5/racecar-ros2/racecar_serial/pb2roscpp', 'symlink_install': False, 'test_result_base': None}
[0.314s] Level 5:colcon.colcon_core.verb:set package 'racecar_navigation' build argument 'cmake_args' from command line to 'None'
[0.314s] Level 5:colcon.colcon_core.verb:set package 'racecar_navigation' build argument 'cmake_target' from command line to 'None'
[0.315s] Level 5:colcon.colcon_core.verb:set package 'racecar_navigation' build argument 'cmake_target_skip_unavailable' from command line to 'False'
[0.315s] Level 5:colcon.colcon_core.verb:set package 'racecar_navigation' build argument 'cmake_clean_cache' from command line to 'False'
[0.315s] Level 5:colcon.colcon_core.verb:set package 'racecar_navigation' build argument 'cmake_clean_first' from command line to 'False'
[0.315s] Level 5:colcon.colcon_core.verb:set package 'racecar_navigation' build argument 'cmake_force_configure' from command line to 'False'
[0.315s] Level 5:colcon.colcon_core.verb:set package 'racecar_navigation' build argument 'ament_cmake_args' from command line to 'None'
[0.315s] Level 5:colcon.colcon_core.verb:set package 'racecar_navigation' build argument 'catkin_cmake_args' from command line to 'None'
[0.315s] Level 5:colcon.colcon_core.verb:set package 'racecar_navigation' build argument 'catkin_skip_building_tests' from command line to 'False'
[0.315s] DEBUG:colcon.colcon_core.verb:Building package 'racecar_navigation' with the following arguments: {'ament_cmake_args': None, 'build_base': '/home/racecar/ros2_ws/src/Team10_GROS5/build/racecar_navigation', 'catkin_cmake_args': None, 'catkin_skip_building_tests': False, 'cmake_args': None, 'cmake_clean_cache': False, 'cmake_clean_first': False, 'cmake_force_configure': False, 'cmake_target': None, 'cmake_target_skip_unavailable': False, 'install_base': '/home/racecar/ros2_ws/src/Team10_GROS5/install/racecar_navigation', 'merge_install': False, 'path': '/home/racecar/ros2_ws/src/Team10_GROS5/racecar-ros2/racecar_navigation', 'symlink_install': False, 'test_result_base': None}
[0.315s] INFO:colcon.colcon_core.executor:Executing jobs using 'parallel' executor
[0.316s] DEBUG:colcon.colcon_parallel_executor.executor.parallel:run_until_complete
[0.317s] INFO:colcon.colcon_ros.task.ament_python.build:Building ROS package in '/home/racecar/ros2_ws/src/Team10_GROS5/racecar-ros2/racecar_behaviors' with build type 'ament_python'
[0.318s] Level 1:colcon.colcon_core.shell:create_environment_hook('racecar_behaviors', 'ament_prefix_path')
[0.327s] INFO:colcon.colcon_core.plugin_system:Skipping extension 'colcon_core.shell.bat': Not used on non-Windows systems
[0.328s] INFO:colcon.colcon_core.shell:Creating environment hook '/home/racecar/ros2_ws/src/Team10_GROS5/install/racecar_behaviors/share/racecar_behaviors/hook/ament_prefix_path.ps1'
[0.331s] INFO:colcon.colcon_core.shell:Creating environment descriptor '/home/racecar/ros2_ws/src/Team10_GROS5/install/racecar_behaviors/share/racecar_behaviors/hook/ament_prefix_path.dsv'
[0.333s] INFO:colcon.colcon_core.shell:Creating environment hook '/home/racecar/ros2_ws/src/Team10_GROS5/install/racecar_behaviors/share/racecar_behaviors/hook/ament_prefix_path.sh'
[0.335s] INFO:colcon.colcon_core.shell:Skip shell extension 'powershell' for command environment: Not usable outside of PowerShell
[0.336s] DEBUG:colcon.colcon_core.shell:Skip shell extension 'dsv' for command environment
[0.351s] INFO:colcon.colcon_ros.task.ament_python.build:Building ROS package in '/home/racecar/ros2_ws/src/Team10_GROS5/racecar-ros2/racecar_bringup' with build type 'ament_python'
[0.351s] Level 1:colcon.colcon_core.shell:create_environment_hook('racecar_bringup', 'ament_prefix_path')
[0.352s] INFO:colcon.colcon_core.shell:Creating environment hook '/home/racecar/ros2_ws/src/Team10_GROS5/install/racecar_bringup/share/racecar_bringup/hook/ament_prefix_path.ps1'
[0.353s] INFO:colcon.colcon_core.shell:Creating environment descriptor '/home/racecar/ros2_ws/src/Team10_GROS5/install/racecar_bringup/share/racecar_bringup/hook/ament_prefix_path.dsv'
[0.354s] INFO:colcon.colcon_core.shell:Creating environment hook '/home/racecar/ros2_ws/src/Team10_GROS5/install/racecar_bringup/share/racecar_bringup/hook/ament_prefix_path.sh'
[0.355s] INFO:colcon.colcon_core.shell:Skip shell extension 'powershell' for command environment: Not usable outside of PowerShell
[0.355s] DEBUG:colcon.colcon_core.shell:Skip shell extension 'dsv' for command environment
[0.362s] INFO:colcon.colcon_ros.task.ament_cmake.build:Building ROS package in '/home/racecar/ros2_ws/src/Team10_GROS5/racecar-ros2/racecar_serial/libserial' with build type 'ament_cmake'
[0.362s] INFO:colcon.colcon_cmake.task.cmake.build:Building CMake package in '/home/racecar/ros2_ws/src/Team10_GROS5/racecar-ros2/racecar_serial/libserial'
[0.362s] INFO:colcon.colcon_core.shell:Skip shell extension 'powershell' for command environment: Not usable outside of PowerShell
[0.362s] DEBUG:colcon.colcon_core.shell:Skip shell extension 'dsv' for command environment
[0.371s] INFO:colcon.colcon_ros.task.ament_python.build:Building ROS package in '/home/racecar/ros2_ws/src/Team10_GROS5/racecar-ros2/racecar_autopilot' with build type 'ament_python'
[0.371s] Level 1:colcon.colcon_core.shell:create_environment_hook('racecar_autopilot', 'ament_prefix_path')
[0.372s] INFO:colcon.colcon_core.shell:Creating environment hook '/home/racecar/ros2_ws/src/Team10_GROS5/install/racecar_autopilot/share/racecar_autopilot/hook/ament_prefix_path.ps1'
[0.374s] INFO:colcon.colcon_core.shell:Creating environment descriptor '/home/racecar/ros2_ws/src/Team10_GROS5/install/racecar_autopilot/share/racecar_autopilot/hook/ament_prefix_path.dsv'
[0.375s] INFO:colcon.colcon_core.shell:Creating environment hook '/home/racecar/ros2_ws/src/Team10_GROS5/install/racecar_autopilot/share/racecar_autopilot/hook/ament_prefix_path.sh'
[0.377s] INFO:colcon.colcon_core.shell:Skip shell extension 'powershell' for command environment: Not usable outside of PowerShell
[0.377s] DEBUG:colcon.colcon_core.shell:Skip shell extension 'dsv' for command environment
[0.769s] INFO:colcon.colcon_core.task.python.build:Building Python package in '/home/racecar/ros2_ws/src/Team10_GROS5/racecar-ros2/racecar_behaviors'
[0.770s] INFO:colcon.colcon_core.shell:Skip shell extension 'powershell' for command environment: Not usable outside of PowerShell
[0.770s] DEBUG:colcon.colcon_core.shell:Skip shell extension 'dsv' for command environment
[1.219s] INFO:colcon.colcon_core.task.python.build:Building Python package in '/home/racecar/ros2_ws/src/Team10_GROS5/racecar-ros2/racecar_bringup'
[1.220s] INFO:colcon.colcon_core.shell:Skip shell extension 'powershell' for command environment: Not usable outside of PowerShell
[1.221s] DEBUG:colcon.colcon_core.shell:Skip shell extension 'dsv' for command environment
[1.248s] DEBUG:colcon.colcon_core.event_handler.log_command:Invoking command in '/home/racecar/ros2_ws/src/Team10_GROS5/build/serial': CMAKE_PREFIX_PATH=${CMAKE_PREFIX_PATH}:/home/racecar/ros2_ws/install/racecar_teleop:/home/racecar/ros2_ws/install/racecar_navigation:/home/racecar/ros2_ws/install/racecar_gazebo:/home/racecar/ros2_ws/install/racecar_description:/home/racecar/ros2_ws/install/racecar_bringup:/home/racecar/ros2_ws/install/racecar_behaviors:/home/racecar/ros2_ws/install/racecar_beacon:/home/racecar/ros2_ws/install/racecar_autopilot:/opt/ros/jazzy DEBUGINFOD_URLS=https://debuginfod.ubuntu.com /usr/bin/cmake /home/racecar/ros2_ws/src/Team10_GROS5/racecar-ros2/racecar_serial/libserial -DCMAKE_INSTALL_PREFIX=/home/racecar/ros2_ws/src/Team10_GROS5/install/serial
[1.797s] INFO:colcon.colcon_core.task.python.build:Building Python package in '/home/racecar/ros2_ws/src/Team10_GROS5/racecar-ros2/racecar_autopilot'
[1.798s] INFO:colcon.colcon_core.shell:Skip shell extension 'powershell' for command environment: Not usable outside of PowerShell
[1.798s] DEBUG:colcon.colcon_core.shell:Skip shell extension 'dsv' for command environment
[2.173s] DEBUG:colcon.colcon_core.event_handler.log_command:Invoked command in '/home/racecar/ros2_ws/src/Team10_GROS5/build/serial' returned '0': CMAKE_PREFIX_PATH=${CMAKE_PREFIX_PATH}:/home/racecar/ros2_ws/install/racecar_teleop:/home/racecar/ros2_ws/install/racecar_navigation:/home/racecar/ros2_ws/install/racecar_gazebo:/home/racecar/ros2_ws/install/racecar_description:/home/racecar/ros2_ws/install/racecar_bringup:/home/racecar/ros2_ws/install/racecar_behaviors:/home/racecar/ros2_ws/install/racecar_beacon:/home/racecar/ros2_ws/install/racecar_autopilot:/opt/ros/jazzy DEBUGINFOD_URLS=https://debuginfod.ubuntu.com /usr/bin/cmake /home/racecar/ros2_ws/src/Team10_GROS5/racecar-ros2/racecar_serial/libserial -DCMAKE_INSTALL_PREFIX=/home/racecar/ros2_ws/src/Team10_GROS5/install/serial
[2.176s] DEBUG:colcon.colcon_core.event_handler.log_command:Invoking command in '/home/racecar/ros2_ws/src/Team10_GROS5/build/serial': CMAKE_PREFIX_PATH=${CMAKE_PREFIX_PATH}:/home/racecar/ros2_ws/install/racecar_teleop:/home/racecar/ros2_ws/install/racecar_navigation:/home/racecar/ros2_ws/install/racecar_gazebo:/home/racecar/ros2_ws/install/racecar_description:/home/racecar/ros2_ws/install/racecar_bringup:/home/racecar/ros2_ws/install/racecar_behaviors:/home/racecar/ros2_ws/install/racecar_beacon:/home/racecar/ros2_ws/install/racecar_autopilot:/opt/ros/jazzy DEBUGINFOD_URLS=https://debuginfod.ubuntu.com /usr/bin/cmake --build /home/racecar/ros2_ws/src/Team10_GROS5/build/serial -- -j4 -l4
[2.398s] DEBUG:colcon.colcon_core.event_handler.log_command:Invoked command in '/home/racecar/ros2_ws/src/Team10_GROS5/build/serial' returned '0': CMAKE_PREFIX_PATH=${CMAKE_PREFIX_PATH}:/home/racecar/ros2_ws/install/racecar_teleop:/home/racecar/ros2_ws/install/racecar_navigation:/home/racecar/ros2_ws/install/racecar_gazebo:/home/racecar/ros2_ws/install/racecar_description:/home/racecar/ros2_ws/install/racecar_bringup:/home/racecar/ros2_ws/install/racecar_behaviors:/home/racecar/ros2_ws/install/racecar_beacon:/home/racecar/ros2_ws/install/racecar_autopilot:/opt/ros/jazzy DEBUGINFOD_URLS=https://debuginfod.ubuntu.com /usr/bin/cmake --build /home/racecar/ros2_ws/src/Team10_GROS5/build/serial -- -j4 -l4
[2.442s] DEBUG:colcon.colcon_core.event_handler.log_command:Invoking command in '/home/racecar/ros2_ws/src/Team10_GROS5/build/serial': CMAKE_PREFIX_PATH=${CMAKE_PREFIX_PATH}:/home/racecar/ros2_ws/install/racecar_teleop:/home/racecar/ros2_ws/install/racecar_navigation:/home/racecar/ros2_ws/install/racecar_gazebo:/home/racecar/ros2_ws/install/racecar_description:/home/racecar/ros2_ws/install/racecar_bringup:/home/racecar/ros2_ws/install/racecar_behaviors:/home/racecar/ros2_ws/install/racecar_beacon:/home/racecar/ros2_ws/install/racecar_autopilot:/opt/ros/jazzy DEBUGINFOD_URLS=https://debuginfod.ubuntu.com /usr/bin/cmake --install /home/racecar/ros2_ws/src/Team10_GROS5/build/serial
[2.538s] Level 1:colcon.colcon_core.environment:create_environment_scripts_only(serial)
[2.539s] DEBUG:colcon.colcon_core.event_handler.log_command:Invoked command in '/home/racecar/ros2_ws/src/Team10_GROS5/build/serial' returned '0': CMAKE_PREFIX_PATH=${CMAKE_PREFIX_PATH}:/home/racecar/ros2_ws/install/racecar_teleop:/home/racecar/ros2_ws/install/racecar_navigation:/home/racecar/ros2_ws/install/racecar_gazebo:/home/racecar/ros2_ws/install/racecar_description:/home/racecar/ros2_ws/install/racecar_bringup:/home/racecar/ros2_ws/install/racecar_behaviors:/home/racecar/ros2_ws/install/racecar_beacon:/home/racecar/ros2_ws/install/racecar_autopilot:/opt/ros/jazzy DEBUGINFOD_URLS=https://debuginfod.ubuntu.com /usr/bin/cmake --install /home/racecar/ros2_ws/src/Team10_GROS5/build/serial
[2.548s] Level 1:colcon.colcon_core.environment:checking '/home/racecar/ros2_ws/src/Team10_GROS5/install/serial' for CMake module files
[2.549s] Level 1:colcon.colcon_core.environment:checking '/home/racecar/ros2_ws/src/Team10_GROS5/install/serial' for CMake config files
[2.549s] Level 1:colcon.colcon_core.shell:create_environment_hook('serial', 'cmake_prefix_path')
[2.552s] INFO:colcon.colcon_core.shell:Creating environment hook '/home/racecar/ros2_ws/src/Team10_GROS5/install/serial/share/serial/hook/cmake_prefix_path.ps1'
[2.555s] INFO:colcon.colcon_core.shell:Creating environment descriptor '/home/racecar/ros2_ws/src/Team10_GROS5/install/serial/share/serial/hook/cmake_prefix_path.dsv'
[2.557s] INFO:colcon.colcon_core.shell:Creating environment hook '/home/racecar/ros2_ws/src/Team10_GROS5/install/serial/share/serial/hook/cmake_prefix_path.sh'
[2.559s] Level 1:colcon.colcon_core.environment:checking '/home/racecar/ros2_ws/src/Team10_GROS5/install/serial/lib'
[2.560s] Level 1:colcon.colcon_core.environment:checking '/home/racecar/ros2_ws/src/Team10_GROS5/install/serial/bin'
[2.560s] Level 1:colcon.colcon_core.environment:checking '/home/racecar/ros2_ws/src/Team10_GROS5/install/serial/lib/pkgconfig/serial.pc'
[2.560s] Level 1:colcon.colcon_core.environment:checking '/home/racecar/ros2_ws/src/Team10_GROS5/install/serial/lib/python3.12/site-packages'
[2.561s] Level 1:colcon.colcon_core.environment:checking '/home/racecar/ros2_ws/src/Team10_GROS5/install/serial/bin'
[2.563s] INFO:colcon.colcon_core.shell:Creating package script '/home/racecar/ros2_ws/src/Team10_GROS5/install/serial/share/serial/package.ps1'
[2.565s] INFO:colcon.colcon_core.shell:Creating package descriptor '/home/racecar/ros2_ws/src/Team10_GROS5/install/serial/share/serial/package.dsv'
[2.572s] INFO:colcon.colcon_core.shell:Creating package script '/home/racecar/ros2_ws/src/Team10_GROS5/install/serial/share/serial/package.sh'
[2.573s] INFO:colcon.colcon_core.shell:Creating package script '/home/racecar/ros2_ws/src/Team10_GROS5/install/serial/share/serial/package.bash'
[2.576s] INFO:colcon.colcon_core.shell:Creating package script '/home/racecar/ros2_ws/src/Team10_GROS5/install/serial/share/serial/package.zsh'
[2.577s] Level 1:colcon.colcon_core.environment:create_file_with_runtime_dependencies(/home/racecar/ros2_ws/src/Team10_GROS5/install/serial/share/colcon-core/packages/serial)
[2.581s] Level 1:colcon.colcon_core.environment:create_environment_scripts_only(serial)
[2.581s] Level 1:colcon.colcon_core.environment:checking '/home/racecar/ros2_ws/src/Team10_GROS5/install/serial' for CMake module files
[2.582s] Level 1:colcon.colcon_core.environment:checking '/home/racecar/ros2_ws/src/Team10_GROS5/install/serial' for CMake config files
[2.583s] Level 1:colcon.colcon_core.shell:create_environment_hook('serial', 'cmake_prefix_path')
[2.590s] INFO:colcon.colcon_core.shell:Creating environment hook '/home/racecar/ros2_ws/src/Team10_GROS5/install/serial/share/serial/hook/cmake_prefix_path.ps1'
[2.592s] INFO:colcon.colcon_core.shell:Creating environment descriptor '/home/racecar/ros2_ws/src/Team10_GROS5/install/serial/share/serial/hook/cmake_prefix_path.dsv'
[2.594s] INFO:colcon.colcon_core.shell:Creating environment hook '/home/racecar/ros2_ws/src/Team10_GROS5/install/serial/share/serial/hook/cmake_prefix_path.sh'
[2.595s] Level 1:colcon.colcon_core.environment:checking '/home/racecar/ros2_ws/src/Team10_GROS5/install/serial/lib'
[2.595s] Level 1:colcon.colcon_core.environment:checking '/home/racecar/ros2_ws/src/Team10_GROS5/install/serial/bin'
[2.595s] Level 1:colcon.colcon_core.environment:checking '/home/racecar/ros2_ws/src/Team10_GROS5/install/serial/lib/pkgconfig/serial.pc'
[2.596s] Level 1:colcon.colcon_core.environment:checking '/home/racecar/ros2_ws/src/Team10_GROS5/install/serial/lib/python3.12/site-packages'
[2.597s] Level 1:colcon.colcon_core.environment:checking '/home/racecar/ros2_ws/src/Team10_GROS5/install/serial/bin'
[2.598s] INFO:colcon.colcon_core.shell:Creating package script '/home/racecar/ros2_ws/src/Team10_GROS5/install/serial/share/serial/package.ps1'
[2.601s] INFO:colcon.colcon_core.shell:Creating package descriptor '/home/racecar/ros2_ws/src/Team10_GROS5/install/serial/share/serial/package.dsv'
[2.602s] INFO:colcon.colcon_core.shell:Creating package script '/home/racecar/ros2_ws/src/Team10_GROS5/install/serial/share/serial/package.sh'
[2.604s] INFO:colcon.colcon_core.shell:Creating package script '/home/racecar/ros2_ws/src/Team10_GROS5/install/serial/share/serial/package.bash'
[2.605s] INFO:colcon.colcon_core.shell:Creating package script '/home/racecar/ros2_ws/src/Team10_GROS5/install/serial/share/serial/package.zsh'
[2.606s] Level 1:colcon.colcon_core.environment:create_file_with_runtime_dependencies(/home/racecar/ros2_ws/src/Team10_GROS5/install/serial/share/colcon-core/packages/serial)
[2.610s] INFO:colcon.colcon_ros.task.ament_python.build:Building ROS package in '/home/racecar/ros2_ws/src/Team10_GROS5/racecar-ros2/racecar_beacon' with build type 'ament_python'
[2.610s] Level 1:colcon.colcon_core.shell:create_environment_hook('racecar_beacon', 'ament_prefix_path')
[2.611s] INFO:colcon.colcon_core.shell:Creating environment hook '/home/racecar/ros2_ws/src/Team10_GROS5/install/racecar_beacon/share/racecar_beacon/hook/ament_prefix_path.ps1'
[2.612s] INFO:colcon.colcon_core.shell:Creating environment descriptor '/home/racecar/ros2_ws/src/Team10_GROS5/install/racecar_beacon/share/racecar_beacon/hook/ament_prefix_path.dsv'
[2.618s] INFO:colcon.colcon_core.shell:Creating environment hook '/home/racecar/ros2_ws/src/Team10_GROS5/install/racecar_beacon/share/racecar_beacon/hook/ament_prefix_path.sh'
[2.620s] INFO:colcon.colcon_core.shell:Skip shell extension 'powershell' for command environment: Not usable outside of PowerShell
[2.623s] DEBUG:colcon.colcon_core.shell:Skip shell extension 'dsv' for command environment
[3.320s] INFO:colcon.colcon_core.task.python.build:Building Python package in '/home/racecar/ros2_ws/src/Team10_GROS5/racecar-ros2/racecar_beacon'
[3.321s] INFO:colcon.colcon_core.shell:Skip shell extension 'powershell' for command environment: Not usable outside of PowerShell
[3.321s] DEBUG:colcon.colcon_core.shell:Skip shell extension 'dsv' for command environment
[3.570s] DEBUG:colcon.colcon_core.event_handler.log_command:Invoking command in '/home/racecar/ros2_ws/src/Team10_GROS5/build/racecar_autopilot': DEBUGINFOD_URLS=https://debuginfod.ubuntu.com PYTHONPATH=/home/racecar/ros2_ws/src/Team10_GROS5/build/racecar_autopilot/prefix_override:/usr/lib/python3/dist-packages/colcon_core/task/python/colcon_distutils_commands:/home/racecar/ros2_ws/src/Team10_GROS5/install/racecar_autopilot/lib/python3.12/site-packages:${PYTHONPATH} /usr/bin/python3 -W ignore:setup.py install is deprecated -W ignore:easy_install command is deprecated setup.py develop --uninstall --editable --build-directory /home/racecar/ros2_ws/src/Team10_GROS5/build/racecar_autopilot/build
[3.674s] DEBUG:colcon.colcon_core.event_handler.log_command:Invoking command in '/home/racecar/ros2_ws/src/Team10_GROS5/build/racecar_behaviors': DEBUGINFOD_URLS=https://debuginfod.ubuntu.com PYTHONPATH=/home/racecar/ros2_ws/src/Team10_GROS5/build/racecar_behaviors/prefix_override:/usr/lib/python3/dist-packages/colcon_core/task/python/colcon_distutils_commands:/home/racecar/ros2_ws/src/Team10_GROS5/install/racecar_behaviors/lib/python3.12/site-packages:${PYTHONPATH} /usr/bin/python3 -W ignore:setup.py install is deprecated -W ignore:easy_install command is deprecated setup.py develop --uninstall --editable --build-directory /home/racecar/ros2_ws/src/Team10_GROS5/build/racecar_behaviors/build
[3.712s] DEBUG:colcon.colcon_core.event_handler.log_command:Invoking command in '/home/racecar/ros2_ws/src/Team10_GROS5/build/racecar_bringup': DEBUGINFOD_URLS=https://debuginfod.ubuntu.com PYTHONPATH=/home/racecar/ros2_ws/src/Team10_GROS5/build/racecar_bringup/prefix_override:/usr/lib/python3/dist-packages/colcon_core/task/python/colcon_distutils_commands:/home/racecar/ros2_ws/src/Team10_GROS5/install/racecar_bringup/lib/python3.12/site-packages:${PYTHONPATH} /usr/bin/python3 -W ignore:setup.py install is deprecated -W ignore:easy_install command is deprecated setup.py develop --uninstall --editable --build-directory /home/racecar/ros2_ws/src/Team10_GROS5/build/racecar_bringup/build
[5.058s] DEBUG:colcon.colcon_core.event_handler.log_command:Invoked command in '/home/racecar/ros2_ws/src/Team10_GROS5/build/racecar_autopilot' returned '0': DEBUGINFOD_URLS=https://debuginfod.ubuntu.com PYTHONPATH=/home/racecar/ros2_ws/src/Team10_GROS5/build/racecar_autopilot/prefix_override:/usr/lib/python3/dist-packages/colcon_core/task/python/colcon_distutils_commands:/home/racecar/ros2_ws/src/Team10_GROS5/install/racecar_autopilot/lib/python3.12/site-packages:${PYTHONPATH} /usr/bin/python3 -W ignore:setup.py install is deprecated -W ignore:easy_install command is deprecated setup.py develop --uninstall --editable --build-directory /home/racecar/ros2_ws/src/Team10_GROS5/build/racecar_autopilot/build
[5.060s] DEBUG:colcon.colcon_core.event_handler.log_command:Invoking command in '/home/racecar/ros2_ws/src/Team10_GROS5/racecar-ros2/racecar_autopilot': DEBUGINFOD_URLS=https://debuginfod.ubuntu.com PYTHONPATH=/home/racecar/ros2_ws/src/Team10_GROS5/build/racecar_autopilot/prefix_override:/usr/lib/python3/dist-packages/colcon_core/task/python/colcon_distutils_commands:/home/racecar/ros2_ws/src/Team10_GROS5/install/racecar_autopilot/lib/python3.12/site-packages:${PYTHONPATH} /usr/bin/python3 -W ignore:setup.py install is deprecated -W ignore:easy_install command is deprecated setup.py egg_info --egg-base ../../build/racecar_autopilot build --build-base /home/racecar/ros2_ws/src/Team10_GROS5/build/racecar_autopilot/build install --record /home/racecar/ros2_ws/src/Team10_GROS5/build/racecar_autopilot/install.log --single-version-externally-managed install_data --force
[5.173s] DEBUG:colcon.colcon_core.event_handler.log_command:Invoking command in '/home/racecar/ros2_ws/src/Team10_GROS5/build/racecar_beacon': DEBUGINFOD_URLS=https://debuginfod.ubuntu.com PYTHONPATH=/home/racecar/ros2_ws/src/Team10_GROS5/build/racecar_beacon/prefix_override:/usr/lib/python3/dist-packages/colcon_core/task/python/colcon_distutils_commands:/home/racecar/ros2_ws/src/Team10_GROS5/install/racecar_beacon/lib/python3.12/site-packages:${PYTHONPATH} /usr/bin/python3 -W ignore:setup.py install is deprecated -W ignore:easy_install command is deprecated setup.py develop --uninstall --editable --build-directory /home/racecar/ros2_ws/src/Team10_GROS5/build/racecar_beacon/build
[5.298s] DEBUG:colcon.colcon_core.event_handler.log_command:Invoked command in '/home/racecar/ros2_ws/src/Team10_GROS5/build/racecar_bringup' returned '0': DEBUGINFOD_URLS=https://debuginfod.ubuntu.com PYTHONPATH=/home/racecar/ros2_ws/src/Team10_GROS5/build/racecar_bringup/prefix_override:/usr/lib/python3/dist-packages/colcon_core/task/python/colcon_distutils_commands:/home/racecar/ros2_ws/src/Team10_GROS5/install/racecar_bringup/lib/python3.12/site-packages:${PYTHONPATH} /usr/bin/python3 -W ignore:setup.py install is deprecated -W ignore:easy_install command is deprecated setup.py develop --uninstall --editable --build-directory /home/racecar/ros2_ws/src/Team10_GROS5/build/racecar_bringup/build
[5.300s] DEBUG:colcon.colcon_core.event_handler.log_command:Invoking command in '/home/racecar/ros2_ws/src/Team10_GROS5/racecar-ros2/racecar_bringup': DEBUGINFOD_URLS=https://debuginfod.ubuntu.com PYTHONPATH=/home/racecar/ros2_ws/src/Team10_GROS5/build/racecar_bringup/prefix_override:/usr/lib/python3/dist-packages/colcon_core/task/python/colcon_distutils_commands:/home/racecar/ros2_ws/src/Team10_GROS5/install/racecar_bringup/lib/python3.12/site-packages:${PYTHONPATH} /usr/bin/python3 -W ignore:setup.py install is deprecated -W ignore:easy_install command is deprecated setup.py egg_info --egg-base ../../build/racecar_bringup build --build-base /home/racecar/ros2_ws/src/Team10_GROS5/build/racecar_bringup/build install --record /home/racecar/ros2_ws/src/Team10_GROS5/build/racecar_bringup/install.log --single-version-externally-managed install_data --force
[5.409s] DEBUG:colcon.colcon_core.event_handler.log_command:Invoked command in '/home/racecar/ros2_ws/src/Team10_GROS5/build/racecar_behaviors' returned '0': DEBUGINFOD_URLS=https://debuginfod.ubuntu.com PYTHONPATH=/home/racecar/ros2_ws/src/Team10_GROS5/build/racecar_behaviors/prefix_override:/usr/lib/python3/dist-packages/colcon_core/task/python/colcon_distutils_commands:/home/racecar/ros2_ws/src/Team10_GROS5/install/racecar_behaviors/lib/python3.12/site-packages:${PYTHONPATH} /usr/bin/python3 -W ignore:setup.py install is deprecated -W ignore:easy_install command is deprecated setup.py develop --uninstall --editable --build-directory /home/racecar/ros2_ws/src/Team10_GROS5/build/racecar_behaviors/build
[5.415s] DEBUG:colcon.colcon_core.event_handler.log_command:Invoking command in '/home/racecar/ros2_ws/src/Team10_GROS5/racecar-ros2/racecar_behaviors': DEBUGINFOD_URLS=https://debuginfod.ubuntu.com PYTHONPATH=/home/racecar/ros2_ws/src/Team10_GROS5/build/racecar_behaviors/prefix_override:/usr/lib/python3/dist-packages/colcon_core/task/python/colcon_distutils_commands:/home/racecar/ros2_ws/src/Team10_GROS5/install/racecar_behaviors/lib/python3.12/site-packages:${PYTHONPATH} /usr/bin/python3 -W ignore:setup.py install is deprecated -W ignore:easy_install command is deprecated setup.py egg_info --egg-base ../../build/racecar_behaviors build --build-base /home/racecar/ros2_ws/src/Team10_GROS5/build/racecar_behaviors/build install --record /home/racecar/ros2_ws/src/Team10_GROS5/build/racecar_behaviors/install.log --single-version-externally-managed install_data --force
[6.770s] Level 1:colcon.colcon_core.environment:checking '/home/racecar/ros2_ws/src/Team10_GROS5/install/racecar_autopilot' for CMake module files
[6.773s] DEBUG:colcon.colcon_core.event_handler.log_command:Invoked command in '/home/racecar/ros2_ws/src/Team10_GROS5/racecar-ros2/racecar_autopilot' returned '0': DEBUGINFOD_URLS=https://debuginfod.ubuntu.com PYTHONPATH=/home/racecar/ros2_ws/src/Team10_GROS5/build/racecar_autopilot/prefix_override:/usr/lib/python3/dist-packages/colcon_core/task/python/colcon_distutils_commands:/home/racecar/ros2_ws/src/Team10_GROS5/install/racecar_autopilot/lib/python3.12/site-packages:${PYTHONPATH} /usr/bin/python3 -W ignore:setup.py install is deprecated -W ignore:easy_install command is deprecated setup.py egg_info --egg-base ../../build/racecar_autopilot build --build-base /home/racecar/ros2_ws/src/Team10_GROS5/build/racecar_autopilot/build install --record /home/racecar/ros2_ws/src/Team10_GROS5/build/racecar_autopilot/install.log --single-version-externally-managed install_data --force
[6.775s] Level 1:colcon.colcon_core.environment:checking '/home/racecar/ros2_ws/src/Team10_GROS5/install/racecar_autopilot' for CMake config files
[6.781s] Level 1:colcon.colcon_core.environment:checking '/home/racecar/ros2_ws/src/Team10_GROS5/install/racecar_autopilot/lib'
[6.782s] Level 1:colcon.colcon_core.environment:checking '/home/racecar/ros2_ws/src/Team10_GROS5/install/racecar_autopilot/bin'
[6.782s] Level 1:colcon.colcon_core.environment:checking '/home/racecar/ros2_ws/src/Team10_GROS5/install/racecar_autopilot/lib/pkgconfig/racecar_autopilot.pc'
[6.786s] Level 1:colcon.colcon_core.environment:checking '/home/racecar/ros2_ws/src/Team10_GROS5/install/racecar_autopilot/lib/python3.12/site-packages'
[6.787s] Level 1:colcon.colcon_core.shell:create_environment_hook('racecar_autopilot', 'pythonpath')
[6.788s] INFO:colcon.colcon_core.shell:Creating environment hook '/home/racecar/ros2_ws/src/Team10_GROS5/install/racecar_autopilot/share/racecar_autopilot/hook/pythonpath.ps1'
[6.789s] INFO:colcon.colcon_core.shell:Creating environment descriptor '/home/racecar/ros2_ws/src/Team10_GROS5/install/racecar_autopilot/share/racecar_autopilot/hook/pythonpath.dsv'
[6.795s] INFO:colcon.colcon_core.shell:Creating environment hook '/home/racecar/ros2_ws/src/Team10_GROS5/install/racecar_autopilot/share/racecar_autopilot/hook/pythonpath.sh'
[6.803s] Level 1:colcon.colcon_core.environment:checking '/home/racecar/ros2_ws/src/Team10_GROS5/install/racecar_autopilot/bin'
[6.803s] Level 1:colcon.colcon_core.environment:create_environment_scripts_only(racecar_autopilot)
[6.804s] INFO:colcon.colcon_core.shell:Creating package script '/home/racecar/ros2_ws/src/Team10_GROS5/install/racecar_autopilot/share/racecar_autopilot/package.ps1'
[6.805s] INFO:colcon.colcon_core.shell:Creating package descriptor '/home/racecar/ros2_ws/src/Team10_GROS5/install/racecar_autopilot/share/racecar_autopilot/package.dsv'
[6.808s] INFO:colcon.colcon_core.shell:Creating package script '/home/racecar/ros2_ws/src/Team10_GROS5/install/racecar_autopilot/share/racecar_autopilot/package.sh'
[6.810s] INFO:colcon.colcon_core.shell:Creating package script '/home/racecar/ros2_ws/src/Team10_GROS5/install/racecar_autopilot/share/racecar_autopilot/package.bash'
[6.812s] INFO:colcon.colcon_core.shell:Creating package script '/home/racecar/ros2_ws/src/Team10_GROS5/install/racecar_autopilot/share/racecar_autopilot/package.zsh'
[6.813s] Level 1:colcon.colcon_core.environment:create_file_with_runtime_dependencies(/home/racecar/ros2_ws/src/Team10_GROS5/install/racecar_autopilot/share/colcon-core/packages/racecar_autopilot)
[6.815s] INFO:colcon.colcon_ros.task.ament_python.build:Building ROS package in '/home/racecar/ros2_ws/src/Team10_GROS5/racecar-ros2/racecar_description' with build type 'ament_python'
[6.815s] Level 1:colcon.colcon_core.shell:create_environment_hook('racecar_description', 'ament_prefix_path')
[6.816s] INFO:colcon.colcon_core.shell:Creating environment hook '/home/racecar/ros2_ws/src/Team10_GROS5/install/racecar_description/share/racecar_description/hook/ament_prefix_path.ps1'
[6.817s] INFO:colcon.colcon_core.shell:Creating environment descriptor '/home/racecar/ros2_ws/src/Team10_GROS5/install/racecar_description/share/racecar_description/hook/ament_prefix_path.dsv'
[6.820s] INFO:colcon.colcon_core.shell:Creating environment hook '/home/racecar/ros2_ws/src/Team10_GROS5/install/racecar_description/share/racecar_description/hook/ament_prefix_path.sh'
[6.825s] INFO:colcon.colcon_core.shell:Skip shell extension 'powershell' for command environment: Not usable outside of PowerShell
[6.825s] DEBUG:colcon.colcon_core.shell:Skip shell extension 'dsv' for command environment
[7.425s] INFO:colcon.colcon_core.task.python.build:Building Python package in '/home/racecar/ros2_ws/src/Team10_GROS5/racecar-ros2/racecar_description'
[7.426s] INFO:colcon.colcon_core.shell:Skip shell extension 'powershell' for command environment: Not usable outside of PowerShell
[7.426s] DEBUG:colcon.colcon_core.shell:Skip shell extension 'dsv' for command environment
[7.434s] Level 1:colcon.colcon_core.environment:checking '/home/racecar/ros2_ws/src/Team10_GROS5/install/racecar_bringup' for CMake module files
[7.435s] DEBUG:colcon.colcon_core.event_handler.log_command:Invoked command in '/home/racecar/ros2_ws/src/Team10_GROS5/racecar-ros2/racecar_bringup' returned '0': DEBUGINFOD_URLS=https://debuginfod.ubuntu.com PYTHONPATH=/home/racecar/ros2_ws/src/Team10_GROS5/build/racecar_bringup/prefix_override:/usr/lib/python3/dist-packages/colcon_core/task/python/colcon_distutils_commands:/home/racecar/ros2_ws/src/Team10_GROS5/install/racecar_bringup/lib/python3.12/site-packages:${PYTHONPATH} /usr/bin/python3 -W ignore:setup.py install is deprecated -W ignore:easy_install command is deprecated setup.py egg_info --egg-base ../../build/racecar_bringup build --build-base /home/racecar/ros2_ws/src/Team10_GROS5/build/racecar_bringup/build install --record /home/racecar/ros2_ws/src/Team10_GROS5/build/racecar_bringup/install.log --single-version-externally-managed install_data --force
[7.435s] Level 1:colcon.colcon_core.environment:checking '/home/racecar/ros2_ws/src/Team10_GROS5/install/racecar_bringup' for CMake config files
[7.437s] Level 1:colcon.colcon_core.environment:checking '/home/racecar/ros2_ws/src/Team10_GROS5/install/racecar_bringup/lib'
[7.437s] Level 1:colcon.colcon_core.environment:checking '/home/racecar/ros2_ws/src/Team10_GROS5/install/racecar_bringup/bin'
[7.437s] Level 1:colcon.colcon_core.environment:checking '/home/racecar/ros2_ws/src/Team10_GROS5/install/racecar_bringup/lib/pkgconfig/racecar_bringup.pc'
[7.438s] Level 1:colcon.colcon_core.environment:checking '/home/racecar/ros2_ws/src/Team10_GROS5/install/racecar_bringup/lib/python3.12/site-packages'
[7.438s] Level 1:colcon.colcon_core.shell:create_environment_hook('racecar_bringup', 'pythonpath')
[7.439s] INFO:colcon.colcon_core.shell:Creating environment hook '/home/racecar/ros2_ws/src/Team10_GROS5/install/racecar_bringup/share/racecar_bringup/hook/pythonpath.ps1'
[7.440s] INFO:colcon.colcon_core.shell:Creating environment descriptor '/home/racecar/ros2_ws/src/Team10_GROS5/install/racecar_bringup/share/racecar_bringup/hook/pythonpath.dsv'
[7.441s] INFO:colcon.colcon_core.shell:Creating environment hook '/home/racecar/ros2_ws/src/Team10_GROS5/install/racecar_bringup/share/racecar_bringup/hook/pythonpath.sh'
[7.443s] Level 1:colcon.colcon_core.environment:checking '/home/racecar/ros2_ws/src/Team10_GROS5/install/racecar_bringup/bin'
[7.443s] Level 1:colcon.colcon_core.environment:create_environment_scripts_only(racecar_bringup)
[7.443s] INFO:colcon.colcon_core.shell:Creating package script '/home/racecar/ros2_ws/src/Team10_GROS5/install/racecar_bringup/share/racecar_bringup/package.ps1'
[7.444s] INFO:colcon.colcon_core.shell:Creating package descriptor '/home/racecar/ros2_ws/src/Team10_GROS5/install/racecar_bringup/share/racecar_bringup/package.dsv'
[7.445s] INFO:colcon.colcon_core.shell:Creating package script '/home/racecar/ros2_ws/src/Team10_GROS5/install/racecar_bringup/share/racecar_bringup/package.sh'
[7.445s] INFO:colcon.colcon_core.shell:Creating package script '/home/racecar/ros2_ws/src/Team10_GROS5/install/racecar_bringup/share/racecar_bringup/package.bash'
[7.446s] INFO:colcon.colcon_core.shell:Creating package script '/home/racecar/ros2_ws/src/Team10_GROS5/install/racecar_bringup/share/racecar_bringup/package.zsh'
[7.447s] Level 1:colcon.colcon_core.environment:create_file_with_runtime_dependencies(/home/racecar/ros2_ws/src/Team10_GROS5/install/racecar_bringup/share/colcon-core/packages/racecar_bringup)
[7.452s] DEBUG:colcon.colcon_core.event_handler.log_command:Invoked command in '/home/racecar/ros2_ws/src/Team10_GROS5/build/racecar_beacon' returned '0': DEBUGINFOD_URLS=https://debuginfod.ubuntu.com PYTHONPATH=/home/racecar/ros2_ws/src/Team10_GROS5/build/racecar_beacon/prefix_override:/usr/lib/python3/dist-packages/colcon_core/task/python/colcon_distutils_commands:/home/racecar/ros2_ws/src/Team10_GROS5/install/racecar_beacon/lib/python3.12/site-packages:${PYTHONPATH} /usr/bin/python3 -W ignore:setup.py install is deprecated -W ignore:easy_install command is deprecated setup.py develop --uninstall --editable --build-directory /home/racecar/ros2_ws/src/Team10_GROS5/build/racecar_beacon/build
[7.454s] DEBUG:colcon.colcon_core.event_handler.log_command:Invoking command in '/home/racecar/ros2_ws/src/Team10_GROS5/racecar-ros2/racecar_beacon': DEBUGINFOD_URLS=https://debuginfod.ubuntu.com PYTHONPATH=/home/racecar/ros2_ws/src/Team10_GROS5/build/racecar_beacon/prefix_override:/usr/lib/python3/dist-packages/colcon_core/task/python/colcon_distutils_commands:/home/racecar/ros2_ws/src/Team10_GROS5/install/racecar_beacon/lib/python3.12/site-packages:${PYTHONPATH} /usr/bin/python3 -W ignore:setup.py install is deprecated -W ignore:easy_install command is deprecated setup.py egg_info --egg-base ../../build/racecar_beacon build --build-base /home/racecar/ros2_ws/src/Team10_GROS5/build/racecar_beacon/build install --record /home/racecar/ros2_ws/src/Team10_GROS5/build/racecar_beacon/install.log --single-version-externally-managed install_data --force
[7.454s] INFO:colcon.colcon_ros.task.ament_python.build:Building ROS package in '/home/racecar/ros2_ws/src/Team10_GROS5/racecar-ros2/racecar_gazebo' with build type 'ament_python'
[7.455s] Level 1:colcon.colcon_core.shell:create_environment_hook('racecar_gazebo', 'ament_prefix_path')
[7.455s] INFO:colcon.colcon_core.shell:Creating environment hook '/home/racecar/ros2_ws/src/Team10_GROS5/install/racecar_gazebo/share/racecar_gazebo/hook/ament_prefix_path.ps1'
[7.459s] INFO:colcon.colcon_core.shell:Creating environment descriptor '/home/racecar/ros2_ws/src/Team10_GROS5/install/racecar_gazebo/share/racecar_gazebo/hook/ament_prefix_path.dsv'
[7.461s] INFO:colcon.colcon_core.shell:Creating environment hook '/home/racecar/ros2_ws/src/Team10_GROS5/install/racecar_gazebo/share/racecar_gazebo/hook/ament_prefix_path.sh'
[7.463s] INFO:colcon.colcon_core.shell:Skip shell extension 'powershell' for command environment: Not usable outside of PowerShell
[7.463s] DEBUG:colcon.colcon_core.shell:Skip shell extension 'dsv' for command environment
[7.482s] Level 1:colcon.colcon_core.environment:checking '/home/racecar/ros2_ws/src/Team10_GROS5/install/racecar_behaviors' for CMake module files
[7.485s] DEBUG:colcon.colcon_core.event_handler.log_command:Invoked command in '/home/racecar/ros2_ws/src/Team10_GROS5/racecar-ros2/racecar_behaviors' returned '0': DEBUGINFOD_URLS=https://debuginfod.ubuntu.com PYTHONPATH=/home/racecar/ros2_ws/src/Team10_GROS5/build/racecar_behaviors/prefix_override:/usr/lib/python3/dist-packages/colcon_core/task/python/colcon_distutils_commands:/home/racecar/ros2_ws/src/Team10_GROS5/install/racecar_behaviors/lib/python3.12/site-packages:${PYTHONPATH} /usr/bin/python3 -W ignore:setup.py install is deprecated -W ignore:easy_install command is deprecated setup.py egg_info --egg-base ../../build/racecar_behaviors build --build-base /home/racecar/ros2_ws/src/Team10_GROS5/build/racecar_behaviors/build install --record /home/racecar/ros2_ws/src/Team10_GROS5/build/racecar_behaviors/install.log --single-version-externally-managed install_data --force
[7.486s] Level 1:colcon.colcon_core.environment:checking '/home/racecar/ros2_ws/src/Team10_GROS5/install/racecar_behaviors' for CMake config files
[7.489s] Level 1:colcon.colcon_core.environment:checking '/home/racecar/ros2_ws/src/Team10_GROS5/install/racecar_behaviors/lib'
[7.489s] Level 1:colcon.colcon_core.environment:checking '/home/racecar/ros2_ws/src/Team10_GROS5/install/racecar_behaviors/bin'
[7.490s] Level 1:colcon.colcon_core.environment:checking '/home/racecar/ros2_ws/src/Team10_GROS5/install/racecar_behaviors/lib/pkgconfig/racecar_behaviors.pc'
[7.491s] Level 1:colcon.colcon_core.environment:checking '/home/racecar/ros2_ws/src/Team10_GROS5/install/racecar_behaviors/lib/python3.12/site-packages'
[7.492s] Level 1:colcon.colcon_core.shell:create_environment_hook('racecar_behaviors', 'pythonpath')
[7.494s] INFO:colcon.colcon_core.shell:Creating environment hook '/home/racecar/ros2_ws/src/Team10_GROS5/install/racecar_behaviors/share/racecar_behaviors/hook/pythonpath.ps1'
[7.495s] INFO:colcon.colcon_core.shell:Creating environment descriptor '/home/racecar/ros2_ws/src/Team10_GROS5/install/racecar_behaviors/share/racecar_behaviors/hook/pythonpath.dsv'
[7.497s] INFO:colcon.colcon_core.shell:Creating environment hook '/home/racecar/ros2_ws/src/Team10_GROS5/install/racecar_behaviors/share/racecar_behaviors/hook/pythonpath.sh'
[7.499s] Level 1:colcon.colcon_core.environment:checking '/home/racecar/ros2_ws/src/Team10_GROS5/install/racecar_behaviors/bin'
[7.500s] Level 1:colcon.colcon_core.environment:create_environment_scripts_only(racecar_behaviors)
[7.501s] INFO:colcon.colcon_core.shell:Creating package script '/home/racecar/ros2_ws/src/Team10_GROS5/install/racecar_behaviors/share/racecar_behaviors/package.ps1'
[7.505s] INFO:colcon.colcon_core.shell:Creating package descriptor '/home/racecar/ros2_ws/src/Team10_GROS5/install/racecar_behaviors/share/racecar_behaviors/package.dsv'
[7.507s] INFO:colcon.colcon_core.shell:Creating package script '/home/racecar/ros2_ws/src/Team10_GROS5/install/racecar_behaviors/share/racecar_behaviors/package.sh'
[7.509s] INFO:colcon.colcon_core.shell:Creating package script '/home/racecar/ros2_ws/src/Team10_GROS5/install/racecar_behaviors/share/racecar_behaviors/package.bash'
[7.510s] INFO:colcon.colcon_core.shell:Creating package script '/home/racecar/ros2_ws/src/Team10_GROS5/install/racecar_behaviors/share/racecar_behaviors/package.zsh'
[7.511s] Level 1:colcon.colcon_core.environment:create_file_with_runtime_dependencies(/home/racecar/ros2_ws/src/Team10_GROS5/install/racecar_behaviors/share/colcon-core/packages/racecar_behaviors)
[7.514s] INFO:colcon.colcon_ros.task.ament_python.build:Building ROS package in '/home/racecar/ros2_ws/src/Team10_GROS5/racecar-ros2/racecar_teleop' with build type 'ament_python'
[7.514s] Level 1:colcon.colcon_core.shell:create_environment_hook('racecar_teleop', 'ament_prefix_path')
[7.515s] INFO:colcon.colcon_core.shell:Creating environment hook '/home/racecar/ros2_ws/src/Team10_GROS5/install/racecar_teleop/share/racecar_teleop/hook/ament_prefix_path.ps1'
[7.516s] INFO:colcon.colcon_core.shell:Creating environment descriptor '/home/racecar/ros2_ws/src/Team10_GROS5/install/racecar_teleop/share/racecar_teleop/hook/ament_prefix_path.dsv'
[7.518s] INFO:colcon.colcon_core.shell:Creating environment hook '/home/racecar/ros2_ws/src/Team10_GROS5/install/racecar_teleop/share/racecar_teleop/hook/ament_prefix_path.sh'
[7.519s] INFO:colcon.colcon_core.shell:Skip shell extension 'powershell' for command environment: Not usable outside of PowerShell
[7.519s] DEBUG:colcon.colcon_core.shell:Skip shell extension 'dsv' for command environment
[8.113s] INFO:colcon.colcon_core.task.python.build:Building Python package in '/home/racecar/ros2_ws/src/Team10_GROS5/racecar-ros2/racecar_gazebo'
[8.114s] INFO:colcon.colcon_core.shell:Skip shell extension 'powershell' for command environment: Not usable outside of PowerShell
[8.114s] DEBUG:colcon.colcon_core.shell:Skip shell extension 'dsv' for command environment
[8.702s] INFO:colcon.colcon_core.task.python.build:Building Python package in '/home/racecar/ros2_ws/src/Team10_GROS5/racecar-ros2/racecar_teleop'
[8.704s] INFO:colcon.colcon_core.shell:Skip shell extension 'powershell' for command environment: Not usable outside of PowerShell
[8.704s] DEBUG:colcon.colcon_core.shell:Skip shell extension 'dsv' for command environment
[8.975s] Level 1:colcon.colcon_core.environment:checking '/home/racecar/ros2_ws/src/Team10_GROS5/install/racecar_beacon' for CMake module files
[8.976s] Level 1:colcon.colcon_core.environment:checking '/home/racecar/ros2_ws/src/Team10_GROS5/install/racecar_beacon' for CMake config files
[8.976s] Level 1:colcon.colcon_core.environment:checking '/home/racecar/ros2_ws/src/Team10_GROS5/install/racecar_beacon/lib'
[8.976s] Level 1:colcon.colcon_core.environment:checking '/home/racecar/ros2_ws/src/Team10_GROS5/install/racecar_beacon/bin'
[8.977s] Level 1:colcon.colcon_core.environment:checking '/home/racecar/ros2_ws/src/Team10_GROS5/install/racecar_beacon/lib/pkgconfig/racecar_beacon.pc'
[8.977s] Level 1:colcon.colcon_core.environment:checking '/home/racecar/ros2_ws/src/Team10_GROS5/install/racecar_beacon/lib/python3.12/site-packages'
[8.978s] DEBUG:colcon.colcon_core.event_handler.log_command:Invoked command in '/home/racecar/ros2_ws/src/Team10_GROS5/racecar-ros2/racecar_beacon' returned '0': DEBUGINFOD_URLS=https://debuginfod.ubuntu.com PYTHONPATH=/home/racecar/ros2_ws/src/Team10_GROS5/build/racecar_beacon/prefix_override:/usr/lib/python3/dist-packages/colcon_core/task/python/colcon_distutils_commands:/home/racecar/ros2_ws/src/Team10_GROS5/install/racecar_beacon/lib/python3.12/site-packages:${PYTHONPATH} /usr/bin/python3 -W ignore:setup.py install is deprecated -W ignore:easy_install command is deprecated setup.py egg_info --egg-base ../../build/racecar_beacon build --build-base /home/racecar/ros2_ws/src/Team10_GROS5/build/racecar_beacon/build install --record /home/racecar/ros2_ws/src/Team10_GROS5/build/racecar_beacon/install.log --single-version-externally-managed install_data --force
[8.978s] Level 1:colcon.colcon_core.shell:create_environment_hook('racecar_beacon', 'pythonpath')
[8.979s] INFO:colcon.colcon_core.shell:Creating environment hook '/home/racecar/ros2_ws/src/Team10_GROS5/install/racecar_beacon/share/racecar_beacon/hook/pythonpath.ps1'
[8.980s] INFO:colcon.colcon_core.shell:Creating environment descriptor '/home/racecar/ros2_ws/src/Team10_GROS5/install/racecar_beacon/share/racecar_beacon/hook/pythonpath.dsv'
[8.981s] INFO:colcon.colcon_core.shell:Creating environment hook '/home/racecar/ros2_ws/src/Team10_GROS5/install/racecar_beacon/share/racecar_beacon/hook/pythonpath.sh'
[8.982s] Level 1:colcon.colcon_core.environment:checking '/home/racecar/ros2_ws/src/Team10_GROS5/install/racecar_beacon/bin'
[8.982s] Level 1:colcon.colcon_core.environment:create_environment_scripts_only(racecar_beacon)
[8.982s] INFO:colcon.colcon_core.shell:Creating package script '/home/racecar/ros2_ws/src/Team10_GROS5/install/racecar_beacon/share/racecar_beacon/package.ps1'
[8.983s] INFO:colcon.colcon_core.shell:Creating package descriptor '/home/racecar/ros2_ws/src/Team10_GROS5/install/racecar_beacon/share/racecar_beacon/package.dsv'
[8.985s] INFO:colcon.colcon_core.shell:Creating package script '/home/racecar/ros2_ws/src/Team10_GROS5/install/racecar_beacon/share/racecar_beacon/package.sh'
[8.986s] INFO:colcon.colcon_core.shell:Creating package script '/home/racecar/ros2_ws/src/Team10_GROS5/install/racecar_beacon/share/racecar_beacon/package.bash'
[8.987s] INFO:colcon.colcon_core.shell:Creating package script '/home/racecar/ros2_ws/src/Team10_GROS5/install/racecar_beacon/share/racecar_beacon/package.zsh'
[8.988s] Level 1:colcon.colcon_core.environment:create_file_with_runtime_dependencies(/home/racecar/ros2_ws/src/Team10_GROS5/install/racecar_beacon/share/colcon-core/packages/racecar_beacon)
[8.991s] INFO:colcon.colcon_ros.task.ament_cmake.build:Building ROS package in '/home/racecar/ros2_ws/src/Team10_GROS5/racecar-ros2/racecar_serial/pb2roscpp' with build type 'ament_cmake'
[8.991s] INFO:colcon.colcon_cmake.task.cmake.build:Building CMake package in '/home/racecar/ros2_ws/src/Team10_GROS5/racecar-ros2/racecar_serial/pb2roscpp'
[8.991s] INFO:colcon.colcon_core.shell:Skip shell extension 'powershell' for command environment: Not usable outside of PowerShell
[8.992s] DEBUG:colcon.colcon_core.shell:Skip shell extension 'dsv' for command environment
[9.042s] DEBUG:colcon.colcon_core.event_handler.log_command:Invoking command in '/home/racecar/ros2_ws/src/Team10_GROS5/build/pb2roscpp': AMENT_PREFIX_PATH=/home/racecar/ros2_ws/src/Team10_GROS5/install/serial:${AMENT_PREFIX_PATH} CMAKE_PREFIX_PATH=/home/racecar/ros2_ws/src/Team10_GROS5/install/serial:/home/racecar/rplidar_ws/install/rplidar_ros:/home/racecar/ros2_ws/install/pb2roscpp:/home/racecar/ros2_ws/install/serial:/opt/ros/jazzy/opt/gz_sim_vendor:/opt/ros/jazzy/opt/gz_sensors_vendor:/opt/ros/jazzy/opt/gz_physics_vendor:/opt/ros/jazzy/opt/sdformat_vendor:/opt/ros/jazzy/opt/gz_gui_vendor:/opt/ros/jazzy/opt/gz_transport_vendor:/opt/ros/jazzy/opt/gz_rendering_vendor:/opt/ros/jazzy/opt/gz_plugin_vendor:/opt/ros/jazzy/opt/gz_fuel_tools_vendor:/opt/ros/jazzy/opt/gz_msgs_vendor:/opt/ros/jazzy/opt/gz_common_vendor:/opt/ros/jazzy/opt/gz_math_vendor:/opt/ros/jazzy/opt/gz_utils_vendor:/opt/ros/jazzy/opt/gz_tools_vendor:/opt/ros/jazzy/opt/gz_ogre_next_vendor:/opt/ros/jazzy/opt/gz_dartsim_vendor:/opt/ros/jazzy/opt/gz_cmake_vendor:/home/racecar/ros2_ws/install/racecar_teleop:/home/racecar/ros2_ws/install/racecar_navigation:/home/racecar/ros2_ws/install/racecar_gazebo:/home/racecar/ros2_ws/install/racecar_description:/home/racecar/ros2_ws/install/racecar_bringup:/home/racecar/ros2_ws/install/racecar_behaviors:/home/racecar/ros2_ws/install/racecar_beacon:/home/racecar/ros2_ws/install/racecar_autopilot:/opt/ros/jazzy DEBUGINFOD_URLS=https://debuginfod.ubuntu.com LD_LIBRARY_PATH=/home/racecar/ros2_ws/src/Team10_GROS5/install/serial/lib:${LD_LIBRARY_PATH} /usr/bin/cmake /home/racecar/ros2_ws/src/Team10_GROS5/racecar-ros2/racecar_serial/pb2roscpp -DCMAKE_INSTALL_PREFIX=/home/racecar/ros2_ws/src/Team10_GROS5/install/pb2roscpp
[9.180s] DEBUG:colcon.colcon_core.event_handler.log_command:Invoking command in '/home/racecar/ros2_ws/src/Team10_GROS5/build/racecar_description': DEBUGINFOD_URLS=https://debuginfod.ubuntu.com PYTHONPATH=/home/racecar/ros2_ws/src/Team10_GROS5/build/racecar_description/prefix_override:/usr/lib/python3/dist-packages/colcon_core/task/python/colcon_distutils_commands:/home/racecar/ros2_ws/src/Team10_GROS5/install/racecar_description/lib/python3.12/site-packages:${PYTHONPATH} /usr/bin/python3 -W ignore:setup.py install is deprecated -W ignore:easy_install command is deprecated setup.py develop --uninstall --editable --build-directory /home/racecar/ros2_ws/src/Team10_GROS5/build/racecar_description/build
[10.502s] DEBUG:colcon.colcon_core.event_handler.log_command:Invoking command in '/home/racecar/ros2_ws/src/Team10_GROS5/build/racecar_teleop': DEBUGINFOD_URLS=https://debuginfod.ubuntu.com PYTHONPATH=/home/racecar/ros2_ws/src/Team10_GROS5/build/racecar_teleop/prefix_override:/usr/lib/python3/dist-packages/colcon_core/task/python/colcon_distutils_commands:/home/racecar/ros2_ws/src/Team10_GROS5/install/racecar_teleop/lib/python3.12/site-packages:${PYTHONPATH} /usr/bin/python3 -W ignore:setup.py install is deprecated -W ignore:easy_install command is deprecated setup.py develop --uninstall --editable --build-directory /home/racecar/ros2_ws/src/Team10_GROS5/build/racecar_teleop/build
[10.685s] DEBUG:colcon.colcon_core.event_handler.log_command:Invoking command in '/home/racecar/ros2_ws/src/Team10_GROS5/build/racecar_gazebo': DEBUGINFOD_URLS=https://debuginfod.ubuntu.com PYTHONPATH=/home/racecar/ros2_ws/src/Team10_GROS5/build/racecar_gazebo/prefix_override:/usr/lib/python3/dist-packages/colcon_core/task/python/colcon_distutils_commands:/home/racecar/ros2_ws/src/Team10_GROS5/install/racecar_gazebo/lib/python3.12/site-packages:${PYTHONPATH} /usr/bin/python3 -W ignore:setup.py install is deprecated -W ignore:easy_install command is deprecated setup.py develop --uninstall --editable --build-directory /home/racecar/ros2_ws/src/Team10_GROS5/build/racecar_gazebo/build
[10.906s] DEBUG:colcon.colcon_core.event_handler.log_command:Invoked command in '/home/racecar/ros2_ws/src/Team10_GROS5/build/racecar_description' returned '0': DEBUGINFOD_URLS=https://debuginfod.ubuntu.com PYTHONPATH=/home/racecar/ros2_ws/src/Team10_GROS5/build/racecar_description/prefix_override:/usr/lib/python3/dist-packages/colcon_core/task/python/colcon_distutils_commands:/home/racecar/ros2_ws/src/Team10_GROS5/install/racecar_description/lib/python3.12/site-packages:${PYTHONPATH} /usr/bin/python3 -W ignore:setup.py install is deprecated -W ignore:easy_install command is deprecated setup.py develop --uninstall --editable --build-directory /home/racecar/ros2_ws/src/Team10_GROS5/build/racecar_description/build
[10.909s] DEBUG:colcon.colcon_core.event_handler.log_command:Invoking command in '/home/racecar/ros2_ws/src/Team10_GROS5/racecar-ros2/racecar_description': DEBUGINFOD_URLS=https://debuginfod.ubuntu.com PYTHONPATH=/home/racecar/ros2_ws/src/Team10_GROS5/build/racecar_description/prefix_override:/usr/lib/python3/dist-packages/colcon_core/task/python/colcon_distutils_commands:/home/racecar/ros2_ws/src/Team10_GROS5/install/racecar_description/lib/python3.12/site-packages:${PYTHONPATH} /usr/bin/python3 -W ignore:setup.py install is deprecated -W ignore:easy_install command is deprecated setup.py egg_info --egg-base ../../build/racecar_description build --build-base /home/racecar/ros2_ws/src/Team10_GROS5/build/racecar_description/build install --record /home/racecar/ros2_ws/src/Team10_GROS5/build/racecar_description/install.log --single-version-externally-managed install_data --force
[11.016s] DEBUG:colcon.colcon_core.event_handler.log_command:Invoked command in '/home/racecar/ros2_ws/src/Team10_GROS5/build/pb2roscpp' returned '0': AMENT_PREFIX_PATH=/home/racecar/ros2_ws/src/Team10_GROS5/install/serial:${AMENT_PREFIX_PATH} CMAKE_PREFIX_PATH=/home/racecar/ros2_ws/src/Team10_GROS5/install/serial:/home/racecar/rplidar_ws/install/rplidar_ros:/home/racecar/ros2_ws/install/pb2roscpp:/home/racecar/ros2_ws/install/serial:/opt/ros/jazzy/opt/gz_sim_vendor:/opt/ros/jazzy/opt/gz_sensors_vendor:/opt/ros/jazzy/opt/gz_physics_vendor:/opt/ros/jazzy/opt/sdformat_vendor:/opt/ros/jazzy/opt/gz_gui_vendor:/opt/ros/jazzy/opt/gz_transport_vendor:/opt/ros/jazzy/opt/gz_rendering_vendor:/opt/ros/jazzy/opt/gz_plugin_vendor:/opt/ros/jazzy/opt/gz_fuel_tools_vendor:/opt/ros/jazzy/opt/gz_msgs_vendor:/opt/ros/jazzy/opt/gz_common_vendor:/opt/ros/jazzy/opt/gz_math_vendor:/opt/ros/jazzy/opt/gz_utils_vendor:/opt/ros/jazzy/opt/gz_tools_vendor:/opt/ros/jazzy/opt/gz_ogre_next_vendor:/opt/ros/jazzy/opt/gz_dartsim_vendor:/opt/ros/jazzy/opt/gz_cmake_vendor:/home/racecar/ros2_ws/install/racecar_teleop:/home/racecar/ros2_ws/install/racecar_navigation:/home/racecar/ros2_ws/install/racecar_gazebo:/home/racecar/ros2_ws/install/racecar_description:/home/racecar/ros2_ws/install/racecar_bringup:/home/racecar/ros2_ws/install/racecar_behaviors:/home/racecar/ros2_ws/install/racecar_beacon:/home/racecar/ros2_ws/install/racecar_autopilot:/opt/ros/jazzy DEBUGINFOD_URLS=https://debuginfod.ubuntu.com LD_LIBRARY_PATH=/home/racecar/ros2_ws/src/Team10_GROS5/install/serial/lib:${LD_LIBRARY_PATH} /usr/bin/cmake /home/racecar/ros2_ws/src/Team10_GROS5/racecar-ros2/racecar_serial/pb2roscpp -DCMAKE_INSTALL_PREFIX=/home/racecar/ros2_ws/src/Team10_GROS5/install/pb2roscpp
[11.017s] DEBUG:colcon.colcon_core.event_handler.log_command:Invoking command in '/home/racecar/ros2_ws/src/Team10_GROS5/build/pb2roscpp': AMENT_PREFIX_PATH=/home/racecar/ros2_ws/src/Team10_GROS5/install/serial:${AMENT_PREFIX_PATH} CMAKE_PREFIX_PATH=/home/racecar/ros2_ws/src/Team10_GROS5/install/serial:/home/racecar/rplidar_ws/install/rplidar_ros:/home/racecar/ros2_ws/install/pb2roscpp:/home/racecar/ros2_ws/install/serial:/opt/ros/jazzy/opt/gz_sim_vendor:/opt/ros/jazzy/opt/gz_sensors_vendor:/opt/ros/jazzy/opt/gz_physics_vendor:/opt/ros/jazzy/opt/sdformat_vendor:/opt/ros/jazzy/opt/gz_gui_vendor:/opt/ros/jazzy/opt/gz_transport_vendor:/opt/ros/jazzy/opt/gz_rendering_vendor:/opt/ros/jazzy/opt/gz_plugin_vendor:/opt/ros/jazzy/opt/gz_fuel_tools_vendor:/opt/ros/jazzy/opt/gz_msgs_vendor:/opt/ros/jazzy/opt/gz_common_vendor:/opt/ros/jazzy/opt/gz_math_vendor:/opt/ros/jazzy/opt/gz_utils_vendor:/opt/ros/jazzy/opt/gz_tools_vendor:/opt/ros/jazzy/opt/gz_ogre_next_vendor:/opt/ros/jazzy/opt/gz_dartsim_vendor:/opt/ros/jazzy/opt/gz_cmake_vendor:/home/racecar/ros2_ws/install/racecar_teleop:/home/racecar/ros2_ws/install/racecar_navigation:/home/racecar/ros2_ws/install/racecar_gazebo:/home/racecar/ros2_ws/install/racecar_description:/home/racecar/ros2_ws/install/racecar_bringup:/home/racecar/ros2_ws/install/racecar_behaviors:/home/racecar/ros2_ws/install/racecar_beacon:/home/racecar/ros2_ws/install/racecar_autopilot:/opt/ros/jazzy DEBUGINFOD_URLS=https://debuginfod.ubuntu.com LD_LIBRARY_PATH=/home/racecar/ros2_ws/src/Team10_GROS5/install/serial/lib:${LD_LIBRARY_PATH} /usr/bin/cmake --build /home/racecar/ros2_ws/src/Team10_GROS5/build/pb2roscpp -- -j4 -l4
[11.276s] DEBUG:colcon.colcon_core.event_handler.log_command:Invoked command in '/home/racecar/ros2_ws/src/Team10_GROS5/build/pb2roscpp' returned '0': AMENT_PREFIX_PATH=/home/racecar/ros2_ws/src/Team10_GROS5/install/serial:${AMENT_PREFIX_PATH} CMAKE_PREFIX_PATH=/home/racecar/ros2_ws/src/Team10_GROS5/install/serial:/home/racecar/rplidar_ws/install/rplidar_ros:/home/racecar/ros2_ws/install/pb2roscpp:/home/racecar/ros2_ws/install/serial:/opt/ros/jazzy/opt/gz_sim_vendor:/opt/ros/jazzy/opt/gz_sensors_vendor:/opt/ros/jazzy/opt/gz_physics_vendor:/opt/ros/jazzy/opt/sdformat_vendor:/opt/ros/jazzy/opt/gz_gui_vendor:/opt/ros/jazzy/opt/gz_transport_vendor:/opt/ros/jazzy/opt/gz_rendering_vendor:/opt/ros/jazzy/opt/gz_plugin_vendor:/opt/ros/jazzy/opt/gz_fuel_tools_vendor:/opt/ros/jazzy/opt/gz_msgs_vendor:/opt/ros/jazzy/opt/gz_common_vendor:/opt/ros/jazzy/opt/gz_math_vendor:/opt/ros/jazzy/opt/gz_utils_vendor:/opt/ros/jazzy/opt/gz_tools_vendor:/opt/ros/jazzy/opt/gz_ogre_next_vendor:/opt/ros/jazzy/opt/gz_dartsim_vendor:/opt/ros/jazzy/opt/gz_cmake_vendor:/home/racecar/ros2_ws/install/racecar_teleop:/home/racecar/ros2_ws/install/racecar_navigation:/home/racecar/ros2_ws/install/racecar_gazebo:/home/racecar/ros2_ws/install/racecar_description:/home/racecar/ros2_ws/install/racecar_bringup:/home/racecar/ros2_ws/install/racecar_behaviors:/home/racecar/ros2_ws/install/racecar_beacon:/home/racecar/ros2_ws/install/racecar_autopilot:/opt/ros/jazzy DEBUGINFOD_URLS=https://debuginfod.ubuntu.com LD_LIBRARY_PATH=/home/racecar/ros2_ws/src/Team10_GROS5/install/serial/lib:${LD_LIBRARY_PATH} /usr/bin/cmake --build /home/racecar/ros2_ws/src/Team10_GROS5/build/pb2roscpp -- -j4 -l4
[11.277s] DEBUG:colcon.colcon_core.event_handler.log_command:Invoking command in '/home/racecar/ros2_ws/src/Team10_GROS5/build/pb2roscpp': AMENT_PREFIX_PATH=/home/racecar/ros2_ws/src/Team10_GROS5/install/serial:${AMENT_PREFIX_PATH} CMAKE_PREFIX_PATH=/home/racecar/ros2_ws/src/Team10_GROS5/install/serial:/home/racecar/rplidar_ws/install/rplidar_ros:/home/racecar/ros2_ws/install/pb2roscpp:/home/racecar/ros2_ws/install/serial:/opt/ros/jazzy/opt/gz_sim_vendor:/opt/ros/jazzy/opt/gz_sensors_vendor:/opt/ros/jazzy/opt/gz_physics_vendor:/opt/ros/jazzy/opt/sdformat_vendor:/opt/ros/jazzy/opt/gz_gui_vendor:/opt/ros/jazzy/opt/gz_transport_vendor:/opt/ros/jazzy/opt/gz_rendering_vendor:/opt/ros/jazzy/opt/gz_plugin_vendor:/opt/ros/jazzy/opt/gz_fuel_tools_vendor:/opt/ros/jazzy/opt/gz_msgs_vendor:/opt/ros/jazzy/opt/gz_common_vendor:/opt/ros/jazzy/opt/gz_math_vendor:/opt/ros/jazzy/opt/gz_utils_vendor:/opt/ros/jazzy/opt/gz_tools_vendor:/opt/ros/jazzy/opt/gz_ogre_next_vendor:/opt/ros/jazzy/opt/gz_dartsim_vendor:/opt/ros/jazzy/opt/gz_cmake_vendor:/home/racecar/ros2_ws/install/racecar_teleop:/home/racecar/ros2_ws/install/racecar_navigation:/home/racecar/ros2_ws/install/racecar_gazebo:/home/racecar/ros2_ws/install/racecar_description:/home/racecar/ros2_ws/install/racecar_bringup:/home/racecar/ros2_ws/install/racecar_behaviors:/home/racecar/ros2_ws/install/racecar_beacon:/home/racecar/ros2_ws/install/racecar_autopilot:/opt/ros/jazzy DEBUGINFOD_URLS=https://debuginfod.ubuntu.com LD_LIBRARY_PATH=/home/racecar/ros2_ws/src/Team10_GROS5/install/serial/lib:${LD_LIBRARY_PATH} /usr/bin/cmake --install /home/racecar/ros2_ws/src/Team10_GROS5/build/pb2roscpp
[11.369s] Level 1:colcon.colcon_core.environment:create_environment_scripts_only(pb2roscpp)
[11.370s] DEBUG:colcon.colcon_core.event_handler.log_command:Invoked command in '/home/racecar/ros2_ws/src/Team10_GROS5/build/pb2roscpp' returned '0': AMENT_PREFIX_PATH=/home/racecar/ros2_ws/src/Team10_GROS5/install/serial:${AMENT_PREFIX_PATH} CMAKE_PREFIX_PATH=/home/racecar/ros2_ws/src/Team10_GROS5/install/serial:/home/racecar/rplidar_ws/install/rplidar_ros:/home/racecar/ros2_ws/install/pb2roscpp:/home/racecar/ros2_ws/install/serial:/opt/ros/jazzy/opt/gz_sim_vendor:/opt/ros/jazzy/opt/gz_sensors_vendor:/opt/ros/jazzy/opt/gz_physics_vendor:/opt/ros/jazzy/opt/sdformat_vendor:/opt/ros/jazzy/opt/gz_gui_vendor:/opt/ros/jazzy/opt/gz_transport_vendor:/opt/ros/jazzy/opt/gz_rendering_vendor:/opt/ros/jazzy/opt/gz_plugin_vendor:/opt/ros/jazzy/opt/gz_fuel_tools_vendor:/opt/ros/jazzy/opt/gz_msgs_vendor:/opt/ros/jazzy/opt/gz_common_vendor:/opt/ros/jazzy/opt/gz_math_vendor:/opt/ros/jazzy/opt/gz_utils_vendor:/opt/ros/jazzy/opt/gz_tools_vendor:/opt/ros/jazzy/opt/gz_ogre_next_vendor:/opt/ros/jazzy/opt/gz_dartsim_vendor:/opt/ros/jazzy/opt/gz_cmake_vendor:/home/racecar/ros2_ws/install/racecar_teleop:/home/racecar/ros2_ws/install/racecar_navigation:/home/racecar/ros2_ws/install/racecar_gazebo:/home/racecar/ros2_ws/install/racecar_description:/home/racecar/ros2_ws/install/racecar_bringup:/home/racecar/ros2_ws/install/racecar_behaviors:/home/racecar/ros2_ws/install/racecar_beacon:/home/racecar/ros2_ws/install/racecar_autopilot:/opt/ros/jazzy DEBUGINFOD_URLS=https://debuginfod.ubuntu.com LD_LIBRARY_PATH=/home/racecar/ros2_ws/src/Team10_GROS5/install/serial/lib:${LD_LIBRARY_PATH} /usr/bin/cmake --install /home/racecar/ros2_ws/src/Team10_GROS5/build/pb2roscpp
[11.371s] Level 1:colcon.colcon_core.environment:checking '/home/racecar/ros2_ws/src/Team10_GROS5/install/pb2roscpp' for CMake module files
[11.373s] Level 1:colcon.colcon_core.environment:checking '/home/racecar/ros2_ws/src/Team10_GROS5/install/pb2roscpp' for CMake config files
[11.374s] Level 1:colcon.colcon_core.shell:create_environment_hook('pb2roscpp', 'cmake_prefix_path')
[11.375s] INFO:colcon.colcon_core.shell:Creating environment hook '/home/racecar/ros2_ws/src/Team10_GROS5/install/pb2roscpp/share/pb2roscpp/hook/cmake_prefix_path.ps1'
[11.376s] INFO:colcon.colcon_core.shell:Creating environment descriptor '/home/racecar/ros2_ws/src/Team10_GROS5/install/pb2roscpp/share/pb2roscpp/hook/cmake_prefix_path.dsv'
[11.377s] INFO:colcon.colcon_core.shell:Creating environment hook '/home/racecar/ros2_ws/src/Team10_GROS5/install/pb2roscpp/share/pb2roscpp/hook/cmake_prefix_path.sh'
[11.379s] Level 1:colcon.colcon_core.environment:checking '/home/racecar/ros2_ws/src/Team10_GROS5/install/pb2roscpp/lib'
[11.379s] Level 1:colcon.colcon_core.environment:checking '/home/racecar/ros2_ws/src/Team10_GROS5/install/pb2roscpp/bin'
[11.379s] Level 1:colcon.colcon_core.environment:checking '/home/racecar/ros2_ws/src/Team10_GROS5/install/pb2roscpp/lib/pkgconfig/pb2roscpp.pc'
[11.380s] Level 1:colcon.colcon_core.environment:checking '/home/racecar/ros2_ws/src/Team10_GROS5/install/pb2roscpp/lib/python3.12/site-packages'
[11.380s] Level 1:colcon.colcon_core.environment:checking '/home/racecar/ros2_ws/src/Team10_GROS5/install/pb2roscpp/bin'
[11.381s] INFO:colcon.colcon_core.shell:Creating package script '/home/racecar/ros2_ws/src/Team10_GROS5/install/pb2roscpp/share/pb2roscpp/package.ps1'
[11.382s] INFO:colcon.colcon_core.shell:Creating package descriptor '/home/racecar/ros2_ws/src/Team10_GROS5/install/pb2roscpp/share/pb2roscpp/package.dsv'
[11.384s] INFO:colcon.colcon_core.shell:Creating package script '/home/racecar/ros2_ws/src/Team10_GROS5/install/pb2roscpp/share/pb2roscpp/package.sh'
[11.385s] INFO:colcon.colcon_core.shell:Creating package script '/home/racecar/ros2_ws/src/Team10_GROS5/install/pb2roscpp/share/pb2roscpp/package.bash'
[11.386s] INFO:colcon.colcon_core.shell:Creating package script '/home/racecar/ros2_ws/src/Team10_GROS5/install/pb2roscpp/share/pb2roscpp/package.zsh'
[11.387s] Level 1:colcon.colcon_core.environment:create_file_with_runtime_dependencies(/home/racecar/ros2_ws/src/Team10_GROS5/install/pb2roscpp/share/colcon-core/packages/pb2roscpp)
[11.389s] Level 1:colcon.colcon_core.environment:create_environment_scripts_only(pb2roscpp)
[11.390s] Level 1:colcon.colcon_core.environment:checking '/home/racecar/ros2_ws/src/Team10_GROS5/install/pb2roscpp' for CMake module files
[11.391s] Level 1:colcon.colcon_core.environment:checking '/home/racecar/ros2_ws/src/Team10_GROS5/install/pb2roscpp' for CMake config files
[11.392s] Level 1:colcon.colcon_core.shell:create_environment_hook('pb2roscpp', 'cmake_prefix_path')
[11.393s] INFO:colcon.colcon_core.shell:Creating environment hook '/home/racecar/ros2_ws/src/Team10_GROS5/install/pb2roscpp/share/pb2roscpp/hook/cmake_prefix_path.ps1'
[11.394s] INFO:colcon.colcon_core.shell:Creating environment descriptor '/home/racecar/ros2_ws/src/Team10_GROS5/install/pb2roscpp/share/pb2roscpp/hook/cmake_prefix_path.dsv'
[11.396s] INFO:colcon.colcon_core.shell:Creating environment hook '/home/racecar/ros2_ws/src/Team10_GROS5/install/pb2roscpp/share/pb2roscpp/hook/cmake_prefix_path.sh'
[11.398s] Level 1:colcon.colcon_core.environment:checking '/home/racecar/ros2_ws/src/Team10_GROS5/install/pb2roscpp/lib'
[11.398s] Level 1:colcon.colcon_core.environment:checking '/home/racecar/ros2_ws/src/Team10_GROS5/install/pb2roscpp/bin'
[11.398s] Level 1:colcon.colcon_core.environment:checking '/home/racecar/ros2_ws/src/Team10_GROS5/install/pb2roscpp/lib/pkgconfig/pb2roscpp.pc'
[11.399s] Level 1:colcon.colcon_core.environment:checking '/home/racecar/ros2_ws/src/Team10_GROS5/install/pb2roscpp/lib/python3.12/site-packages'
[11.400s] Level 1:colcon.colcon_core.environment:checking '/home/racecar/ros2_ws/src/Team10_GROS5/install/pb2roscpp/bin'
[11.400s] INFO:colcon.colcon_core.shell:Creating package script '/home/racecar/ros2_ws/src/Team10_GROS5/install/pb2roscpp/share/pb2roscpp/package.ps1'
[11.402s] INFO:colcon.colcon_core.shell:Creating package descriptor '/home/racecar/ros2_ws/src/Team10_GROS5/install/pb2roscpp/share/pb2roscpp/package.dsv'
[11.403s] INFO:colcon.colcon_core.shell:Creating package script '/home/racecar/ros2_ws/src/Team10_GROS5/install/pb2roscpp/share/pb2roscpp/package.sh'
[11.404s] INFO:colcon.colcon_core.shell:Creating package script '/home/racecar/ros2_ws/src/Team10_GROS5/install/pb2roscpp/share/pb2roscpp/package.bash'
[11.405s] INFO:colcon.colcon_core.shell:Creating package script '/home/racecar/ros2_ws/src/Team10_GROS5/install/pb2roscpp/share/pb2roscpp/package.zsh'
[11.407s] Level 1:colcon.colcon_core.environment:create_file_with_runtime_dependencies(/home/racecar/ros2_ws/src/Team10_GROS5/install/pb2roscpp/share/colcon-core/packages/pb2roscpp)
[11.410s] INFO:colcon.colcon_ros.task.ament_python.build:Building ROS package in '/home/racecar/ros2_ws/src/Team10_GROS5/racecar-ros2/racecar_navigation' with build type 'ament_python'
[11.411s] Level 1:colcon.colcon_core.shell:create_environment_hook('racecar_navigation', 'ament_prefix_path')
[11.413s] INFO:colcon.colcon_core.shell:Creating environment hook '/home/racecar/ros2_ws/src/Team10_GROS5/install/racecar_navigation/share/racecar_navigation/hook/ament_prefix_path.ps1'
[11.414s] INFO:colcon.colcon_core.shell:Creating environment descriptor '/home/racecar/ros2_ws/src/Team10_GROS5/install/racecar_navigation/share/racecar_navigation/hook/ament_prefix_path.dsv'
[11.418s] INFO:colcon.colcon_core.shell:Creating environment hook '/home/racecar/ros2_ws/src/Team10_GROS5/install/racecar_navigation/share/racecar_navigation/hook/ament_prefix_path.sh'
[11.419s] INFO:colcon.colcon_core.shell:Skip shell extension 'powershell' for command environment: Not usable outside of PowerShell
[11.419s] DEBUG:colcon.colcon_core.shell:Skip shell extension 'dsv' for command environment
[12.077s] INFO:colcon.colcon_core.task.python.build:Building Python package in '/home/racecar/ros2_ws/src/Team10_GROS5/racecar-ros2/racecar_navigation'
[12.077s] INFO:colcon.colcon_core.shell:Skip shell extension 'powershell' for command environment: Not usable outside of PowerShell
[12.078s] DEBUG:colcon.colcon_core.shell:Skip shell extension 'dsv' for command environment
[12.314s] DEBUG:colcon.colcon_core.event_handler.log_command:Invoked command in '/home/racecar/ros2_ws/src/Team10_GROS5/build/racecar_teleop' returned '0': DEBUGINFOD_URLS=https://debuginfod.ubuntu.com PYTHONPATH=/home/racecar/ros2_ws/src/Team10_GROS5/build/racecar_teleop/prefix_override:/usr/lib/python3/dist-packages/colcon_core/task/python/colcon_distutils_commands:/home/racecar/ros2_ws/src/Team10_GROS5/install/racecar_teleop/lib/python3.12/site-packages:${PYTHONPATH} /usr/bin/python3 -W ignore:setup.py install is deprecated -W ignore:easy_install command is deprecated setup.py develop --uninstall --editable --build-directory /home/racecar/ros2_ws/src/Team10_GROS5/build/racecar_teleop/build
[12.315s] DEBUG:colcon.colcon_core.event_handler.log_command:Invoking command in '/home/racecar/ros2_ws/src/Team10_GROS5/racecar-ros2/racecar_teleop': DEBUGINFOD_URLS=https://debuginfod.ubuntu.com PYTHONPATH=/home/racecar/ros2_ws/src/Team10_GROS5/build/racecar_teleop/prefix_override:/usr/lib/python3/dist-packages/colcon_core/task/python/colcon_distutils_commands:/home/racecar/ros2_ws/src/Team10_GROS5/install/racecar_teleop/lib/python3.12/site-packages:${PYTHONPATH} /usr/bin/python3 -W ignore:setup.py install is deprecated -W ignore:easy_install command is deprecated setup.py egg_info --egg-base ../../build/racecar_teleop build --build-base /home/racecar/ros2_ws/src/Team10_GROS5/build/racecar_teleop/build install --record /home/racecar/ros2_ws/src/Team10_GROS5/build/racecar_teleop/install.log --single-version-externally-managed install_data --force
[12.479s] DEBUG:colcon.colcon_core.event_handler.log_command:Invoked command in '/home/racecar/ros2_ws/src/Team10_GROS5/build/racecar_gazebo' returned '0': DEBUGINFOD_URLS=https://debuginfod.ubuntu.com PYTHONPATH=/home/racecar/ros2_ws/src/Team10_GROS5/build/racecar_gazebo/prefix_override:/usr/lib/python3/dist-packages/colcon_core/task/python/colcon_distutils_commands:/home/racecar/ros2_ws/src/Team10_GROS5/install/racecar_gazebo/lib/python3.12/site-packages:${PYTHONPATH} /usr/bin/python3 -W ignore:setup.py install is deprecated -W ignore:easy_install command is deprecated setup.py develop --uninstall --editable --build-directory /home/racecar/ros2_ws/src/Team10_GROS5/build/racecar_gazebo/build
[12.481s] DEBUG:colcon.colcon_core.event_handler.log_command:Invoking command in '/home/racecar/ros2_ws/src/Team10_GROS5/racecar-ros2/racecar_gazebo': DEBUGINFOD_URLS=https://debuginfod.ubuntu.com PYTHONPATH=/home/racecar/ros2_ws/src/Team10_GROS5/build/racecar_gazebo/prefix_override:/usr/lib/python3/dist-packages/colcon_core/task/python/colcon_distutils_commands:/home/racecar/ros2_ws/src/Team10_GROS5/install/racecar_gazebo/lib/python3.12/site-packages:${PYTHONPATH} /usr/bin/python3 -W ignore:setup.py install is deprecated -W ignore:easy_install command is deprecated setup.py egg_info --egg-base ../../build/racecar_gazebo build --build-base /home/racecar/ros2_ws/src/Team10_GROS5/build/racecar_gazebo/build install --record /home/racecar/ros2_ws/src/Team10_GROS5/build/racecar_gazebo/install.log --single-version-externally-managed install_data --force
[12.633s] Level 1:colcon.colcon_core.environment:checking '/home/racecar/ros2_ws/src/Team10_GROS5/install/racecar_description' for CMake module files
[12.634s] Level 1:colcon.colcon_core.environment:checking '/home/racecar/ros2_ws/src/Team10_GROS5/install/racecar_description' for CMake config files
[12.633s] DEBUG:colcon.colcon_core.event_handler.log_command:Invoked command in '/home/racecar/ros2_ws/src/Team10_GROS5/racecar-ros2/racecar_description' returned '0': DEBUGINFOD_URLS=https://debuginfod.ubuntu.com PYTHONPATH=/home/racecar/ros2_ws/src/Team10_GROS5/build/racecar_description/prefix_override:/usr/lib/python3/dist-packages/colcon_core/task/python/colcon_distutils_commands:/home/racecar/ros2_ws/src/Team10_GROS5/install/racecar_description/lib/python3.12/site-packages:${PYTHONPATH} /usr/bin/python3 -W ignore:setup.py install is deprecated -W ignore:easy_install command is deprecated setup.py egg_info --egg-base ../../build/racecar_description build --build-base /home/racecar/ros2_ws/src/Team10_GROS5/build/racecar_description/build install --record /home/racecar/ros2_ws/src/Team10_GROS5/build/racecar_description/install.log --single-version-externally-managed install_data --force
[12.637s] Level 1:colcon.colcon_core.environment:checking '/home/racecar/ros2_ws/src/Team10_GROS5/install/racecar_description/lib'
[12.638s] Level 1:colcon.colcon_core.environment:checking '/home/racecar/ros2_ws/src/Team10_GROS5/install/racecar_description/bin'
[12.638s] Level 1:colcon.colcon_core.environment:checking '/home/racecar/ros2_ws/src/Team10_GROS5/install/racecar_description/lib/pkgconfig/racecar_description.pc'
[12.638s] Level 1:colcon.colcon_core.environment:checking '/home/racecar/ros2_ws/src/Team10_GROS5/install/racecar_description/lib/python3.12/site-packages'
[12.638s] Level 1:colcon.colcon_core.shell:create_environment_hook('racecar_description', 'pythonpath')
[12.639s] INFO:colcon.colcon_core.shell:Creating environment hook '/home/racecar/ros2_ws/src/Team10_GROS5/install/racecar_description/share/racecar_description/hook/pythonpath.ps1'
[12.640s] INFO:colcon.colcon_core.shell:Creating environment descriptor '/home/racecar/ros2_ws/src/Team10_GROS5/install/racecar_description/share/racecar_description/hook/pythonpath.dsv'
[12.642s] INFO:colcon.colcon_core.shell:Creating environment hook '/home/racecar/ros2_ws/src/Team10_GROS5/install/racecar_description/share/racecar_description/hook/pythonpath.sh'
[12.645s] Level 1:colcon.colcon_core.environment:checking '/home/racecar/ros2_ws/src/Team10_GROS5/install/racecar_description/bin'
[12.646s] Level 1:colcon.colcon_core.environment:create_environment_scripts_only(racecar_description)
[12.647s] INFO:colcon.colcon_core.shell:Creating package script '/home/racecar/ros2_ws/src/Team10_GROS5/install/racecar_description/share/racecar_description/package.ps1'
[12.648s] INFO:colcon.colcon_core.shell:Creating package descriptor '/home/racecar/ros2_ws/src/Team10_GROS5/install/racecar_description/share/racecar_description/package.dsv'
[12.648s] INFO:colcon.colcon_core.shell:Creating package script '/home/racecar/ros2_ws/src/Team10_GROS5/install/racecar_description/share/racecar_description/package.sh'
[12.651s] INFO:colcon.colcon_core.shell:Creating package script '/home/racecar/ros2_ws/src/Team10_GROS5/install/racecar_description/share/racecar_description/package.bash'
[12.653s] INFO:colcon.colcon_core.shell:Creating package script '/home/racecar/ros2_ws/src/Team10_GROS5/install/racecar_description/share/racecar_description/package.zsh'
[12.656s] Level 1:colcon.colcon_core.environment:create_file_with_runtime_dependencies(/home/racecar/ros2_ws/src/Team10_GROS5/install/racecar_description/share/colcon-core/packages/racecar_description)
[13.823s] DEBUG:colcon.colcon_core.event_handler.log_command:Invoking command in '/home/racecar/ros2_ws/src/Team10_GROS5/build/racecar_navigation': AMENT_PREFIX_PATH=/home/racecar/ros2_ws/src/Team10_GROS5/install/racecar_bringup:/home/racecar/ros2_ws/src/Team10_GROS5/install/racecar_behaviors:${AMENT_PREFIX_PATH} DEBUGINFOD_URLS=https://debuginfod.ubuntu.com PYTHONPATH=/home/racecar/ros2_ws/src/Team10_GROS5/build/racecar_navigation/prefix_override:/usr/lib/python3/dist-packages/colcon_core/task/python/colcon_distutils_commands:/home/racecar/ros2_ws/src/Team10_GROS5/install/racecar_navigation/lib/python3.12/site-packages:/home/racecar/ros2_ws/src/Team10_GROS5/install/racecar_bringup/lib/python3.12/site-packages:/home/racecar/ros2_ws/src/Team10_GROS5/install/racecar_behaviors/lib/python3.12/site-packages:${PYTHONPATH} /usr/bin/python3 -W ignore:setup.py install is deprecated -W ignore:easy_install command is deprecated setup.py develop --uninstall --editable --build-directory /home/racecar/ros2_ws/src/Team10_GROS5/build/racecar_navigation/build
[13.837s] Level 1:colcon.colcon_core.environment:checking '/home/racecar/ros2_ws/src/Team10_GROS5/install/racecar_teleop' for CMake module files
[13.839s] DEBUG:colcon.colcon_core.event_handler.log_command:Invoked command in '/home/racecar/ros2_ws/src/Team10_GROS5/racecar-ros2/racecar_teleop' returned '0': DEBUGINFOD_URLS=https://debuginfod.ubuntu.com PYTHONPATH=/home/racecar/ros2_ws/src/Team10_GROS5/build/racecar_teleop/prefix_override:/usr/lib/python3/dist-packages/colcon_core/task/python/colcon_distutils_commands:/home/racecar/ros2_ws/src/Team10_GROS5/install/racecar_teleop/lib/python3.12/site-packages:${PYTHONPATH} /usr/bin/python3 -W ignore:setup.py install is deprecated -W ignore:easy_install command is deprecated setup.py egg_info --egg-base ../../build/racecar_teleop build --build-base /home/racecar/ros2_ws/src/Team10_GROS5/build/racecar_teleop/build install --record /home/racecar/ros2_ws/src/Team10_GROS5/build/racecar_teleop/install.log --single-version-externally-managed install_data --force
[13.840s] Level 1:colcon.colcon_core.environment:checking '/home/racecar/ros2_ws/src/Team10_GROS5/install/racecar_teleop' for CMake config files
[13.842s] Level 1:colcon.colcon_core.environment:checking '/home/racecar/ros2_ws/src/Team10_GROS5/install/racecar_teleop/lib'
[13.843s] Level 1:colcon.colcon_core.environment:checking '/home/racecar/ros2_ws/src/Team10_GROS5/install/racecar_teleop/bin'
[13.843s] Level 1:colcon.colcon_core.environment:checking '/home/racecar/ros2_ws/src/Team10_GROS5/install/racecar_teleop/lib/pkgconfig/racecar_teleop.pc'
[13.844s] Level 1:colcon.colcon_core.environment:checking '/home/racecar/ros2_ws/src/Team10_GROS5/install/racecar_teleop/lib/python3.12/site-packages'
[13.844s] Level 1:colcon.colcon_core.shell:create_environment_hook('racecar_teleop', 'pythonpath')
[13.845s] INFO:colcon.colcon_core.shell:Creating environment hook '/home/racecar/ros2_ws/src/Team10_GROS5/install/racecar_teleop/share/racecar_teleop/hook/pythonpath.ps1'
[13.850s] INFO:colcon.colcon_core.shell:Creating environment descriptor '/home/racecar/ros2_ws/src/Team10_GROS5/install/racecar_teleop/share/racecar_teleop/hook/pythonpath.dsv'
[13.853s] INFO:colcon.colcon_core.shell:Creating environment hook '/home/racecar/ros2_ws/src/Team10_GROS5/install/racecar_teleop/share/racecar_teleop/hook/pythonpath.sh'
[13.856s] Level 1:colcon.colcon_core.environment:checking '/home/racecar/ros2_ws/src/Team10_GROS5/install/racecar_teleop/bin'
[13.860s] Level 1:colcon.colcon_core.environment:create_environment_scripts_only(racecar_teleop)
[13.861s] INFO:colcon.colcon_core.shell:Creating package script '/home/racecar/ros2_ws/src/Team10_GROS5/install/racecar_teleop/share/racecar_teleop/package.ps1'
[13.862s] INFO:colcon.colcon_core.shell:Creating package descriptor '/home/racecar/ros2_ws/src/Team10_GROS5/install/racecar_teleop/share/racecar_teleop/package.dsv'
[13.865s] INFO:colcon.colcon_core.shell:Creating package script '/home/racecar/ros2_ws/src/Team10_GROS5/install/racecar_teleop/share/racecar_teleop/package.sh'
[13.869s] INFO:colcon.colcon_core.shell:Creating package script '/home/racecar/ros2_ws/src/Team10_GROS5/install/racecar_teleop/share/racecar_teleop/package.bash'
[13.871s] INFO:colcon.colcon_core.shell:Creating package script '/home/racecar/ros2_ws/src/Team10_GROS5/install/racecar_teleop/share/racecar_teleop/package.zsh'
[13.872s] Level 1:colcon.colcon_core.environment:create_file_with_runtime_dependencies(/home/racecar/ros2_ws/src/Team10_GROS5/install/racecar_teleop/share/colcon-core/packages/racecar_teleop)
[13.982s] Level 1:colcon.colcon_core.environment:checking '/home/racecar/ros2_ws/src/Team10_GROS5/install/racecar_gazebo' for CMake module files
[13.984s] DEBUG:colcon.colcon_core.event_handler.log_command:Invoked command in '/home/racecar/ros2_ws/src/Team10_GROS5/racecar-ros2/racecar_gazebo' returned '0': DEBUGINFOD_URLS=https://debuginfod.ubuntu.com PYTHONPATH=/home/racecar/ros2_ws/src/Team10_GROS5/build/racecar_gazebo/prefix_override:/usr/lib/python3/dist-packages/colcon_core/task/python/colcon_distutils_commands:/home/racecar/ros2_ws/src/Team10_GROS5/install/racecar_gazebo/lib/python3.12/site-packages:${PYTHONPATH} /usr/bin/python3 -W ignore:setup.py install is deprecated -W ignore:easy_install command is deprecated setup.py egg_info --egg-base ../../build/racecar_gazebo build --build-base /home/racecar/ros2_ws/src/Team10_GROS5/build/racecar_gazebo/build install --record /home/racecar/ros2_ws/src/Team10_GROS5/build/racecar_gazebo/install.log --single-version-externally-managed install_data --force
[13.985s] Level 1:colcon.colcon_core.environment:checking '/home/racecar/ros2_ws/src/Team10_GROS5/install/racecar_gazebo' for CMake config files
[13.987s] Level 1:colcon.colcon_core.environment:checking '/home/racecar/ros2_ws/src/Team10_GROS5/install/racecar_gazebo/lib'
[13.987s] Level 1:colcon.colcon_core.environment:checking '/home/racecar/ros2_ws/src/Team10_GROS5/install/racecar_gazebo/bin'
[13.987s] Level 1:colcon.colcon_core.environment:checking '/home/racecar/ros2_ws/src/Team10_GROS5/install/racecar_gazebo/lib/pkgconfig/racecar_gazebo.pc'
[13.988s] Level 1:colcon.colcon_core.environment:checking '/home/racecar/ros2_ws/src/Team10_GROS5/install/racecar_gazebo/lib/python3.12/site-packages'
[13.988s] Level 1:colcon.colcon_core.shell:create_environment_hook('racecar_gazebo', 'pythonpath')
[13.989s] INFO:colcon.colcon_core.shell:Creating environment hook '/home/racecar/ros2_ws/src/Team10_GROS5/install/racecar_gazebo/share/racecar_gazebo/hook/pythonpath.ps1'
[13.990s] INFO:colcon.colcon_core.shell:Creating environment descriptor '/home/racecar/ros2_ws/src/Team10_GROS5/install/racecar_gazebo/share/racecar_gazebo/hook/pythonpath.dsv'
[13.992s] INFO:colcon.colcon_core.shell:Creating environment hook '/home/racecar/ros2_ws/src/Team10_GROS5/install/racecar_gazebo/share/racecar_gazebo/hook/pythonpath.sh'
[13.993s] Level 1:colcon.colcon_core.environment:checking '/home/racecar/ros2_ws/src/Team10_GROS5/install/racecar_gazebo/bin'
[13.994s] Level 1:colcon.colcon_core.environment:create_environment_scripts_only(racecar_gazebo)
[13.994s] INFO:colcon.colcon_core.shell:Creating package script '/home/racecar/ros2_ws/src/Team10_GROS5/install/racecar_gazebo/share/racecar_gazebo/package.ps1'
[13.996s] INFO:colcon.colcon_core.shell:Creating package descriptor '/home/racecar/ros2_ws/src/Team10_GROS5/install/racecar_gazebo/share/racecar_gazebo/package.dsv'
[13.997s] INFO:colcon.colcon_core.shell:Creating package script '/home/racecar/ros2_ws/src/Team10_GROS5/install/racecar_gazebo/share/racecar_gazebo/package.sh'
[13.999s] INFO:colcon.colcon_core.shell:Creating package script '/home/racecar/ros2_ws/src/Team10_GROS5/install/racecar_gazebo/share/racecar_gazebo/package.bash'
[14.000s] INFO:colcon.colcon_core.shell:Creating package script '/home/racecar/ros2_ws/src/Team10_GROS5/install/racecar_gazebo/share/racecar_gazebo/package.zsh'
[14.001s] Level 1:colcon.colcon_core.environment:create_file_with_runtime_dependencies(/home/racecar/ros2_ws/src/Team10_GROS5/install/racecar_gazebo/share/colcon-core/packages/racecar_gazebo)
[15.030s] DEBUG:colcon.colcon_core.event_handler.log_command:Invoked command in '/home/racecar/ros2_ws/src/Team10_GROS5/build/racecar_navigation' returned '0': AMENT_PREFIX_PATH=/home/racecar/ros2_ws/src/Team10_GROS5/install/racecar_bringup:/home/racecar/ros2_ws/src/Team10_GROS5/install/racecar_behaviors:${AMENT_PREFIX_PATH} DEBUGINFOD_URLS=https://debuginfod.ubuntu.com PYTHONPATH=/home/racecar/ros2_ws/src/Team10_GROS5/build/racecar_navigation/prefix_override:/usr/lib/python3/dist-packages/colcon_core/task/python/colcon_distutils_commands:/home/racecar/ros2_ws/src/Team10_GROS5/install/racecar_navigation/lib/python3.12/site-packages:/home/racecar/ros2_ws/src/Team10_GROS5/install/racecar_bringup/lib/python3.12/site-packages:/home/racecar/ros2_ws/src/Team10_GROS5/install/racecar_behaviors/lib/python3.12/site-packages:${PYTHONPATH} /usr/bin/python3 -W ignore:setup.py install is deprecated -W ignore:easy_install command is deprecated setup.py develop --uninstall --editable --build-directory /home/racecar/ros2_ws/src/Team10_GROS5/build/racecar_navigation/build
[15.033s] DEBUG:colcon.colcon_core.event_handler.log_command:Invoking command in '/home/racecar/ros2_ws/src/Team10_GROS5/racecar-ros2/racecar_navigation': AMENT_PREFIX_PATH=/home/racecar/ros2_ws/src/Team10_GROS5/install/racecar_bringup:/home/racecar/ros2_ws/src/Team10_GROS5/install/racecar_behaviors:${AMENT_PREFIX_PATH} DEBUGINFOD_URLS=https://debuginfod.ubuntu.com PYTHONPATH=/home/racecar/ros2_ws/src/Team10_GROS5/build/racecar_navigation/prefix_override:/usr/lib/python3/dist-packages/colcon_core/task/python/colcon_distutils_commands:/home/racecar/ros2_ws/src/Team10_GROS5/install/racecar_navigation/lib/python3.12/site-packages:/home/racecar/ros2_ws/src/Team10_GROS5/install/racecar_bringup/lib/python3.12/site-packages:/home/racecar/ros2_ws/src/Team10_GROS5/install/racecar_behaviors/lib/python3.12/site-packages:${PYTHONPATH} /usr/bin/python3 -W ignore:setup.py install is deprecated -W ignore:easy_install command is deprecated setup.py egg_info --egg-base ../../build/racecar_navigation build --build-base /home/racecar/ros2_ws/src/Team10_GROS5/build/racecar_navigation/build install --record /home/racecar/ros2_ws/src/Team10_GROS5/build/racecar_navigation/install.log --single-version-externally-managed install_data --force
[16.136s] Level 1:colcon.colcon_core.environment:checking '/home/racecar/ros2_ws/src/Team10_GROS5/install/racecar_navigation' for CMake module files
[16.137s] DEBUG:colcon.colcon_core.event_handler.log_command:Invoked command in '/home/racecar/ros2_ws/src/Team10_GROS5/racecar-ros2/racecar_navigation' returned '0': AMENT_PREFIX_PATH=/home/racecar/ros2_ws/src/Team10_GROS5/install/racecar_bringup:/home/racecar/ros2_ws/src/Team10_GROS5/install/racecar_behaviors:${AMENT_PREFIX_PATH} DEBUGINFOD_URLS=https://debuginfod.ubuntu.com PYTHONPATH=/home/racecar/ros2_ws/src/Team10_GROS5/build/racecar_navigation/prefix_override:/usr/lib/python3/dist-packages/colcon_core/task/python/colcon_distutils_commands:/home/racecar/ros2_ws/src/Team10_GROS5/install/racecar_navigation/lib/python3.12/site-packages:/home/racecar/ros2_ws/src/Team10_GROS5/install/racecar_bringup/lib/python3.12/site-packages:/home/racecar/ros2_ws/src/Team10_GROS5/install/racecar_behaviors/lib/python3.12/site-packages:${PYTHONPATH} /usr/bin/python3 -W ignore:setup.py install is deprecated -W ignore:easy_install command is deprecated setup.py egg_info --egg-base ../../build/racecar_navigation build --build-base /home/racecar/ros2_ws/src/Team10_GROS5/build/racecar_navigation/build install --record /home/racecar/ros2_ws/src/Team10_GROS5/build/racecar_navigation/install.log --single-version-externally-managed install_data --force
[16.137s] Level 1:colcon.colcon_core.environment:checking '/home/racecar/ros2_ws/src/Team10_GROS5/install/racecar_navigation' for CMake config files
[16.138s] Level 1:colcon.colcon_core.environment:checking '/home/racecar/ros2_ws/src/Team10_GROS5/install/racecar_navigation/lib'
[16.138s] Level 1:colcon.colcon_core.environment:checking '/home/racecar/ros2_ws/src/Team10_GROS5/install/racecar_navigation/bin'
[16.138s] Level 1:colcon.colcon_core.environment:checking '/home/racecar/ros2_ws/src/Team10_GROS5/install/racecar_navigation/lib/pkgconfig/racecar_navigation.pc'
[16.138s] Level 1:colcon.colcon_core.environment:checking '/home/racecar/ros2_ws/src/Team10_GROS5/install/racecar_navigation/lib/python3.12/site-packages'
[16.138s] Level 1:colcon.colcon_core.shell:create_environment_hook('racecar_navigation', 'pythonpath')
[16.139s] INFO:colcon.colcon_core.shell:Creating environment hook '/home/racecar/ros2_ws/src/Team10_GROS5/install/racecar_navigation/share/racecar_navigation/hook/pythonpath.ps1'
[16.139s] INFO:colcon.colcon_core.shell:Creating environment descriptor '/home/racecar/ros2_ws/src/Team10_GROS5/install/racecar_navigation/share/racecar_navigation/hook/pythonpath.dsv'
[16.140s] INFO:colcon.colcon_core.shell:Creating environment hook '/home/racecar/ros2_ws/src/Team10_GROS5/install/racecar_navigation/share/racecar_navigation/hook/pythonpath.sh'
[16.141s] Level 1:colcon.colcon_core.environment:checking '/home/racecar/ros2_ws/src/Team10_GROS5/install/racecar_navigation/bin'
[16.141s] Level 1:colcon.colcon_core.environment:create_environment_scripts_only(racecar_navigation)
[16.141s] INFO:colcon.colcon_core.shell:Creating package script '/home/racecar/ros2_ws/src/Team10_GROS5/install/racecar_navigation/share/racecar_navigation/package.ps1'
[16.142s] INFO:colcon.colcon_core.shell:Creating package descriptor '/home/racecar/ros2_ws/src/Team10_GROS5/install/racecar_navigation/share/racecar_navigation/package.dsv'
[16.143s] INFO:colcon.colcon_core.shell:Creating package script '/home/racecar/ros2_ws/src/Team10_GROS5/install/racecar_navigation/share/racecar_navigation/package.sh'
[16.143s] INFO:colcon.colcon_core.shell:Creating package script '/home/racecar/ros2_ws/src/Team10_GROS5/install/racecar_navigation/share/racecar_navigation/package.bash'
[16.144s] INFO:colcon.colcon_core.shell:Creating package script '/home/racecar/ros2_ws/src/Team10_GROS5/install/racecar_navigation/share/racecar_navigation/package.zsh'
[16.145s] Level 1:colcon.colcon_core.environment:create_file_with_runtime_dependencies(/home/racecar/ros2_ws/src/Team10_GROS5/install/racecar_navigation/share/colcon-core/packages/racecar_navigation)
[16.146s] DEBUG:colcon.colcon_parallel_executor.executor.parallel:closing loop
[16.146s] DEBUG:colcon.colcon_parallel_executor.executor.parallel:loop closed
[16.146s] DEBUG:colcon.colcon_parallel_executor.executor.parallel:run_until_complete finished with '0'
[16.147s] DEBUG:colcon.colcon_core.event_reactor:joining thread
[16.165s] INFO:colcon.colcon_core.plugin_system:Skipping extension 'colcon_notification.desktop_notification.terminal_notifier': Not used on non-Darwin systems
[16.165s] INFO:colcon.colcon_core.plugin_system:Skipping extension 'colcon_notification.desktop_notification.win32': Not used on non-Windows systems
[16.165s] INFO:colcon.colcon_notification.desktop_notification:Sending desktop notification using 'notify2'
[16.201s] DEBUG:colcon.colcon_core.event_reactor:joined thread
[16.201s] INFO:colcon.colcon_core.shell:Creating prefix script '/home/racecar/ros2_ws/src/Team10_GROS5/install/local_setup.ps1'
[16.202s] INFO:colcon.colcon_core.shell:Creating prefix util module '/home/racecar/ros2_ws/src/Team10_GROS5/install/_local_setup_util_ps1.py'
[16.204s] INFO:colcon.colcon_core.shell:Creating prefix chain script '/home/racecar/ros2_ws/src/Team10_GROS5/install/setup.ps1'
[16.207s] INFO:colcon.colcon_core.shell:Creating prefix script '/home/racecar/ros2_ws/src/Team10_GROS5/install/local_setup.sh'
[16.208s] INFO:colcon.colcon_core.shell:Creating prefix util module '/home/racecar/ros2_ws/src/Team10_GROS5/install/_local_setup_util_sh.py'
[16.210s] INFO:colcon.colcon_core.shell:Creating prefix chain script '/home/racecar/ros2_ws/src/Team10_GROS5/install/setup.sh'
[16.212s] INFO:colcon.colcon_core.shell:Creating prefix script '/home/racecar/ros2_ws/src/Team10_GROS5/install/local_setup.bash'
[16.217s] INFO:colcon.colcon_core.shell:Creating prefix chain script '/home/racecar/ros2_ws/src/Team10_GROS5/install/setup.bash'
[16.220s] INFO:colcon.colcon_core.shell:Creating prefix script '/home/racecar/ros2_ws/src/Team10_GROS5/install/local_setup.zsh'
[16.221s] INFO:colcon.colcon_core.shell:Creating prefix chain script '/home/racecar/ros2_ws/src/Team10_GROS5/install/setup.zsh'
